"filename","information_harm","sexual_harm","psychological_harm","hate_harassment_harm","clickbait_harm","addictive_harm","physical_harm"
"20260402174909.mp4","0","0","0","0","1","0","0"
"20260402174915.mp4","0","0","0","0","1","0","0"
"20260402174931.mp4","0","0","0","0","1","0","0"
"20260402174935.mp4","0","0","0","0","1","0","0"
"20260402174941.mp4","0","0","0","0","1","0","0"
"20260402174948.mp4","0","0","0","0","1","0","0"
"20260402175115.mp4","0","0","0","0","1","0","0"
"20260402173233.mp4","0","0","0","0","1","0","0"
"20260402173512.mp4","0","0","0","0","1","0","0"
"20260402173528.mp4","0","0","0","0","1","0","0"
"20260402173537.mp4","0","0","0","0","1","0","0"
"20260402173543.mp4","0","0","0","0","1","0","0"
"20260402173549.mp4","0","0","0","0","1","0","0"
"20260402173555.mp4","0","0","0","0","1","0","0"
"20260402173606.mp4","0","0","0","0","1","0","0"
"20260402173613.mp4","0","0","0","0","0","0","0"
"20260402173623.mp4","0","0","0","0","0","0","0"
"20260402173629.mp4","0","0","0","0","1","0","0"
"20260402173634.mp4","0","0","0","0","1","0","0"
"20260402173923.mp4","0","0","0","0","1","0","0"
"20260402173929.mp4","0","0","0","0","1","0","0"
"20260402173933.mp4","0","0","0","0","1","0","0"
"20260402173937.mp4","0","0","0","0","1","0","0"
"20260402174035.mp4","0","0","0","0","1","0","0"
"20260402174151.mp4","0","0","0","0","1","0","0"
"20260402174212.mp4","0","0","0","0","1","0","0"
"20260402174228.mp4","0","0","0","0","0","0","0"
"20260402174238.mp4","0","0","0","0","1","0","0"
"20260402174253.mp4","0","0","0","0","1","0","0"
"20260402174302.mp4","0","0","0","0","1","0","0"
"20260402174308.mp4","0","0","0","0","1","0","0"
"20260402174811.mp4","0","0","0","0","1","0","0"
"20260402174819.mp4","0","0","0","0","1","0","0"
"20260402174824.mp4","0","0","0","0","1","0","0"
"20260402174843.mp4","0","0","0","0","1","0","0"
"20260402174848.mp4","0","0","0","0","1","0","0"
"20260402174853.mp4","0","0","0","0","1","0","0"
"20260402174858.mp4","0","0","0","0","1","0","0"
"20260402174903.mp4","0","0","0","0","1","0","0"
"20260402180219.mp4","0","0","0","0","1","0","0"
"20260402180231.mp4","0","0","0","0","1","0","0"
"20260402180251.mp4","0","0","0","0","1","0","0"
"20260402180259.mp4","0","0","0","0","1","0","0"
"20260402180322.mp4","0","0","0","0","1","0","0"
"20260402180330.mp4","0","0","0","0","1","0","0"
"20260402175122.mp4","0","0","0","0","1","0","0"
"20260402175128.mp4","0","0","0","0","1","0","0"
"20260402175134.mp4","0","0","0","0","1","0","0"
"20260402175141.mp4","0","0","0","0","1","0","0"
"20260402175149.mp4","0","0","0","0","1","0","0"
"20260402175156.mp4","0","0","0","0","1","0","0"
"20260402175314.mp4","0","0","0","0","1","0","0"
"20260402175324.mp4","0","0","0","0","1","0","0"
"20260402175335.mp4","0","0","0","0","1","0","0"
"20260402175403.mp4","0","0","0","0","1","0","0"
"20260402175511-00.01.03.176-00.01.52.823.mp4","0","0","0","0","1","0","0"
"20260402175610.mp4","0","0","0","0","1","0","0"
"20260402175623.mp4","0","0","0","0","1","0","0"
"20260402175658.mp4","0","0","0","0","1","0","0"
"20260402175702.mp4","0","0","0","0","1","0","0"
"20260402175711.mp4","0","0","0","0","1","0","0"
"20260402175716.mp4","0","0","0","0","1","0","0"
"20260402175722.mp4","0","0","0","0","1","0","0"
"20260402175727.mp4","0","0","0","0","1","0","0"
"20260402175733.mp4","0","0","0","0","1","0","0"
"20260402175842.mp4","0","0","0","0","1","0","0"
"20260402175909.mp4","0","0","0","0","1","0","0"
"20260402175914.mp4","0","0","0","0","1","0","0"
"20260402175930.mp4","0","0","0","0","1","0","0"
"20260402175937.mp4","0","0","0","0","1","0","0"
"20260402175951.mp4","0","0","0","0","1","0","0"
"20260402180033.mp4","0","0","0","0","1","0","0"
"20260402180103.mp4","0","0","0","0","1","0","0"
"20260402180113.mp4","0","0","0","0","1","0","0"
"20260402180124.mp4","0","0","0","0","1","0","0"
"20260402180145.mp4","0","0","0","0","1","0","0"
"20260402180156.mp4","0","0","0","0","1","0","0"
"20260402180203.mp4","0","0","0","0","1","0","0"
"20260403095219.mp4","1","0","0","0","0","0","0"
"20260403095355.mp4","1","0","0","1","0","0","0"
"20260403095411.mp4","1","0","0","1","0","0","0"
"20260403095541.mp4","1","0","0","0","0","0","0"
"20260402180341.mp4","0","0","0","0","1","0","0"
"20260402180358.mp4","0","0","0","0","1","0","0"
"20260402180452.mp4","0","0","0","0","0","0","0"
"20260402180507.mp4","0","0","0","0","1","0","0"
"20260402180513.mp4","0","0","0","0","1","0","0"
"20260402180521.mp4","0","0","0","0","1","0","0"
"20260402180531.mp4","0","0","0","0","1","0","0"
"20260402180551.mp4","0","0","0","0","1","0","0"
"20260402180611.mp4","0","0","0","0","1","0","0"
"20260402180720.mp4","0","0","0","0","1","0","0"
"20260402180740-00.00.00.000-00.00.56.416.mp4","0","0","0","0","1","0","0"
"20260402180940.mp4","0","0","0","0","1","0","0"
"20260402181013.mp4","0","0","0","0","1","0","0"
"20260402181030.mp4","0","0","0","0","1","0","0"
"20260402181053.mp4","0","0","0","0","1","0","0"
"20260402181100.mp4","0","0","0","0","1","0","0"
"20260402181111.mp4","0","0","0","0","1","0","0"
"20260402181205.mp4","0","0","0","0","1","0","0"
"20260402181214.mp4","0","0","0","0","1","0","0"
"20260402181234.mp4","0","0","0","0","1","0","0"
"20260402181353.mp4","0","0","0","0","1","0","0"
"20260402181358.mp4","0","0","0","0","1","0","0"
"20260402181403.mp4","0","0","0","0","1","0","0"
"20260402181408.mp4","0","0","0","0","0","0","0"
"20260402181413.mp4","0","0","0","0","1","0","0"
"20260402181417.mp4","0","0","0","0","1","0","0"
"20260402181425.mp4","0","0","0","0","1","0","0"
"20260402181428.mp4","0","0","0","0","1","0","0"
"20260402181433.mp4","0","0","0","0","0","0","0"
"20260402181436.mp4","0","0","0","0","1","0","0"
"20260403092839.mp4","1","0","0","1","0","0","0"
"20260403094411-00.08.57.328-00.09.50.084.mp4","1","0","0","0","0","0","0"
"20260403095004.mp4","0","1","0","1","0","0","0"
"20260403104301.mp4","1","0","0","0","0","0","0"
"20260403104333.mp4","1","0","0","0","0","0","0"
"20260403104436.mp4","1","0","0","0","0","0","0"
"20260403104447.mp4","1","0","0","0","0","0","0"
"20260403104506.mp4","1","0","0","0","0","0","0"
"20260403105150.mp4","0","0","0","0","1","0","0"
"20260403105156.mp4","0","0","0","0","1","0","0"
"20260403105251.mp4","0","0","0","0","1","0","0"
"20260403105257.mp4","0","0","0","0","1","0","0"
"20260403105305.mp4","0","0","0","0","1","0","0"
"20260403105312.mp4","0","0","0","0","1","0","0"
"20260403105320.mp4","0","0","0","0","1","0","0"
"20260403095727.mp4","1","0","0","0","0","0","0"
"20260403095934.mp4","1","0","0","0","0","0","0"
"20260403095957.mp4","1","1","0","0","0","0","0"
"20260403100054.mp4","1","0","0","0","0","0","0"
"20260403100144.mp4","1","0","0","0","0","0","0"
"20260403100424.mp4","1","0","0","0","0","0","0"
"20260403100525.mp4","1","0","0","0","0","0","0"
"20260403102504.mp4","1","0","0","0","0","0","0"
"20260403102611.mp4","1","0","0","0","0","0","0"
"20260403102849.mp4","1","0","0","0","0","0","0"
"20260403102919.mp4","1","0","0","0","0","0","0"
"20260403103218.mp4","1","0","0","0","0","0","0"
"20260403103634.mp4","1","0","0","0","0","0","0"
"20260403103725.mp4","1","0","0","0","0","0","0"
"20260403103825.mp4","1","0","0","0","0","0","0"
"20260403103948.mp4","1","0","0","0","0","0","0"
"20260403103959.mp4","1","0","0","0","0","0","0"
"20260403104035.mp4","1","0","0","0","0","0","0"
"20260403104124.mp4","1","0","0","0","0","0","0"
"20260403104200.mp4","1","0","0","0","0","0","0"
"77db40cc-7440405424484011271-00.04.14.606-00.05.31.431-seg5.mp4","0","0","0","0","0","0","0"
"77db40cc-7440405424484011271-00.05.31.431-00.06.15.567-seg6.mp4","0","0","0","0","0","0","0"
"861baca8-7565897061443341588-00.00.00.000-00.00.45.645-seg1.mp4","0","0","0","0","0","0","0"
"3d9c5cfb-7149178738469588250-00.00.00.000-00.00.57.988-seg1.mp4","0","0","0","0","0","0","0"
"3d9c5cfb-7149178738469588250-00.00.57.988-00.02.00.761-seg2.mp4","0","0","0","0","0","0","0"
"3d9c5cfb-7149178738469588250-00.02.00.761-00.03.00.438-seg3.mp4","0","0","0","0","0","0","0"
"3d9c5cfb-7149178738469588250-00.03.00.438-00.04.00.115-seg4.mp4","0","0","0","0","0","0","0"
"3d9c5cfb-7149178738469588250-00.04.00.115-00.05.02.044-seg5.mp4","0","0","0","0","0","0","0"
"3d9c5cfb-7149178738469588250-00.05.02.044-00.05.59.188-seg6.mp4","0","0","0","0","0","0","0"
"3d9c5cfb-7149178738469588250-00.05.59.188-00.07.00.835-seg7.mp4","0","0","0","0","0","0","0"
"3d9c5cfb-7149178738469588250-00.07.00.835-00.08.00.512-seg8.mp4","0","0","0","0","0","0","0"
"9cce84e5-7564446862678166791-00.00.00.000-00.01.01.257-seg1.mp4","0","0","0","0","0","0","0"
"9cce84e5-7564446862678166791-00.01.01.257-00.01.59.536-seg2.mp4","0","0","0","0","0","0","0"
"9cce84e5-7564446862678166791-00.01.59.536-00.03.00.322-seg3.mp4","0","0","0","0","0","0","0"
"9cce84e5-7564446862678166791-00.03.00.322-00.04.00.269-seg4.mp4","0","0","0","0","0","0","0"
"9cce84e5-7564446862678166791-00.04.00.269-00.05.00.372-seg5.mp4","0","0","0","0","0","0","0"
"9cce84e5-7564446862678166791-00.05.00.372-00.05.15.141-seg6.mp4","0","0","0","0","0","0","0"
"77db40cc-7440405424484011271-00.00.00.000-00.01.00.284-seg1.mp4","0","0","0","0","0","0","0"
"77db40cc-7440405424484011271-00.01.00.284-00.02.02.119-seg2.mp4","0","0","0","0","0","0","0"
"77db40cc-7440405424484011271-00.02.02.119-00.03.12.792-seg3.mp4","0","0","0","0","0","0","0"
"77db40cc-7440405424484011271-00.03.12.792-00.04.14.606-seg4.mp4","0","0","0","0","0","0","0"
"20260331143614-00.03.35.197-00.04.48.389-seg4.mp4","0","0","0","0","0","0","1"
"20260331143614-00.04.57.101-00.06.29.433-seg5.mp4","0","0","0","1","0","0","1"
"20260401173116-00.00.03.691-00.01.50.622-seg1.mp4","0","0","0","1","0","0","1"
"20260401173116-00.01.56.694-00.03.37.985-seg2.mp4","0","0","0","1","0","0","1"
"20260401173116-00.03.41.034-00.05.31.867-seg3.mp4","0","0","0","1","0","0","1"
"861baca8-7565897061443341588-00.00.45.645-00.01.11.439-seg2.mp4","0","0","0","0","0","0","0"
"861baca8-7565897061443341588-00.01.11.439-00.02.50.138-seg3.mp4","0","0","0","0","0","0","0"
"861baca8-7565897061443341588-00.02.50.138-00.05.05.099-seg4.mp4","0","0","0","0","0","0","0"
"861baca8-7565897061443341588-00.05.05.099-00.07.34.996-seg5.mp4","0","0","0","0","0","0","0"
"910a4f38-7178162407972457774-00.00.00.000-00.01.41.759-seg1.mp4","0","0","0","0","0","0","0"
"910a4f38-7178162407972457774-00.01.42.822-00.02.27.422-seg2.mp4","0","0","0","0","0","0","0"
"910a4f38-7178162407972457774-00.02.28.287-00.03.11.192-seg3.mp4","0","0","0","0","0","0","0"
"910a4f38-7178162407972457774-00.03.11.432-00.03.45.249-seg4.mp4","0","0","0","0","0","0","0"
"910a4f38-7178162407972457774-00.03.46.107-00.04.53.342-seg5.mp4","0","0","0","0","0","0","0"
"910a4f38-7178162407972457774-00.04.56.092-00.06.57.376-seg6.mp4","0","0","0","0","0","0","0"
"20260331133253-00.00.18.698-00.01.39.776-seg1.mp4","0","0","0","1","0","0","0"
"20260331133253-00.01.43.052-00.03.02.505-seg2.mp4","0","0","0","1","0","0","0"
"20260331133253-00.03.51.730-00.05.26.036-seg3.mp4","0","0","0","0","0","0","1"
"20260331140555-00.00.00.000-00.02.25.874-seg1.mp4","0","0","0","1","0","0","1"
"20260331140555-00.02.47.630-00.03.56.786-seg2.mp4","0","0","0","1","0","0","1"
"20260331143552-00.01.10.113-00.02.19.907-seg1.mp4","0","0","0","0","0","0","1"
"20260331143552-00.02.27.264-00.03.27.911-seg2.mp4","0","0","0","0","0","0","1"
"20260331143552-00.04.03.229-00.06.37.770-seg3.mp4","0","0","0","0","0","0","1"
"20260331143614-00.00.00.000-00.01.10.566-seg1.mp4","0","0","0","0","0","0","1"
"20260331143614-00.01.29.135-00.02.32.385-seg2.mp4","0","0","0","0","0","0","1"
"20260331143614-00.02.33.996-00.03.34.588-seg3.mp4","0","0","0","1","0","0","1"
"fb4a6094-7614532428358831380-00.04.22.357-00.06.20.923-seg3.mp4","0","0","0","0","0","0","0"
"aa37d697-7619581941611924743-00.00.00.000-00.00.30.409-seg1.mp4","0","0","0","0","0","0","0"
"aa37d697-7619581941611924743-00.01.31.829-00.03.09.196-seg2.mp4","0","0","0","0","0","0","0"
"aa37d697-7619581941611924743-00.03.11.012-00.04.22.591-seg3.mp4","0","0","0","0","0","0","0"
"aa37d697-7619581941611924743-00.04.23.334-00.05.19.760-seg4.mp4","0","0","0","0","0","0","0"
"c6d94d54-7429941664845778192-00.00.10.962-00.01.55.100-seg1.mp4","0","0","0","0","0","0","0"
"c6d94d54-7429941664845778192-00.01.57.233-00.03.53.854-seg2.mp4","0","0","0","0","0","0","0"
"c6d94d54-7429941664845778192-00.03.54.442-00.05.11.867-seg3.mp4","0","0","0","0","0","0","0"
"cfc149c8-7278200337721314592-00.00.00.000-00.00.55.735-seg1.mp4","0","0","0","1","0","0","0"
"cfc149c8-7278200337721314592-00.01.23.642-00.01.54.682-seg2.mp4","0","0","0","1","0","0","0"
"cfc149c8-7278200337721314592-00.02.08.934-00.03.06.183-seg3.mp4","0","0","0","1","0","0","0"
"e63fb26d-7522795493139778823-00.00.00.000-00.02.32.184-seg1.mp4","0","0","0","0","0","0","0"
"e63fb26d-7522795493139778823-00.02.32.184-00.04.10.379-seg2.mp4","0","0","0","0","0","0","0"
"e63fb26d-7522795493139778823-00.04.10.379-00.06.13.006-seg3.mp4","0","0","0","0","0","0","0"
"f1b3122b-7505972272864185620-00.00.00.000-00.01.13.687-seg1.mp4","0","0","0","0","0","0","0"
"f1b3122b-7505972272864185620-00.01.14.023-00.02.33.475-seg2.mp4","0","0","0","0","0","0","0"
"f1b3122b-7505972272864185620-00.02.33.475-00.03.42.958-seg3.mp4","0","0","0","0","0","0","0"
"f1b3122b-7505972272864185620-00.03.42.958-00.05.04.717-seg4.mp4","0","0","0","0","0","0","0"
"fb4a6094-7614532428358831380-00.00.08.483-00.02.31.350-seg1.mp4","0","0","0","0","0","0","0"
"fb4a6094-7614532428358831380-00.02.31.350-00.04.22.357-seg2.mp4","0","0","0","0","0","0","0"
"20260401165404.mp4","0","0","0","0","0","0","1"
"20260401165418.mp4","0","0","0","0","0","0","1"
"20260401165431.mp4","0","1","0","0","0","0","1"
"20260401165450.mp4","0","0","0","0","0","0","1"
"20260401165524.mp4","0","0","0","0","0","0","1"
"20260401165601.mp4","0","0","0","0","0","0","1"
"20260401163814.mp4","0","0","0","0","0","0","1"
"20260401163841.mp4","0","0","0","0","0","0","1"
"20260401163900.mp4","0","0","0","0","0","0","1"
"20260401163908.mp4","0","0","0","0","0","0","1"
"20260401163944.mp4","0","0","0","0","0","0","1"
"20260401163956.mp4","0","0","0","0","0","0","1"
"20260401164120.mp4","0","0","0","0","0","0","1"
"20260401164141.mp4","0","0","0","0","0","0","1"
"20260401164153.mp4","0","1","0","0","0","0","1"
"20260401164258.mp4","0","0","0","0","0","0","1"
"20260401164422.mp4","0","0","0","0","0","0","1"
"20260401164436.mp4","0","0","0","0","0","0","1"
"20260401164634.mp4","0","0","0","0","0","0","1"
"20260401164750.mp4","0","0","0","0","0","0","1"
"20260401164835.mp4","0","0","0","0","0","0","1"
"20260401164912.mp4","0","0","0","0","0","0","1"
"20260401164931.mp4","0","0","0","0","0","0","1"
"20260401164941.mp4","0","0","0","0","0","0","1"
"20260401164946.mp4","0","0","0","0","0","0","1"
"20260401164956.mp4","0","0","0","0","0","0","1"
"20260401165008.mp4","0","0","0","0","0","0","1"
"20260401165018.mp4","0","0","0","0","0","0","1"
"20260401165024.mp4","0","0","0","0","0","0","1"
"20260401165038.mp4","0","0","0","0","0","0","1"
"20260401165047.mp4","0","0","0","0","0","0","1"
"20260401165249.mp4","0","0","0","0","0","0","1"
"20260401165255.mp4","0","0","0","0","0","0","1"
"20260401165305.mp4","0","0","0","0","0","0","1"
"20260401165316.mp4","0","0","0","0","0","0","1"
"20260401165324.mp4","0","0","0","0","0","0","1"
"20260401165339.mp4","0","0","0","0","0","0","1"
"20260401165352.mp4","0","0","0","0","0","0","1"
"20260401172116.mp4","0","0","0","0","0","0","1"
"20260401172121.mp4","0","0","0","0","0","0","1"
"20260401172139.mp4","0","0","0","0","0","0","1"
"20260401172148.mp4","0","0","0","0","0","0","1"
"20260401172228.mp4","0","0","0","0","0","0","1"
"20260401172250.mp4","0","0","0","0","0","0","1"
"20260401172417.mp4","0","0","0","0","0","0","1"
"20260401165628.mp4","0","0","0","0","0","0","1"
"20260401165638.mp4","0","0","0","0","0","0","1"
"20260401165650.mp4","0","0","0","0","0","0","1"
"20260401165941.mp4","0","0","0","0","0","0","1"
"20260401165948.mp4","0","0","0","0","0","0","1"
"20260401165955.mp4","0","0","0","0","0","0","1"
"20260401170001.mp4","0","0","0","0","0","0","1"
"20260401170007.mp4","0","0","0","0","0","0","1"
"20260401171107.mp4","0","0","0","0","0","0","1"
"20260401171113.mp4","0","0","0","0","0","0","1"
"20260401171151.mp4","0","0","0","0","0","0","1"
"20260401171233.mp4","0","0","0","0","0","0","1"
"20260401171245.mp4","0","1","0","0","0","0","1"
"20260401171256.mp4","0","0","0","0","0","0","1"
"20260401171322.mp4","0","0","0","0","0","0","1"
"20260401171334.mp4","0","0","0","0","0","0","1"
"20260401171355.mp4","0","0","0","0","0","0","1"
"20260401171358.mp4","0","0","0","0","0","0","1"
"20260401171406.mp4","0","0","0","0","0","0","1"
"20260401171414.mp4","0","0","0","0","0","0","1"
"20260401171424.mp4","0","0","0","0","0","0","1"
"20260401171440.mp4","0","0","0","0","0","0","1"
"20260401171446.mp4","0","0","0","0","0","0","1"
"20260401171921.mp4","0","0","0","0","0","0","1"
"20260401171930.mp4","0","0","0","0","0","0","1"
"20260401171941.mp4","0","0","0","0","0","0","1"
"20260401171948.mp4","0","0","0","0","0","0","1"
"20260401171955.mp4","0","0","0","0","0","0","1"
"20260401172023.mp4","0","0","0","0","0","0","1"
"20260401172043.mp4","0","0","0","0","0","0","1"
"20260401172107.mp4","0","0","0","0","0","0","1"
"20260401172822.mp4","0","0","0","0","0","0","1"
"20260401173023.mp4","0","0","0","1","0","0","1"
"20260401173028.mp4","0","0","0","0","0","0","1"
"20260401173035.mp4","0","0","0","0","0","0","1"
"20260401173041.mp4","0","0","0","1","0","0","1"
"20260401172541.mp4","0","0","0","1","0","0","0"
"20260401172725.mp4","0","0","0","1","0","0","1"
"20260401172739.mp4","0","0","0","0","0","0","1"
"20260401172806.mp4","0","0","0","1","0","0","1"
"20260401172809.mp4","0","0","0","1","0","0","1"
"20260401172814.mp4","0","0","0","1","0","0","1"
"20260401172819.mp4","0","0","0","0","0","0","1"
"20260401173150.mp4","0","0","0","1","0","0","1"
"20260401173158.mp4","0","0","0","0","0","0","1"
"20260401173316.mp4","0","0","0","0","0","0","1"
"20260401173431.mp4","0","0","0","0","0","0","1"
"20260401173048.mp4","0","0","0","0","0","0","1"
"20260401173057.mp4","0","0","0","0","0","0","1"
"20260401173102.mp4","0","0","0","1","0","0","1"
"20260401173123.mp4","0","0","0","1","0","0","1"
"20260401173131.mp4","0","0","0","1","0","0","1"
"20260401173141.mp4","0","0","0","1","0","0","1"
"20260401173146.mp4","0","0","0","1","0","0","1"
"20260401214521.mp4","0","0","0","0","0","0","1"
"20260401214528.mp4","0","0","0","0","0","0","1"
"20260401214536.mp4","0","0","0","0","0","0","1"
"20260401214704.mp4","0","0","0","0","0","0","1"
"20260401214723.mp4","0","0","0","0","0","0","1"
"20260401173544.mp4","0","0","0","1","0","0","1"
"20260401213115.mp4","0","0","0","0","0","0","1"
"20260401213138.mp4","0","0","0","1","0","0","1"
"20260401213245.mp4","0","0","0","1","0","0","1"
"20260401213313.mp4","0","0","0","1","0","0","1"
"20260401213320.mp4","0","0","0","1","0","0","1"
"20260401213447.mp4","0","0","0","1","0","0","1"
"20260401214510.mp4","0","0","0","1","0","0","1"
"20260401215622.mp4","0","0","0","1","0","0","1"
"20260401215641.mp4","0","0","0","1","0","0","1"
"20260401215659.mp4","0","0","0","0","0","0","1"
"20260401215706.mp4","0","0","0","1","0","0","1"
"20260401215819.mp4","0","0","0","0","0","0","1"
"20260401214727.mp4","0","0","0","0","0","0","1"
"20260401214832.mp4","0","0","0","0","0","0","1"
"20260401215034.mp4","0","0","0","0","0","0","1"
"20260401215040.mp4","0","0","0","0","0","0","1"
"20260401215120.mp4","0","0","0","0","0","0","1"
"20260401215133.mp4","0","0","0","0","0","0","1"
"20260401215158.mp4","0","0","0","0","0","0","1"
"20260401215213.mp4","0","0","0","0","0","0","1"
"20260401215421.mp4","0","0","0","1","0","0","1"
"20260401215428.mp4","0","0","0","1","0","0","1"
"20260401215447.mp4","0","0","0","1","0","0","1"
"20260401215501.mp4","0","0","0","1","0","0","1"
"20260401215520.mp4","0","0","0","1","0","0","1"
"20260401215532.mp4","0","0","0","1","0","0","1"
"20260401215540.mp4","0","0","0","1","0","0","1"
"20260401215554.mp4","0","0","0","1","0","0","1"
"20260401215600.mp4","0","0","0","1","0","0","1"
"20260401215605.mp4","0","0","0","1","0","0","1"
"20260401215610.mp4","0","0","0","1","0","0","1"
"20260401215618.mp4","0","0","0","1","0","0","1"
"20260401220214.mp4","0","0","0","1","0","0","1"
"20260401220241.mp4","0","0","0","1","0","0","1"
"20260401220247.mp4","0","0","0","1","0","0","1"
"20260401220257.mp4","0","0","0","1","0","0","1"
"20260401220305.mp4","0","0","0","1","0","0","1"
"20260401220317.mp4","0","0","0","1","0","0","1"
"20260401215825.mp4","0","0","0","1","0","0","1"
"20260401215834.mp4","0","0","0","1","0","0","1"
"20260401215848.mp4","0","0","0","1","0","0","1"
"20260401215854.mp4","0","0","0","1","0","0","1"
"20260401215912.mp4","0","0","0","1","0","0","1"
"20260401215919.mp4","0","0","0","1","0","0","1"
"20260401215942.mp4","0","0","0","1","0","0","1"
"20260401215956.mp4","0","0","0","1","0","0","1"
"20260401220003.mp4","0","0","0","1","0","0","1"
"20260401220036.mp4","0","0","0","1","0","0","1"
"20260401220043.mp4","0","0","0","1","0","0","1"
"20260401220107.mp4","0","0","0","1","0","0","1"
"20260401220114.mp4","0","0","0","1","0","0","1"
"20260401220123.mp4","0","0","0","1","0","0","1"
"20260401220128.mp4","0","0","0","1","0","0","1"
"20260401220132.mp4","0","0","0","1","0","0","1"
"20260401220144.mp4","0","0","0","1","0","0","1"
"20260401220209.mp4","0","0","0","1","0","0","1"
"20260401220625.mp4","0","0","0","1","0","0","1"
"20260401220641.mp4","0","0","0","0","0","0","1"
"20260401220647.mp4","0","0","0","1","0","0","1"
"20260401220652.mp4","0","0","0","1","0","0","1"
"20260401220335.mp4","0","0","0","0","0","0","1"
"20260401220405.mp4","0","0","0","1","0","0","1"
"20260401220424.mp4","0","0","0","1","0","0","1"
"20260401220430.mp4","0","0","0","1","0","0","1"
"20260401220447.mp4","0","0","0","1","0","0","1"
"20260401220451.mp4","0","0","0","1","0","0","1"
"20260401220602.mp4","0","0","0","1","0","0","1"
"20260401221523.mp4","0","0","0","0","0","0","1"
"20260401221544.mp4","0","0","0","0","0","0","1"
"20260401221602.mp4","0","0","0","0","0","0","1"
"20260401221606.mp4","0","0","0","0","0","0","1"
"20260401221653.mp4","0","0","0","0","0","0","1"
"20260401220816.mp4","0","0","0","0","0","0","1"
"20260401220823.mp4","0","0","0","0","0","0","1"
"20260401220838.mp4","0","0","0","0","0","0","1"
"20260401220930.mp4","0","0","0","0","0","0","1"
"20260401221251.mp4","0","0","0","0","0","0","1"
"20260401221318.mp4","0","0","0","0","0","0","1"
"20260401221446.mp4","0","0","0","0","0","0","1"
"20260401222340.mp4","0","0","0","0","0","0","1"
"20260401222350.mp4","0","0","0","0","0","0","1"
"20260401222407.mp4","0","0","0","0","0","0","1"
"20260401223725.mp4","0","0","0","0","0","0","1"
"20260401223749.mp4","0","0","0","0","0","0","1"
"20260401221717.mp4","0","0","0","0","0","0","1"
"20260401221816.mp4","0","0","0","1","0","0","1"
"20260401221910.mp4","0","0","0","0","0","0","1"
"20260401221918.mp4","0","0","0","0","0","0","1"
"20260401221931.mp4","0","0","0","0","0","0","1"
"20260401221942.mp4","0","0","0","0","0","0","1"
"20260401221956.mp4","0","0","0","0","0","0","1"
"20260401222018.mp4","0","0","0","0","0","0","1"
"20260401222023.mp4","0","0","0","0","0","0","1"
"20260401222033.mp4","0","0","0","0","0","0","1"
"20260401222038.mp4","0","0","0","0","0","0","1"
"20260401222056.mp4","0","0","0","0","0","0","1"
"20260401222105.mp4","0","0","0","0","0","0","1"
"20260401222112.mp4","0","0","0","0","0","0","1"
"20260401222117.mp4","0","0","0","0","0","0","1"
"20260401222134.mp4","0","0","0","0","0","0","1"
"20260401222146.mp4","0","0","0","0","0","0","1"
"20260401222208.mp4","0","0","0","0","0","0","1"
"20260401222249.mp4","0","0","0","0","0","0","1"
"20260401222258.mp4","0","0","0","0","0","0","1"
"20260401222326.mp4","0","0","0","0","0","0","1"
"20260401225320.mp4","0","0","0","0","0","0","1"
"20260401225352.mp4","0","0","0","0","0","0","1"
"20260401225422.mp4","0","0","0","0","0","0","1"
"20260401223809.mp4","0","0","0","0","0","0","1"
"20260401223845.mp4","0","0","0","0","0","0","1"
"20260401223907.mp4","0","0","0","0","0","0","1"
"20260401223918.mp4","0","0","0","0","0","0","1"
"20260401224612.mp4","0","0","0","1","1","0","0"
"a03d6834-6832004044026891525.mp4","0","0","0","0","0","1","0"
"5e267313-6913165052891696390.mp4","0","0","0","0","0","1","0"
"eae53011-6978157272509861122.mp4","0","0","0","0","0","1","0"
"1f2f56ce-7103860404505300230.mp4","0","0","0","0","0","1","0"
"01af499d-7139725572657204485.mp4","0","0","0","0","0","1","0"
"478fd829-7154403432672087323.mp4","0","0","0","0","0","1","0"
"072b8a5c-7165191770601475333.mp4","0","0","0","0","0","1","0"
"a58144d9-7182158606165380378.mp4","0","0","0","0","0","1","0"
"8853afea-7186370354263166214.mp4","0","0","0","0","0","1","0"
"0fe47c22-7187431718180113670.mp4","0","0","0","0","0","1","0"
"4b4c65e3-7204420089943297285.mp4","0","0","0","0","0","1","0"
"57f14392-7213453434547145989.mp4","0","0","0","0","0","1","0"
"33e8886a-7216664381340273926.mp4","0","0","0","0","0","1","0"
"92bebff4-7224479335892208897.mp4","0","0","0","0","0","1","0"
"7fd2b733-7274408212563103009.mp4","0","0","0","0","0","1","0"
"b48d166f-7275425423733935392.mp4","0","0","0","0","0","1","0"
"4bdb5432-7286514011661782279.mp4","0","0","0","0","0","1","0"
"8d3d2c54-7311356774362271008.mp4","0","0","0","0","0","1","0"
"663999aa-7312079870530522373.mp4","0","0","0","0","0","1","0"
"9f3a79a3-7343984036047621382.mp4","0","0","0","0","0","1","0"
"47ce1827-7360337753797561601.mp4","0","0","0","0","0","1","0"
"99b0748e-7380721955156020498.mp4","0","0","0","0","0","1","0"
"fa0e148f-7384439319773105426.mp4","0","0","0","0","0","1","0"
"d14c9131-7386269296495774977.mp4","0","0","0","0","0","1","0"
"104d8ad9-7398546216839105797.mp4","0","0","0","0","0","1","0"
"97cd3db2-7441987394926120199.mp4","0","0","0","0","0","1","0"
"348c83a3-7468430097347857669.mp4","0","0","0","0","0","1","0"
"1ce2bae5-7481771001131502855.mp4","0","0","0","0","0","1","0"
"75e78c3e-7498704945575709982.mp4","0","0","0","0","0","1","0"
"9a87e6b3-7499807500858969375.mp4","0","0","0","0","0","1","0"
"808c498b-7501258427755236638.mp4","0","0","0","0","0","1","0"
"61ac4e36-7502426344203062559.mp4","0","0","0","0","0","1","0"
"ac35dee4-7502744779483024671.mp4","0","0","0","0","0","1","0"
"6053086a-7508338275032010015.mp4","0","0","0","0","0","1","0"
"6ca7eedf-7510161703187811614.mp4","0","0","0","0","0","1","0"
"4233ab15-7523524473350278431.mp4","0","0","0","0","0","1","0"
"c535ad29-7523740030351838495.mp4","0","0","0","0","0","1","0"
"23933c81-7525381266821221663.mp4","0","0","0","0","0","1","0"
"3d38e00d-7528704233953037599.mp4","0","0","0","0","0","1","0"
"e4762e1c-7535931907687632134.mp4","0","0","0","0","0","1","0"
"adaafd6c-7536876402143005983.mp4","0","0","0","0","0","1","0"
"c8ace267-7537681458979163422.mp4","0","0","0","0","0","1","0"
"bebf6d16-7538363407146241310.mp4","0","0","0","0","0","1","0"
"e39852b1-7539854826088205599.mp4","0","0","0","0","0","1","0"
"5c23f7bf-7569619039744445727.mp4","0","0","0","0","0","1","0"
"05d97d54-7577328911730642206.mp4","0","0","0","0","0","1","0"
"85751f06-7584368021846641951.mp4","0","0","0","0","0","1","0"
"345c1ffb-7586283611947601174.mp4","0","0","0","0","0","1","0"
"43bf801e-7590584612003335446.mp4","0","0","0","0","0","1","0"
"b5821cb4-7590653523545623830.mp4","0","0","0","0","0","1","0"
"ddf7c65d-7590688756252937494.mp4","0","0","0","0","0","1","0"
"66f7fcdd-7591393794109558071.mp4","0","0","0","0","0","1","0"
"42feda67-7593400965391224097.mp4","0","0","0","0","0","1","0"
"bddc146f-7593619104393596192.mp4","0","0","0","0","0","1","0"
"075a2ae2-7594704412719828246.mp4","0","0","0","0","0","1","0"
"50e1d911-7610656336824519949.mp4","0","0","0","0","0","1","0"
"f0001b0c-7611206212717120782.mp4","0","0","0","0","0","1","0"
"a5f0ea72-7612117303563521294.mp4","0","0","0","0","0","1","0"
"e02bbf8c-7617322940098432269.mp4","0","0","0","0","0","1","0"
"770ffb96-7617730601394670861.mp4","0","0","0","0","0","1","0"
"984c6d30-7617838343463767326.mp4","0","0","0","0","0","1","0"
"2e3d720b-7618061380653993230.mp4","0","0","0","0","0","1","0"
"0366e5cc-7618500376039361813.mp4","0","0","0","0","0","1","0"
"51357593-7618523423626530069.mp4","0","0","0","0","0","1","0"
"b508d663-7618671514212289812.mp4","0","0","0","0","0","1","0"
"259a9fe2-7618850501500685582.mp4","0","0","0","0","0","1","0"
"1f75ff2d-7618854673717447957.mp4","0","0","0","0","0","1","0"
"51316f56-7619039963148995861.mp4","0","0","0","0","0","1","0"
"e136c37a-7619624795222592781.mp4","0","0","0","0","0","1","0"
"65ce181a-7620313707725212942.mp4","0","0","0","0","0","1","0"
"402948df-7620440602563431694.mp4","0","0","0","0","0","1","0"
"077bb4ce-7620513655653797141.mp4","0","0","0","0","0","1","0"
"8b8edae0-7620548750435552533.mp4","0","0","0","0","0","1","0"
"ae66c0f8-7620994368081546510.mp4","0","0","0","0","0","1","0"
"a814204d-7621297465941134612.mp4","0","0","0","0","0","1","0"
"e635b09c-7621464772814359821.mp4","0","0","0","0","0","1","0"
"ff4090e2-7622029380646178066.mp4","0","0","0","0","0","1","0"
"c690ff3a-7622065185234177287.mp4","0","0","0","0","0","1","0"
"2c2d6f37-7622188269865880846.mp4","0","0","0","0","0","1","0"
"6f398a4e-7622375875761229063.mp4","0","0","0","0","0","1","0"
"9a1f451b-7622752116565724423.mp4","0","0","0","0","0","1","0"
"3eb1b873-7622788848875031816.mp4","0","0","0","0","0","1","0"
"bdb4575c-7623101966859668744.mp4","0","0","0","0","0","1","0"
"6ed0f086-7623143009709870343.mp4","0","0","0","0","0","1","0"
"78400278-7623299398218304781.mp4","0","0","0","0","0","1","0"
"b24c7fce-7623326611424906526.mp4","0","0","0","0","0","1","0"
"b0c16666-7623443272094059783.mp4","0","0","0","0","0","1","0"
"ecf1491d-7623493721773870343.mp4","0","0","0","0","0","1","0"
"6e006dff-7623704385415171342.mp4","0","0","0","0","0","1","0"
"63a1dad1-7623720524362894605.mp4","0","0","0","0","0","1","0"
"a46f4617-7623740018179296526.mp4","0","0","0","0","0","1","0"
"bfd8543d-7623751724896881933.mp4","0","0","0","0","0","1","0"
"fe88ff76-7623777450043936014.mp4","0","0","0","0","0","1","0"
"2d00c262-7075182048012520731.mp4","0","0","0","0","0","0","0"
"4687e9a7-7191090214599707930.mp4","0","0","0","0","0","0","0"
"eba11ae9-7209663999250582811.mp4","0","0","0","0","0","0","0"
"b511608f-7231580581111368966.mp4","0","0","0","0","0","0","0"
"5eacd2d8-7233716831238835499.mp4","0","0","0","0","0","0","0"
"0924c47f-7257894765931334917.mp4","0","0","0","0","0","0","0"
"e1b2561f-7261608280135339270.mp4","0","0","0","0","0","0","0"
"abf1c7bf-7286435889104964866.mp4","0","0","0","0","0","0","0"
"f8d55909-7367354766923468050.mp4","0","0","0","0","0","0","0"
"1eddc970-7368094233787452680.mp4","0","0","0","0","0","0","0"
"eb77cf2e-7368449851438173448.mp4","0","0","0","0","0","0","0"
"77a95f38-7369566733222415623.mp4","0","0","0","0","0","0","0"
"c57879be-7378434601510800648.mp4","0","0","0","0","0","0","0"
"e4902a0f-7379207930333187344.mp4","0","0","0","0","0","0","0"
"77e4c94e-7380791798530133256.mp4","0","0","0","0","0","0","0"
"e14dbe93-7382149215910153493.mp4","0","0","0","0","0","0","0"
"9967c686-7384033961074363666.mp4","0","0","0","0","0","0","0"
"a21b6f09-7386239451787218194.mp4","0","0","0","0","0","0","0"
"926a9e17-7390706555504610576.mp4","0","0","0","0","0","0","0"
"5ecd734b-7391813508343663873.mp4","0","0","0","0","0","0","0"
"6d3bdd5c-7392593807130348816.mp4","0","0","0","0","0","0","0"
"7ec9e9cf-7403337332289539345.mp4","0","0","0","0","0","0","0"
"fdde0a94-7405167016090291477.mp4","0","0","0","0","0","0","0"
"3efe9ef4-7408963998126853392.mp4","0","0","0","0","0","0","0"
"994ab830-7416673563417201928.mp4","0","0","0","0","0","0","0"
"5c7f4dbf-7424390725653105938.mp4","0","0","0","0","0","0","0"
"3cd30337-7425467019778100488.mp4","0","0","0","0","0","0","0"
"c8aa89b1-7428429648553331976.mp4","0","0","0","0","0","0","0"
"bdd93c86-7428784445118827783.mp4","0","0","0","0","0","0","0"
"c95842dd-7430655272076578069.mp4","0","0","0","0","0","0","0"
"268ddbca-7432524268522573077.mp4","0","0","0","0","0","0","0"
"dae81ee0-7435963922055810311.mp4","0","0","0","0","0","0","0"
"17e75e05-7436595982139133191.mp4","0","0","0","0","0","0","0"
"3cd0a75a-7437724421395139857.mp4","0","0","0","0","0","0","0"
"f962d3a4-7442540348758314258.mp4","0","0","0","0","0","0","0"
"1da4ef9d-7459699120329018631.mp4","0","0","0","0","0","0","0"
"4a6b5ca4-7460398016399199506.mp4","0","0","0","0","0","0","0"
"986319fb-7460774184625458439.mp4","0","0","0","0","0","0","0"
"a89dedff-7461900144368291090.mp4","0","0","0","0","0","0","0"
"0675bf4c-7463821816528702727.mp4","0","0","0","0","0","0","0"
"812cb2cc-7469366636441586952.mp4","0","0","0","0","0","0","0"
"ba2c0951-7469745302157790484.mp4","0","0","0","0","0","0","0"
"30e0e9a2-7470486278702730503.mp4","0","0","0","0","0","0","0"
"01b7fb91-7475228152055303431.mp4","0","0","0","0","0","0","0"
"30ec6485-7477249049821793558.mp4","0","0","0","0","0","0","0"
"e0f13bb1-7479099660028611862.mp4","0","0","0","0","0","0","0"
"8990ff80-7479099852777950486.mp4","0","0","0","0","0","0","0"
"fa8fc16b-7483465667505589522.mp4","0","0","0","0","0","0","0"
"3ac77a53-7484191701758741778.mp4","0","0","0","0","0","0","0"
"f3d65519-7485308106205924626.mp4","0","0","0","0","0","0","0"
"fef7077d-7494982028497145095.mp4","0","0","0","0","0","0","0"
"5d0dd016-7496093490523245842.mp4","0","0","0","0","0","0","0"
"d9f53fb8-7496411458490649863.mp4","0","0","0","0","0","0","0"
"4e29e2c2-7496458060920081682.mp4","0","0","0","0","0","0","0"
"56a923f1-7498323163776961800.mp4","0","0","0","0","0","0","0"
"483729ad-7498671914143976712.mp4","0","0","0","0","0","0","0"
"1b736373-7498705123338767624.mp4","0","0","0","0","0","0","0"
"b1108120-7498930806484765960.mp4","0","0","0","0","0","0","0"
"fc4e8e3e-7498982712305388808.mp4","0","0","0","0","0","0","0"
"e271f91f-7500947449264082183.mp4","0","0","0","0","0","0","0"
"98b991d8-7504855184544156936.mp4","0","0","0","0","0","0","0"
"f56804d5-7506458996367215890.mp4","0","0","0","0","0","0","0"
"fa3666f2-7507171777731382535.mp4","0","0","0","0","0","0","0"
"72810533-7511282192241216769.mp4","0","0","0","0","0","0","0"
"71bdab8d-7511599748151807250.mp4","0","0","0","0","0","0","0"
"f8909a78-7512841964912446728.mp4","0","0","0","0","0","0","0"
"6d7937dc-7525308923503447297.mp4","0","0","0","0","0","0","0"
"5cd6109f-7527547795008490760.mp4","0","0","0","0","0","0","0"
"d87792dd-7536792202249374998.mp4","0","0","0","0","0","0","0"
"da3ae7c5-7555847487953620242.mp4","0","0","0","0","0","0","0"
"358e419c-7577010815497162039.mp4","0","0","0","0","0","0","0"
"6c74cdbd-7584054226272226580.mp4","0","0","0","0","0","0","0"
"db08d2ba-7601103174950194433.mp4","0","0","0","0","0","0","0"
"b29e913c-7603686704398011665.mp4","0","0","0","0","0","0","0"
"9fe22d2f-7609231214519569682.mp4","0","0","0","0","0","0","0"
"20260331100721.mp4","0","0","0","1","0","0","0"
"20260331100735.mp4","0","1","0","0","1","0","0"
"20260331100812.mp4","0","1","0","0","1","0","0"
"20260331100830.mp4","0","0","0","1","1","0","0"
"20260331100908.mp4","0","0","0","0","1","0","0"
"20260331100928.mp4","0","1","0","0","1","0","0"
"20260331101007.mp4","0","1","0","0","1","0","0"
"20260331101024.mp4","0","1","0","0","1","0","0"
"20260331101048.mp4","0","1","0","0","1","0","0"
"20260331140639.mp4","0","0","0","1","0","0","1"
"20260330230114.mp4","0","0","0","1","0","0","0"
"20260329180845.mp4","0","0","0","0","0","0","1"
"20260330222457.mp4","0","0","0","1","0","0","0"
"20260330230253.mp4","0","0","0","1","0","0","0"
"20260330230104.mp4","0","0","0","1","0","0","0"
"20260329230015.mp4","0","0","0","1","0","0","0"
"20260330232436.mp4","0","0","0","1","0","1","0"
"20260329180809.mp4","0","0","0","0","0","0","1"
"20260331140224.mp4","0","1","0","0","0","0","0"
"20260330231537.mp4","0","0","0","1","0","0","0"
"20260329230226.mp4","0","0","0","1","0","0","0"
"20260329225934.mp4","0","0","0","1","0","1","0"
"20260329230417.mp4","0","0","0","1","0","0","0"
"20260331101222.mp4","0","0","0","1","1","0","0"
"20260330224425.mp4","0","0","0","1","0","0","0"
"20260330223651.mp4","0","0","0","1","0","0","0"
"20260330223100.mp4","0","0","0","1","0","0","0"
"20260329223004.mp4","0","1","0","0","0","0","0"
"20260329225150.mp4","0","0","0","1","0","0","0"
"20260329181245.mp4","0","0","0","0","0","0","1"
"20260329225727.mp4","0","0","0","1","0","0","0"
"20260329181129.mp4","0","0","0","0","0","0","1"
"20260329225139.mp4","0","0","0","1","0","0","0"
"20260330230435.mp4","0","0","0","1","0","0","0"
"20260331132824.mp4","0","1","0","0","0","0","0"
"20260329181942.mp4","0","0","0","0","0","0","1"
"20260331095724.mp4","0","0","0","0","1","0","0"
"20260331104415.mp4","0","0","0","0","1","0","0"
"20260331093405.mp4","0","0","0","1","0","1","0"
"20260331094347.mp4","0","0","0","1","0","1","0"
"20260331094410.mp4","0","0","0","1","0","1","0"
"20260331094450.mp4","0","0","0","1","0","1","0"
"20260331094559.mp4","0","0","0","1","0","1","0"
"20260331101113.mp4","0","0","0","0","1","0","1"
"20260331101129.mp4","0","1","0","0","1","0","0"
"20260331101151.mp4","0","1","0","1","0","0","0"
"20260331101200.mp4","0","0","0","1","1","0","0"
"20260331101238.mp4","0","0","0","1","1","0","0"
"20260331101250.mp4","0","0","0","1","1","0","0"
"20260331101259.mp4","0","1","0","0","1","0","0"
"20260331101332.mp4","0","0","0","1","1","0","0"
"20260331101440.mp4","0","0","0","1","0","1","0"
"20260331101521.mp4","0","0","0","1","0","1","0"
"20260331101553.mp4","0","0","0","1","0","1","0"
"20260331101616.mp4","0","0","0","1","0","1","0"
"20260331104038.mp4","0","0","0","1","0","1","0"
"20260331104044.mp4","0","0","0","1","0","1","0"
"20260331104048.mp4","0","0","0","1","0","1","0"
"20260331104053.mp4","0","0","0","1","0","1","0"
"20260331104056.mp4","0","0","0","1","0","1","0"
"20260331104106.mp4","0","0","0","1","0","1","0"
"20260331104119.mp4","0","0","0","1","0","1","0"
"20260331104136.mp4","0","0","0","1","0","1","0"
"20260331104142.mp4","0","0","0","1","0","1","0"
"20260331104146.mp4","0","0","0","1","0","1","0"
"20260331104216.mp4","0","0","0","1","0","1","0"
"20260331104252.mp4","0","1","0","0","0","1","0"
"20260331104257.mp4","0","0","0","1","0","1","0"
"20260331104310.mp4","0","0","0","1","0","1","0"
"20260331104400.mp4","0","0","0","1","0","1","0"
"20260330224552.mp4","0","0","0","1","0","0","0"
"20260330223202.mp4","0","0","0","1","0","0","0"
"20260330231609.mp4","0","0","0","1","0","0","0"
"20260331143950.mp4","0","0","0","0","0","0","1"
"20260329230037.mp4","0","0","0","1","0","0","0"
"20260330231411.mp4","0","0","0","1","0","0","0"
"20260331094617.mp4","0","0","0","1","0","1","0"
"20260331094940.mp4","0","0","0","1","0","1","0"
"20260331094955.mp4","0","0","0","1","0","1","0"
"20260331095009.mp4","0","0","0","1","0","1","0"
"20260331095103.mp4","0","0","0","1","0","1","0"
"20260331095118.mp4","0","0","0","1","0","1","0"
"20260331095135.mp4","0","0","0","1","0","1","0"
"20260331135936.mp4","0","0","0","0","0","0","1"
"20260330223718.mp4","0","0","0","1","0","0","0"
"20260331144101.mp4","0","0","0","0","0","0","1"
"20260330224356.mp4","0","0","0","1","0","0","0"
"20260330232907.mp4","0","0","0","1","0","1","0"
"20260331143632.mp4","0","0","0","0","0","0","1"
"20260329181140.mp4","0","0","0","0","0","0","1"
"20260330230814.mp4","0","0","0","1","0","0","0"
"20260329222509.mp4","0","0","0","1","0","0","0"
"20260330223411.mp4","0","0","0","1","0","0","0"
"20260329181803.mp4","0","1","0","0","0","0","1"
"20260331140644.mp4","0","0","0","0","0","0","1"
"20260331142852.mp4","0","1","0","1","0","0","0"
"20260331135659.mp4","0","0","0","0","0","0","1"
"20260329225153.mp4","0","0","0","1","0","0","0"
"20260329230630.mp4","0","0","0","1","0","0","0"
"20260331142719.mp4","0","0","0","0","0","0","1"
"20260331144753.mp4","0","0","0","1","0","0","0"
"20260331144612.mp4","0","0","0","1","0","0","0"
"20260330223256.mp4","0","0","0","1","0","0","0"
"20260330223946.mp4","0","0","0","1","0","0","0"
"20260331105414.mp4","0","0","0","1","0","0","0"
"20260331132744.mp4","0","1","0","1","0","0","0"
"20260331141122.mp4","0","0","0","0","0","0","1"
"20260331132753.mp4","0","0","0","0","0","0","1"
"20260329181224.mp4","0","0","0","0","0","0","1"
"20260329181108.mp4","0","0","0","0","0","0","1"
"20260329181215.mp4","0","0","0","0","0","1","1"
"20260329234108.mp4","0","0","0","1","0","1","0"
"20260330235017.mp4","0","1","0","0","1","0","0"
"20260331085819.mp4","0","1","0","0","1","0","0"
"20260331085830.mp4","0","1","0","0","1","0","0"
"20260331090426.mp4","0","0","0","1","1","0","0"
"20260330233126.mp4","0","0","0","1","1","0","0"
"20260330233151.mp4","0","0","0","1","1","0","0"
"20260330233204.mp4","0","0","0","1","1","0","0"
"20260330233713.mp4","0","0","0","1","1","0","0"
"20260330233732.mp4","0","0","0","1","0","0","0"
"20260330233746.mp4","0","1","0","0","1","0","0"
"20260330233817.mp4","0","0","0","1","1","0","0"
"20260330233835.mp4","0","0","0","1","1","0","0"
"20260330233851.mp4","0","0","0","1","1","0","0"
"20260330233905.mp4","0","0","0","0","1","0","1"
"20260330233912.mp4","0","0","0","1","1","0","0"
"20260330234024.mp4","0","1","0","0","1","0","0"
"20260330234107.mp4","0","1","0","0","1","0","0"
"20260330234129.mp4","0","0","0","1","1","0","0"
"20260330234152.mp4","0","0","0","1","1","0","0"
"20260330234441.mp4","0","0","0","1","1","0","0"
"20260330234510.mp4","0","1","0","0","1","0","0"
"20260330234743.mp4","0","0","0","1","1","0","0"
"20260330234811.mp4","0","0","0","1","1","0","0"
"20260330234902.mp4","0","0","0","1","1","0","0"
"20260330234909.mp4","0","1","0","0","1","0","0"
"20260330234922.mp4","0","1","0","0","1","0","0"
"20260331092325.mp4","0","0","0","1","1","0","0"
"20260331092441.mp4","0","0","0","0","1","0","1"
"20260331092449.mp4","0","0","0","1","1","0","0"
"20260331092659.mp4","0","1","0","0","1","0","0"
"20260331092734.mp4","0","1","0","0","1","0","0"
"20260331090433.mp4","0","0","0","1","1","0","0"
"20260331090536.mp4","0","0","0","1","0","0","1"
"20260331090609.mp4","0","0","0","1","1","0","0"
"20260331090619.mp4","0","1","0","0","1","0","0"
"20260331090638.mp4","0","0","0","1","1","0","0"
"20260331090650.mp4","0","0","0","1","1","0","0"
"20260331090716.mp4","0","0","0","1","1","0","0"
"20260331090811.mp4","0","0","0","0","1","0","1"
"20260331090840.mp4","0","0","0","1","1","0","0"
"20260331090858.mp4","0","0","0","1","1","0","0"
"20260331091345.mp4","0","0","0","1","1","0","0"
"20260331091421.mp4","0","1","0","0","1","0","0"
"20260331091432.mp4","0","0","0","1","1","0","0"
"20260331091445.mp4","0","0","0","1","1","0","0"
"20260331091615.mp4","0","0","0","1","1","0","0"
"20260331092029.mp4","0","0","0","1","1","0","0"
"20260331092157.mp4","0","0","0","1","0","0","0"
"20260331092306.mp4","0","0","0","1","1","0","0"
"20260330232537.mp4","0","0","0","1","0","1","0"
"20260331142735.mp4","0","0","0","0","0","0","0"
"20260330230007.mp4","0","0","0","1","0","0","0"
"20260330223704.mp4","0","0","0","1","0","0","0"
"20260331133418.mp4","0","0","0","0","0","0","1"
"20260330225914.mp4","0","0","0","1","0","0","0"
"20260331093450.mp4","0","0","0","0","1","0","0"
"20260331093527.mp4","0","0","0","1","0","0","0"
"20260331093619.mp4","0","0","0","0","1","0","0"
"20260331093740.mp4","0","0","0","1","1","0","0"
"20260331093943.mp4","0","0","0","1","1","0","0"
"20260331094002.mp4","0","0","0","1","1","0","0"
"20260331094030.mp4","0","0","0","1","0","1","0"
"20260331094133.mp4","0","0","0","1","0","1","0"
"20260331094149.mp4","0","0","0","1","1","0","0"
"20260330223440.mp4","0","0","0","1","0","0","0"
"20260330232453.mp4","0","0","0","1","0","1","0"
"20260330222349.mp4","0","0","0","1","0","0","0"
"20260330222412.mp4","0","0","0","1","0","0","0"
"20260330231710.mp4","0","0","0","1","0","0","0"
"20260331140421.mp4","0","0","0","0","0","0","1"
"20260330224758.mp4","0","0","0","1","0","0","0"
"20260331132735.mp4","0","0","0","0","0","0","1"
"20260330223558.mp4","0","0","0","1","0","0","0"
"20260331141200.mp4","0","0","0","0","0","0","1"
"20260329181019.mp4","0","0","0","0","0","0","1"
"20260331134941.mp4","0","0","0","0","0","0","0"
"20260331135136.mp4","0","0","0","0","0","0","0"
"20260329180851.mp4","0","0","0","0","0","0","1"
"20260331132732.mp4","0","0","0","0","0","0","1"
"20260330225316.mp4","0","0","0","1","0","0","0"
"20260329181633.mp4","0","0","0","0","0","0","1"
"20260330224247.mp4","0","0","0","1","0","0","0"
"20260330224622.mp4","0","0","0","1","0","0","0"
"20260329230406.mp4","0","0","0","1","0","0","0"
"20260329181203.mp4","0","0","0","0","0","0","1"
"20260329234223.mp4","0","0","0","1","0","1","0"
"20260331141722.mp4","0","0","0","0","0","0","1"
"20260331132718.mp4","0","0","0","0","0","0","1"
"20260331140836.mp4","0","0","0","0","0","0","1"
"20260331144231.mp4","0","0","0","0","0","0","1"
"20260330223808.mp4","0","0","0","1","0","0","0"
"20260329180840.mp4","0","0","0","0","0","0","1"
"20260329181016.mp4","0","0","0","0","0","0","1"
"20260329180915.mp4","0","0","0","0","0","0","1"
"20260329183321.mp4","0","0","0","0","0","0","1"
"20260330225333.mp4","0","0","0","1","0","0","0"
"20260330223308.mp4","0","0","0","1","0","0","0"
"20260331144816.mp4","0","0","0","1","0","0","0"
"20260331143030.mp4","0","0","0","1","0","0","0"
"20260329222413.mp4","0","0","0","1","0","0","0"
"20260331144130.mp4","0","0","0","0","0","0","1"
"20260330230618.mp4","0","0","0","1","0","0","0"
"20260329181153.mp4","0","0","0","0","0","0","1"
"20260329181235.mp4","0","0","0","0","0","0","1"
"20260331105539.mp4","0","0","0","1","0","0","0"
"20260329222357.mp4","0","0","0","1","0","0","0"
"20260331140250.mp4","0","0","0","0","0","0","1"
"20260329222656.mp4","0","0","0","0","0","0","1"
"20260329230610.mp4","0","0","0","1","0","0","0"
"20260330232121.mp4","0","0","0","1","0","0","0"
"20260331143405.mp4","0","1","0","0","0","0","1"
"20260329222615.mp4","0","0","0","0","0","0","1"
"20260331133257.mp4","0","1","0","0","0","0","1"
"20260331105151.mp4","0","0","0","1","0","0","0"
"20260331140741.mp4","0","1","0","0","0","0","1"
"20260331095933.mp4","0","0","0","1","0","1","0"
"20260331100009.mp4","0","0","0","1","0","1","0"
"20260331100031.mp4","0","0","0","1","0","1","0"
"20260331100056.mp4","0","0","0","1","0","1","0"
"20260331100124.mp4","0","0","0","1","0","1","0"
"20260331100405.mp4","0","0","0","1","0","1","0"
"20260331100433.mp4","0","0","0","1","0","1","0"
"20260331105602.mp4","0","0","0","1","0","0","0"
"20260329181003.mp4","0","0","0","0","0","0","1"
"20260331143442.mp4","0","0","0","1","0","0","1"
"20260330225600.mp4","0","0","0","1","0","0","0"
"20260330223550.mp4","0","0","0","1","0","0","0"
"20260330232447.mp4","0","0","0","1","0","1","0"
"20260331095237.mp4","0","0","0","1","0","1","0"
"20260331095310.mp4","0","0","0","1","0","1","0"
"20260331095341.mp4","0","1","0","0","1","0","0"
"20260331095408.mp4","0","0","0","1","1","0","0"
"20260331095421.mp4","0","0","0","1","1","0","0"
"20260331095437.mp4","0","1","0","0","1","0","0"
"20260331095508.mp4","0","0","0","0","1","0","1"
"20260331095559.mp4","0","0","0","1","0","1","0"
"20260331095641.mp4","0","0","0","1","1","0","0"
"20260331095743.mp4","0","0","0","0","1","0","0"
"20260331095825.mp4","0","0","0","1","0","1","0"
"20260331095849.mp4","0","0","0","1","0","1","0"
"20260331142912.mp4","0","0","0","0","0","0","0"
"20260329181608.mp4","0","1","0","0","0","0","1"
"20260329183019.mp4","0","1","0","0","0","0","1"
"20260330231005.mp4","0","0","0","1","0","0","0"
"20260329181105.mp4","0","0","0","0","0","0","1"
"20260329221348.mp4","0","1","0","0","0","0","1"
"20260329222808.mp4","0","1","0","0","0","0","1"
"20260331133212.mp4","0","0","0","0","0","0","1"
"20260329230426.mp4","0","0","0","1","0","0","0"
"20260330222333.mp4","0","0","0","1","0","0","0"
"20260330224109.mp4","0","0","0","1","0","0","0"
"20260330230015.mp4","0","0","0","1","0","0","0"
"20260331141657.mp4","0","0","0","0","0","0","1"
"20260331140101.mp4","0","0","0","0","0","0","1"
"20260331141554.mp4","0","0","0","0","0","0","1"
"20260330225218.mp4","0","0","0","1","0","0","0"
"20260329225130.mp4","0","0","0","1","0","0","0"
"20260331142726.mp4","0","0","0","1","0","0","0"
"20260331144621.mp4","0","0","0","1","0","0","0"
"20260330223220.mp4","0","0","0","1","0","0","0"
"20260329230643.mp4","0","0","0","1","0","0","0"
"20260329234056.mp4","0","0","0","1","0","0","0"
"20260331135253.mp4","0","0","0","1","0","0","0"
"20260330222359.mp4","0","0","0","1","0","0","0"
"20260330231501.mp4","0","0","0","1","0","0","0"
"20260329223202.mp4","0","1","0","0","0","0","1"
"20260330232851.mp4","0","0","0","1","0","1","0"
"20260329181118.mp4","0","0","0","0","0","0","1"
"20260330223109.mp4","0","0","0","1","0","0","0"
"7569178219916561672.mp4","0","0","0","1","0","0","0"
"20260331133320.mp4","0","0","0","1","0","0","0"
"20260331144200.mp4","0","0","0","0","0","0","1"
"20260330224052.mp4","0","0","0","1","0","0","0"
"20260329181022.mp4","0","0","0","0","0","0","1"
"20260331141729.mp4","0","1","0","0","0","0","1"
"20260330225428.mp4","0","0","0","1","0","0","0"
"20260331105310.mp4","0","0","1","0","0","0","0"
"20260330225511.mp4","0","0","0","1","0","0","0"
"20260330223229.mp4","0","0","0","1","0","0","0"
"20260330224409.mp4","0","0","0","1","0","0","0"
"20260330224101.mp4","0","0","0","1","0","0","0"
"20260331133641.mp4","0","1","0","0","0","0","1"
"20260329181814.mp4","0","0","0","0","0","0","1"
"20260329221521.mp4","0","0","0","0","0","0","1"
"20260331144049.mp4","0","0","0","0","0","0","1"
"20260331144213.mp4","0","0","0","0","0","0","1"
"20260331144111.mp4","0","0","0","0","0","0","1"
"20260331144056.mp4","0","0","0","0","0","0","1"
"20260331144121.mp4","0","0","0","0","0","0","1"
"20260331144225.mp4","0","0","0","0","0","0","1"
"20260331144135.mp4","0","0","0","0","0","0","1"
"20260331144155.mp4","0","0","0","0","0","0","1"
"20260329180902.mp4","0","0","0","0","0","0","1"
"20260331143904.mp4","0","1","0","0","0","0","1"
"20260331141641.mp4","0","0","0","0","0","0","1"
"20260329183352.mp4","0","1","0","0","0","0","1"
"20260331135850.mp4","0","0","0","0","0","0","1"
"20260330232606.mp4","0","0","0","1","0","0","0"
"20260331143702.mp4","0","1","0","0","0","0","1"
"20260330224147.mp4","0","0","0","1","0","0","0"
"20260330224257.mp4","0","0","0","1","0","0","0"
"20260330232018.mp4","0","0","0","1","0","0","0"
"20260331140019.mp4","0","0","0","0","0","0","1"
"20260329222330.mp4","0","0","0","0","0","0","0"
"20260329234119.mp4","0","0","0","1","0","0","0"
"20260329222352.mp4","0","0","0","0","0","0","1"
"20260330231152.mp4","0","0","0","1","0","0","0"
"20260330223236.mp4","0","0","0","1","0","0","0"
"20260330232426.mp4","0","0","0","1","0","0","0"
"20260329181253.mp4","0","0","0","0","0","0","1"
"20260331143008.mp4","0","0","0","1","0","0","0"
"20260329223132.mp4","0","1","0","0","0","0","1"
"20260329225551.mp4","0","0","0","1","0","0","0"
"20260330232518.mp4","0","0","0","1","0","0","0"
"20260330223744.mp4","0","0","0","1","0","0","0"
"20260329230916.mp4","0","0","0","1","0","0","0"
"20260329180824.mp4","0","0","0","0","0","0","1"
"20260331105252.mp4","0","0","0","1","0","0","0"
"7970f0fe-6820199464158956801.mp4","0","0","0","0","1","0","0"
"c8d749ed-7143507959438495003.mp4","0","0","0","0","1","0","0"
"83eebdfb-7440484412812234015.mp4","0","0","0","0","1","0","0"
"b863d590-7447055391319526686.mp4","0","0","0","0","1","0","0"
"e0bae928-7450377104354463006.mp4","0","0","0","0","1","0","0"
"72918247-7458610242532723999.mp4","0","0","0","0","1","0","0"
"5f88f313-7480896280475028767.mp4","0","0","0","0","1","0","0"
"2b13027a-7481984031555456287.mp4","0","0","0","0","1","0","0"
"dd07b45f-7482983051455204639.mp4","0","0","0","0","1","0","0"
"efd4b406-7486508951157214495.mp4","0","0","0","0","1","0","0"
"1a93a439-7493111761353248046.mp4","0","0","0","0","1","0","0"
"3a145218-7495000821692681502.mp4","0","0","0","0","1","0","0"
"6fdf49b0-7497979836753906975.mp4","0","0","0","0","1","0","0"
"39f5fdec-7507601515188735263.mp4","0","0","0","0","1","0","0"
"56ad9446-7508380045681970462.mp4","0","0","0","0","1","0","0"
"4436a169-7508937491425053982.mp4","0","0","0","0","1","0","0"
"8067be8c-7509502012149533994.mp4","0","0","0","0","1","0","0"
"e2ba34b9-7510128163519761695.mp4","0","0","0","0","1","0","0"
"12282b42-7512476321050610986.mp4","0","0","0","0","1","0","0"
"0920c3bd-7512748026549554474.mp4","0","0","0","0","1","0","0"
"9dae84dc-7517886360254958878.mp4","0","0","0","0","1","0","0"
"5a62e882-7520105348166929672.mp4","0","0","0","0","1","0","0"
"2505b116-7521601431242149150.mp4","0","0","0","0","1","0","0"
"c95031a5-7523919364769254664.mp4","0","0","0","0","1","0","0"
"04f50437-7524314579992694024.mp4","0","0","0","0","1","0","0"
"352de0b0-7526894262328249630.mp4","0","0","0","0","1","0","0"
"a1bc9e9b-7528978583440608530.mp4","0","0","0","0","1","0","0"
"8d8cd161-7530958120932085005.mp4","0","0","0","0","1","0","0"
"a2aba294-7536536645181525279.mp4","0","0","0","0","1","0","0"
"00030e61-7543965137888103711.mp4","0","0","0","0","1","0","0"
"21f971c9-7546963619683011870.mp4","0","0","0","0","1","0","0"
"61214181-7547943685141433616.mp4","0","0","0","0","1","0","0"
"6ae5f1c4-7547953501448506654.mp4","0","0","0","0","1","0","0"
"f080dc05-7554622834941725982.mp4","0","0","0","0","1","0","0"
"7cdfd47c-7554660037222829343.mp4","0","0","0","0","1","0","0"
"a43dc340-7564056114870881557.mp4","0","0","0","0","1","0","0"
"77e67842-7576974679961881869.mp4","0","0","0","0","1","0","0"
"e9be6b30-7580569079702883598.mp4","0","0","0","0","1","0","0"
"25f64450-7585878288451603725.mp4","0","0","0","0","1","0","0"
"24e3e9fe-7589880316874001695.mp4","0","0","0","0","1","0","0"
"efca7759-7590073709763857672.mp4","0","0","0","0","1","0","0"
"3e3afd8d-7598041608768048397.mp4","0","0","0","0","1","0","0"
"72b9b1ba-7601364638642556180.mp4","0","0","0","0","1","0","0"
"06d1b546-7602149610332622111.mp4","0","0","0","0","1","0","0"
"27bb6d12-7604452933253582111.mp4","0","0","0","0","1","0","0"
"21b34371-7605561667014954254.mp4","0","0","0","0","1","0","0"
"ce938ade-7606315130531466503.mp4","0","0","0","0","1","0","0"
"d2846077-7606549888007998734.mp4","0","0","0","0","1","0","0"
"28f96cbd-7608150580204260621.mp4","0","0","0","0","1","0","0"
"a877df13-7609270994393468190.mp4","0","0","0","0","1","0","0"
"aa1c941d-7610240779356736782.mp4","0","0","0","0","1","0","0"
"74ce4fb3-7610395984887123231.mp4","0","0","0","0","1","0","0"
"17cfecf2-7610397860017884446.mp4","0","0","0","0","1","0","0"
"8eaf4a2d-7610655605732248845.mp4","0","0","0","0","1","0","0"
"f8cfdd9a-7610997727027318047.mp4","0","0","0","0","1","0","0"
"d4f89a23-7611869882296077581.mp4","0","0","0","0","1","0","0"
"92f09682-7612248290301725983.mp4","0","0","0","0","1","0","0"
"946ffc44-7612965252782640398.mp4","0","0","0","0","1","0","0"
"6e190e7a-7613699973892279566.mp4","0","0","0","0","1","0","0"
"90e7da6b-7614085067660446990.mp4","0","0","0","0","1","0","0"
"d22c4a25-7614741303133244692.mp4","0","0","0","0","1","0","0"
"81526a10-7615482542711426318.mp4","0","0","0","0","1","0","0"
"d5da9067-7616677936493530382.mp4","0","0","0","0","1","0","0"
"b69d330a-7617065441646628127.mp4","0","0","0","0","1","0","0"
"ef77c98c-7617406939550567694.mp4","0","0","0","0","1","0","0"
"a8a59249-7617415530844015885.mp4","0","0","0","0","1","0","0"
"99a439f0-7617454785960217869.mp4","0","0","0","0","1","0","0"
"0686cd35-7617792400378875150.mp4","0","0","0","0","1","0","0"
"135f2ebb-7618080424153074975.mp4","0","0","0","0","1","0","0"
"09677b87-7618171124626607374.mp4","0","0","0","0","1","0","0"
"371d6dcd-7618442202557025566.mp4","0","0","0","0","1","0","0"
"f7c7d00a-7618462654738353439.mp4","0","0","0","0","1","0","0"
"90721cb1-7618540657346415893.mp4","0","0","0","0","1","0","0"
"2a15f7d1-7618558645407599903.mp4","0","0","0","0","1","0","0"
"3dbcf3b8-7618564717681937694.mp4","0","0","0","0","1","0","0"
"f8dbd2d4-7618923576082631950.mp4","0","0","0","0","1","0","0"
"901aaff9-7619289154702085406.mp4","0","0","0","0","1","0","0"
"bd8ee73e-7619303731640732941.mp4","0","0","0","0","1","0","0"
"73aa8164-7619555704629759246.mp4","0","0","0","0","1","0","0"
"aad9da90-7619642371336129805.mp4","0","0","0","0","1","0","0"
"ff20126b-7619678707631869198.mp4","0","0","0","0","1","0","0"
"fa0b3f70-7619928236696407326.mp4","0","0","0","0","1","0","0"
"764c2a5e-7620032369315122462.mp4","0","0","0","0","1","0","0"
"437c3945-7620033946390252813.mp4","0","0","0","0","1","0","0"
"9107f4e2-7620044681220607263.mp4","0","0","0","0","1","0","0"
"c12108ef-7620396005372071181.mp4","0","0","0","0","1","0","0"
"986317ce-7620426024953597214.mp4","0","0","0","0","1","0","0"
"af0007ed-7620679860310101279.mp4","0","0","0","0","1","0","0"
"1c4f69f0-7620792846223723790.mp4","0","0","0","0","1","0","0"
"ff09a17a-7621029589023804703.mp4","0","0","0","0","1","0","0"
"21b7fc21-7621414231824534797.mp4","0","0","0","0","1","0","0"
"c5142d0d-7621531853530615058.mp4","0","0","0","0","1","0","0"
"a6dbd2cc-7621546087270173960.mp4","0","0","0","0","1","0","0"
"765d5ad0-7621802674455055647.mp4","0","0","0","0","1","0","0"
"4cb73ae5-7621892295775784222.mp4","0","0","0","0","1","0","0"
"67e7c0c5-7621904562630167838.mp4","0","0","0","0","1","0","0"
"92201ede-7622152513617136909.mp4","0","0","0","0","1","0","0"
"9d834cec-7622173295235976479.mp4","0","0","0","0","1","0","0"
"5dd5e7e7-7622236838815665422.mp4","0","0","0","0","1","0","0"
"4653fc19-7622260755752062239.mp4","0","0","0","0","1","0","0"
"c8d55410-7622530120544226574.mp4","0","0","0","0","1","0","0"
"3b0f3237-7622589700959685919.mp4","0","0","0","0","1","0","0"
"8f9798fc-7622605422121258254.mp4","0","0","0","0","1","0","0"
"166d8846-7622610567940853022.mp4","0","0","0","0","1","0","0"
"2eed71dd-7622634843884571935.mp4","0","0","0","0","1","0","0"
"2c746832-7622642622242229535.mp4","0","0","0","0","1","0","0"
"85970e11-7622894980171828493.mp4","0","0","0","0","1","0","0"
"4abff1a7-7623003178086190367.mp4","0","0","0","0","1","0","0"
"16282525-7623009957922753823.mp4","0","0","0","0","1","0","0"
"d099b3af-7310396301147917570.mp4","0","0","0","0","1","0","0"
"fd46ec9e-7428811948176821520.mp4","0","0","0","0","1","0","0"
"f596f032-7428818870665841937.mp4","0","0","0","0","1","0","0"
"a922d501-7444068341452475679.mp4","0","0","0","0","1","0","0"
"a164126b-7464848881088482590.mp4","0","0","0","0","1","0","0"
"8c4cfb2a-7473098200656661790.mp4","0","0","0","0","1","0","0"
"db1d4482-7473144695187705119.mp4","0","0","0","0","1","0","0"
"08d83cfc-7480943656640220447.mp4","0","0","0","0","1","0","0"
"d5395e79-7481109342939352351.mp4","0","0","0","0","1","0","0"
"e1f3bdfe-7481165834690235678.mp4","0","0","0","0","1","0","0"
"b368b38a-7482307086374685983.mp4","0","0","0","0","1","0","0"
"cb297960-7482631193494637854.mp4","0","0","0","0","1","0","0"
"1c907f6a-7482810651128106271.mp4","0","0","0","0","1","0","0"
"d4c96046-7483076453639261470.mp4","0","0","0","0","1","0","0"
"d9f61f0b-7483146773012270367.mp4","0","0","0","0","1","0","0"
"1570de82-7493332636702690591.mp4","0","0","0","0","1","0","0"
"35ac6e22-7493812944875113759.mp4","0","0","0","0","1","0","0"
"158b0e12-7498291682081787167.mp4","0","0","0","0","1","0","0"
"d1a9b3b0-7499023052479466783.mp4","0","0","0","0","1","0","0"
"a8ff8add-7501278718631955743.mp4","0","0","0","0","1","0","0"
"4f159506-7506825927968574750.mp4","0","0","0","0","1","0","0"
"315e862d-7507091657301495071.mp4","0","0","0","0","1","0","0"
"cba21b31-7508266958815563038.mp4","0","0","0","0","1","0","0"
"e33af9eb-7508562731943890207.mp4","0","0","0","0","1","0","0"
"7a63b403-7509747311489092894.mp4","0","0","0","0","1","0","0"
"1a7f39d5-7516809577761983752.mp4","0","0","0","0","1","0","0"
"aad8799a-7524703496948567314.mp4","0","0","0","0","1","0","0"
"9510c09b-7524933557123288327.mp4","0","0","0","0","1","0","0"
"f9047c44-7526420112233073938.mp4","0","0","0","0","1","0","0"
"21b80e67-7572789465073077517.mp4","0","0","0","0","1","0","0"
"d123fa20-7586138950465490231.mp4","0","0","0","0","1","0","0"
"f2c6d8b8-7606891656620657941.mp4","0","0","0","0","1","0","0"
"4177814f-7611488575237934350.mp4","0","0","0","0","1","0","0"
"8e3aba43-7611549111292136718.mp4","0","0","0","0","1","0","0"
"bb656916-7612878081555959053.mp4","0","0","0","0","1","0","0"
"e83d9d0b-7614360679520242958.mp4","0","0","0","0","1","0","0"
"7114bc65-7614736519957400846.mp4","0","0","0","0","1","0","0"
"09c9bceb-7614821852438940941.mp4","0","0","0","0","1","0","0"
"51a19637-7615105819876658445.mp4","0","0","0","0","1","0","0"
"07af74b3-7616701524865060126.mp4","0","0","0","0","1","0","0"
"3dc07381-7616958476459183373.mp4","0","0","0","0","1","0","0"
"339c8332-7617126991661206798.mp4","0","0","0","0","1","0","0"
"e30f82ec-7617334210000391438.mp4","0","0","0","0","1","0","0"
"c0ff52ab-7617444015679589663.mp4","0","0","0","0","1","0","0"
"5f7f1827-7617448734762274079.mp4","0","0","0","0","1","0","0"
"5e0ce77b-7617453320097123615.mp4","0","0","0","0","1","0","0"
"43e559c0-7617460893579840799.mp4","0","0","0","0","1","0","0"
"982873a7-7617794059117071646.mp4","0","0","0","0","1","0","0"
"d4d9cd98-7617797526535671071.mp4","0","0","0","0","1","0","0"
"857da0d6-7617805290305522975.mp4","0","0","0","0","1","0","0"
"9d0c7da4-7618077183713578253.mp4","0","0","0","0","1","0","0"
"14f6ce6c-7618537929001962765.mp4","0","0","0","0","1","0","0"
"afbef37b-7618909440971902239.mp4","0","0","0","0","1","0","0"
"58123c8b-7619183857245441294.mp4","0","0","0","0","1","0","0"
"9a2bfcec-7619293530544016670.mp4","0","0","0","0","1","0","0"
"2a83e8aa-7619929675581771021.mp4","0","0","0","0","1","0","0"
"0d2c376b-7620300425325022478.mp4","0","0","0","0","1","0","0"
"c45565d9-7620778695485050143.mp4","0","0","0","0","1","0","0"
"6ee6e53a-7621028527114177822.mp4","0","0","0","0","1","0","0"
"7039684425147272450.mp4","0","0","0","0","1","0","0"
"7331024224871664897.mp4","0","0","0","0","1","0","0"
"7334960997788126465.mp4","0","0","0","0","1","0","0"
"7335754330592529666.mp4","0","0","0","0","1","0","0"
"7337277822886612225.mp4","0","0","0","0","1","0","0"
"7337682267160055042.mp4","0","0","0","0","1","0","0"
"7340215777531841794.mp4","0","0","0","0","1","0","0"
"7340301407796464898.mp4","0","0","0","0","1","0","0"
"7389270463551180033.mp4","0","0","0","0","1","0","0"
"7424241484213275912.mp4","0","0","0","0","1","0","0"
"7424334072765238536.mp4","0","0","0","0","1","0","0"
"7425675403810835730.mp4","0","0","0","0","1","0","0"
"7426095814809881874.mp4","0","0","0","0","1","0","0"
"7426974298817957127.mp4","0","0","0","0","1","0","0"
"7430453138739580167.mp4","0","0","0","0","1","0","0"
"7440097225306361106.mp4","0","0","0","0","1","0","0"
"7443422655421664530.mp4","0","0","0","0","1","0","0"
"7444167041684081928.mp4","0","0","0","0","1","0","0"
"7451183732444171536.mp4","0","0","0","0","1","0","0"
"7455675199875239184.mp4","0","0","0","0","1","0","0"
"7456759534342704400.mp4","0","0","0","0","1","0","0"
"7458268500625198353.mp4","0","0","0","0","1","0","0"
"7458288391285738768.mp4","0","0","0","0","1","0","0"
"7458290958795427088.mp4","0","0","0","0","1","0","0"
"7458550812353072385.mp4","0","0","0","0","1","0","0"
"7458648270085065985.mp4","0","0","0","0","1","0","0"
"7459597701009689863.mp4","0","0","0","0","1","0","0"
"7460723760904031504.mp4","0","0","0","0","1","0","0"
"7469441757567028488.mp4","0","0","0","0","1","0","0"
"7481450930269850887.mp4","0","0","0","0","1","0","0"
"7484512068993944840.mp4","0","0","0","0","1","0","0"
"7488328534671330565.mp4","0","0","0","0","1","0","0"
"7490588010992438546.mp4","0","0","0","0","1","0","0"
"7503103198555589895.mp4","0","0","0","0","1","0","0"
"7512887293888302343.mp4","0","0","0","0","1","0","0"
"7513960798868360455.mp4","0","0","0","0","1","0","0"
"7514094758340398354.mp4","0","0","0","0","1","0","0"
"7514383003586579730.mp4","0","0","0","0","1","0","0"
"7514542849891831047.mp4","0","0","0","0","1","0","0"
"7514570758069243144.mp4","0","0","0","0","1","0","0"
"7515637576393395464.mp4","0","0","0","0","1","0","0"
"7515797706812476679.mp4","0","0","0","0","1","0","0"
"7515823466927361287.mp4","0","0","0","0","1","0","0"
"7516363046130912520.mp4","0","0","0","0","1","0","0"
"7516503200141167879.mp4","0","0","0","0","1","0","0"
"7517508664828235016.mp4","0","0","0","0","1","0","0"
"7517960567831760135.mp4","0","0","0","0","1","0","0"
"7518057622193458450.mp4","0","0","0","0","1","0","0"
"7518639219229625607.mp4","0","0","0","0","1","0","0"
"7519050644712443154.mp4","0","0","0","0","1","0","0"
"7519326357122190610.mp4","0","0","0","0","1","0","0"
"7519392807811894536.mp4","0","0","0","0","1","0","0"
"7520126439220317447.mp4","0","0","0","0","1","0","0"
"7520511208819248402.mp4","0","0","0","0","1","0","0"
"7521449139733875975.mp4","0","0","0","0","1","0","0"
"7521714131313904903.mp4","0","0","0","0","1","0","0"
"7522104055544417544.mp4","0","0","0","0","1","0","0"
"7522383382815231239.mp4","0","0","0","0","1","0","0"
"7522525628965440775.mp4","0","0","0","0","1","0","0"
"7522690644935036167.mp4","0","0","0","0","1","0","0"
"7522745456074476818.mp4","0","0","0","0","1","0","0"
"7522902935395781896.mp4","0","0","0","0","1","0","0"
"7523618067352407304.mp4","0","0","0","0","1","0","0"
"7524031481472191751.mp4","0","0","0","0","1","0","0"
"7524344216290446600.mp4","0","0","0","0","1","0","0"
"7526026826074934535.mp4","0","0","0","0","1","0","0"
"7526464666374081800.mp4","0","0","0","0","1","0","0"
"7526777915070008594.mp4","0","0","0","0","1","0","0"
"7526826880448646408.mp4","0","0","0","0","1","0","0"
"7528606094952811794.mp4","0","0","0","0","1","0","0"
"7528777240038018311.mp4","0","0","0","0","1","0","0"
"7529448497213377810.mp4","0","0","0","0","1","0","0"
"7529892443114851591.mp4","0","0","0","0","1","0","0"
"7531739453564488976.mp4","0","0","0","0","1","0","0"
"7532327175576374535.mp4","0","0","0","0","1","0","0"
"7532483070193093895.mp4","0","0","0","0","1","0","0"
"7532701078798847240.mp4","0","0","0","0","1","0","0"
"7532825104267496711.mp4","0","0","0","0","1","0","0"
"7533050480805629202.mp4","0","0","0","0","1","0","0"
"7533051321138629906.mp4","0","0","0","0","1","0","0"
"7533107201246825735.mp4","0","0","0","0","1","0","0"
"7533597426662296839.mp4","0","0","0","0","1","0","0"
"7535898305402866952.mp4","0","0","0","0","1","0","0"
"7536135887801912584.mp4","0","0","0","0","1","0","0"
"7536389744087846152.mp4","0","0","0","0","1","0","0"
"7539394291899157767.mp4","0","0","0","0","1","0","0"
"7539581213388934420.mp4","0","0","0","0","1","0","0"
"7540549144516234504.mp4","0","0","0","0","1","0","0"
"7541246286649904392.mp4","0","0","0","0","1","0","0"
"7541591766563179794.mp4","0","0","0","0","1","0","0"
"7542115705005559058.mp4","0","0","0","0","1","0","0"
"7542718881580748040.mp4","0","0","0","0","1","0","0"
"7542886399360404757.mp4","0","0","0","0","1","0","0"
"7543104440044244240.mp4","0","0","0","0","1","0","0"
"7544372659056938241.mp4","0","0","0","0","1","0","0"
"7546150143662345488.mp4","0","0","0","0","1","0","0"
"7546214600312704274.mp4","0","0","0","0","1","0","0"
"7546578777451662600.mp4","0","0","0","0","1","0","0"
"7546811282142285064.mp4","0","0","0","0","1","0","0"
"7547628294313626888.mp4","0","0","0","0","1","0","0"
"7548353271212231957.mp4","0","0","0","0","1","0","0"
"7549464989359262994.mp4","0","0","0","0","1","0","0"
"7549970815039671560.mp4","0","0","0","0","1","0","0"
"7550607538811604244.mp4","0","0","0","0","1","0","0"
"7551406708199853313.mp4","0","0","0","0","1","0","0"
"7552481593080777991.mp4","0","0","0","0","1","0","0"
"7552774026154855687.mp4","0","0","0","0","1","0","0"
"7553145643808623879.mp4","0","0","0","0","1","0","0"
"7553305599627234578.mp4","0","0","0","0","1","0","0"
"7555126934510832904.mp4","0","0","0","0","1","0","0"
"7555154843640302864.mp4","0","0","0","0","1","0","0"
"7555878195506056456.mp4","0","0","0","0","1","0","0"
"7556259803006307602.mp4","0","0","0","0","1","0","0"
"7556601414730943761.mp4","0","0","0","0","1","0","0"
"7558124349794946321.mp4","0","0","0","0","1","0","0"
"7559178924962467073.mp4","0","0","0","0","1","0","0"
"7561745203866963208.mp4","0","0","0","0","1","0","0"
"7562538796257004808.mp4","0","0","0","0","1","0","0"
"7564791282116070657.mp4","0","0","0","0","1","0","0"
"7568845718341946632.mp4","0","0","0","0","1","0","0"
"7570339605795310866.mp4","0","0","0","0","1","0","0"
"7570729272969645320.mp4","0","0","0","0","1","0","0"
"7572184523278978312.mp4","0","0","0","0","1","0","0"
"7572941797819829512.mp4","0","0","0","0","1","0","0"
"7573227834651495688.mp4","0","0","0","0","1","0","0"
"7574406024031980820.mp4","0","0","0","0","1","0","0"
"7574422003092819208.mp4","0","0","0","0","1","0","0"
"7576168067483454727.mp4","0","0","0","0","1","0","0"
"7576231890563157266.mp4","0","0","0","0","1","0","0"
"7576280756092292360.mp4","0","0","0","0","1","0","0"
"7576597473259539720.mp4","0","0","0","0","1","0","0"
"7577746859289005319.mp4","0","0","0","0","1","0","0"
"7578883355391905032.mp4","0","0","0","0","1","0","0"
"7583607769048108296.mp4","0","0","0","0","1","0","0"
"7584335757599411477.mp4","0","0","0","0","1","0","0"
"7585075458484555016.mp4","0","0","0","0","1","0","0"
"7586160256900680980.mp4","0","0","0","0","1","0","0"
"7589983800738729236.mp4","0","0","0","0","1","0","0"
"7592690917723655444.mp4","0","0","0","0","1","0","0"
"7593609226891693332.mp4","0","0","0","0","1","0","0"
"7593711635647221013.mp4","0","0","0","0","1","0","0"
"7593754874009996565.mp4","0","0","0","0","1","0","0"
"7595522586747063572.mp4","0","0","0","0","1","0","0"
"7597818323253890322.mp4","0","0","0","0","1","0","0"
"7608583972418866450.mp4","0","0","0","0","1","0","0"
"7608962366910319879.mp4","0","0","0","0","1","0","0"
"7610689392444853525.mp4","0","0","0","0","1","0","0"
"7611856123758398738.mp4","0","0","0","0","1","0","0"
"7612103179697769736.mp4","0","0","0","0","1","0","0"
"7612307788567481621.mp4","0","0","0","0","1","0","0"
"7613392484584000776.mp4","0","0","0","0","1","0","0"
"7615143295353752839.mp4","0","0","0","0","1","0","0"
"7615920407073312008.mp4","0","0","0","0","1","0","0"
"7616909377944947988.mp4","0","0","0","0","1","0","0"
"7617462687273946388.mp4","0","0","0","0","1","0","0"
"7617739626115026194.mp4","0","0","0","0","1","0","0"
"7617766230090321172.mp4","0","0","0","0","1","0","0"
"7618067464089390357.mp4","0","0","0","0","1","0","0"
"7618981357267488013.mp4","0","0","0","0","1","0","0"
"7620453063467306260.mp4","0","0","0","0","1","0","0"
"7620456535361211655.mp4","0","0","0","0","1","0","0"
"7620474227887639828.mp4","0","0","0","0","1","0","0"
"7621792255501782292.mp4","0","0","0","0","1","0","0"
"20260329160732.mp4","0","0","0","0","0","1","1"
"20260329160744.mp4","0","0","0","0","0","1","1"
"20260329160754.mp4","0","0","0","0","0","1","1"
"20260329153936.mp4","0","0","0","0","0","0","1"
"20260329154056.mp4","0","0","0","0","0","0","1"
"20260329154143.mp4","0","0","0","0","0","1","1"
"20260329154220.mp4","0","0","0","0","0","1","1"
"20260329154225.mp4","0","0","0","0","0","1","1"
"20260329154236.mp4","0","0","0","0","0","1","1"
"20260329154301.mp4","0","0","0","0","0","1","1"
"20260329154304.mp4","0","0","0","0","0","0","1"
"20260329154311.mp4","0","0","0","0","0","1","1"
"20260329154326.mp4","0","0","0","0","0","0","1"
"20260329154346.mp4","0","0","0","0","0","1","1"
"20260329154354.mp4","0","0","0","0","0","1","1"
"20260329155458.mp4","0","1","0","0","0","0","0"
"20260329160530.mp4","0","0","0","0","0","1","1"
"20260329160544.mp4","0","0","0","0","0","1","1"
"20260329160603.mp4","0","0","0","0","0","1","1"
"20260329160606.mp4","0","0","0","0","0","1","1"
"20260329160612.mp4","0","0","0","0","0","1","1"
"20260329160625.mp4","0","0","0","0","0","1","1"
"20260329160628.mp4","0","0","0","0","0","1","1"
"20260329160632.mp4","0","0","0","0","0","1","1"
"20260329160637.mp4","0","0","0","0","0","1","1"
"20260329160640.mp4","0","0","0","0","0","1","1"
"20260329160643.mp4","0","0","0","0","0","1","1"
"20260329160647.mp4","0","0","0","0","0","1","1"
"20260329160655.mp4","0","0","0","0","0","1","1"
"20260329160700.mp4","0","0","0","0","0","1","1"
"20260329160704.mp4","0","0","0","0","0","1","1"
"20260329161627.mp4","0","0","0","0","0","1","1"
"20260329161640.mp4","0","0","0","0","0","1","1"
"20260329162018.mp4","0","0","0","0","0","1","1"
"20260329162037.mp4","0","0","0","0","0","1","1"
"20260329162107.mp4","0","0","0","0","0","1","1"
"20260329160813.mp4","0","0","0","0","0","1","1"
"20260329160818.mp4","0","0","0","0","0","1","1"
"20260329160941.mp4","0","0","0","0","0","1","1"
"20260329160951.mp4","0","0","0","0","0","1","1"
"20260329161000.mp4","0","0","0","0","0","1","1"
"20260329161002.mp4","0","0","0","0","0","1","1"
"20260329161004.mp4","0","0","0","0","0","1","1"
"20260329161020.mp4","0","0","0","0","0","1","1"
"20260329161031.mp4","0","0","0","0","0","1","1"
"20260329161049.mp4","0","0","0","0","0","1","1"
"20260329161133.mp4","0","0","0","0","0","1","1"
"20260329161145.mp4","0","0","0","0","0","1","1"
"20260329161152.mp4","0","0","0","0","0","1","1"
"20260329161205.mp4","0","0","0","0","0","1","1"
"20260329161219.mp4","0","0","0","0","0","1","1"
"20260329161225.mp4","0","0","0","0","0","1","1"
"20260329161229.mp4","0","0","0","0","0","1","1"
"20260329161258.mp4","0","0","0","0","0","1","1"
"20260329161304.mp4","0","0","0","0","0","1","1"
"20260329161337.mp4","0","0","0","0","0","1","1"
"20260329161344.mp4","0","0","0","0","0","1","1"
"20260329161409.mp4","0","0","0","0","0","1","1"
"20260329161420.mp4","0","0","0","0","0","1","1"
"20260329161439.mp4","0","0","0","0","0","1","1"
"20260329161454.mp4","0","0","0","0","0","1","1"
"20260329161516.mp4","0","0","0","0","0","1","1"
"20260329161541.mp4","0","0","0","0","0","1","1"
"20260329161552.mp4","0","0","0","0","0","1","1"
"20260329161611.mp4","0","0","0","0","0","1","1"
"20260329164933.mp4","0","0","0","0","0","1","1"
"20260329164939.mp4","0","0","0","0","0","1","1"
"20260329164941.mp4","0","0","0","0","0","1","1"
"20260329164951.mp4","0","0","0","0","0","1","1"
"20260329162123.mp4","0","0","0","0","0","1","1"
"20260329164613.mp4","0","0","0","0","0","1","1"
"20260329164620.mp4","0","0","0","0","0","1","1"
"20260329164623.mp4","0","0","0","0","0","1","1"
"20260329164626.mp4","0","0","0","0","0","1","1"
"20260329164629.mp4","0","0","0","0","0","1","1"
"20260329164632.mp4","0","0","0","0","0","1","1"
"20260329164635.mp4","0","0","0","0","0","1","1"
"20260329164642.mp4","0","0","0","0","0","1","1"
"20260329164645.mp4","0","0","0","0","0","1","1"
"20260329164648.mp4","0","0","0","0","0","1","1"
"20260329164651.mp4","0","0","0","0","0","1","1"
"20260329164656.mp4","0","0","0","0","0","1","1"
"20260329164658.mp4","0","0","0","0","0","1","1"
"20260329164701.mp4","0","0","0","0","0","1","1"
"20260329164704.mp4","0","0","0","0","0","1","1"
"20260329164707.mp4","0","0","0","0","0","1","1"
"20260329164714.mp4","0","0","0","0","0","1","1"
"20260329164731.mp4","0","0","0","0","0","1","1"
"20260329164738.mp4","0","0","0","0","0","1","1"
"20260329164739.mp4","0","0","0","0","0","1","1"
"20260329164743.mp4","0","0","0","0","0","1","1"
"20260329164806.mp4","0","0","0","0","0","1","1"
"20260329164824.mp4","0","0","0","0","0","1","1"
"20260329164830.mp4","0","0","0","0","0","1","1"
"20260329164834.mp4","0","0","0","0","0","1","1"
"20260329164914.mp4","0","0","0","0","0","1","1"
"20260329164917.mp4","0","0","0","0","0","1","1"
"20260329164920.mp4","0","0","0","0","0","1","1"
"20260329164925.mp4","0","0","0","0","0","1","1"
"20260329164930.mp4","0","0","0","0","0","1","1"
"20260329165749.mp4","0","0","0","0","0","1","1"
"20260329165758.mp4","0","0","0","0","0","1","1"
"20260329165812.mp4","0","0","0","0","0","1","1"
"20260329165823.mp4","0","0","0","0","0","1","1"
"20260329164953.mp4","0","0","0","0","0","1","1"
"20260329164957.mp4","0","0","0","0","0","1","1"
"20260329165002.mp4","0","0","0","0","0","1","1"
"20260329165011.mp4","0","0","0","0","0","1","1"
"20260329165013.mp4","0","0","0","0","0","1","1"
"20260329165021.mp4","0","0","0","0","0","1","1"
"20260329165024.mp4","0","0","0","0","0","1","1"
"20260329165028.mp4","0","0","0","0","0","1","1"
"20260329165030.mp4","0","0","0","0","0","1","1"
"20260329165036.mp4","0","0","0","0","0","1","1"
"20260329165038.mp4","0","0","0","0","0","1","1"
"20260329165255.mp4","0","0","0","0","0","1","1"
"20260329165301.mp4","0","0","0","0","0","1","1"
"20260329165307.mp4","0","0","0","0","0","1","1"
"20260329165327.mp4","0","0","0","0","0","1","1"
"20260329165330.mp4","0","0","0","0","0","1","1"
"20260329165340.mp4","0","0","0","0","0","1","1"
"20260329165342.mp4","0","0","0","0","0","1","1"
"20260329165347.mp4","0","0","0","0","0","1","1"
"20260329165358.mp4","0","0","0","0","0","1","1"
"20260329165435.mp4","0","0","0","0","0","1","1"
"20260329165447.mp4","0","0","0","0","0","1","1"
"20260329165456.mp4","0","0","0","0","0","1","1"
"20260329165508.mp4","0","0","0","0","0","1","1"
"20260329165512.mp4","0","0","0","0","0","1","1"
"20260329165534.mp4","0","0","0","0","0","1","1"
"20260329165547.mp4","0","0","0","0","0","1","1"
"20260329165601.mp4","0","0","0","0","0","1","1"
"20260329165606.mp4","0","0","0","0","0","1","1"
"20260329165609.mp4","0","0","0","0","0","1","1"
"20260329165730.mp4","0","0","0","0","0","1","1"
"20260329165741.mp4","0","0","0","0","0","1","1"
"20260329173909.mp4","0","0","0","0","0","1","1"
"20260329173937.mp4","0","0","0","0","0","1","1"
"20260329173940.mp4","0","0","0","0","0","1","1"
"20260329173946.mp4","0","0","0","0","0","1","1"
"20260329174003.mp4","0","0","0","0","0","1","1"
"20260329165830.mp4","0","0","0","0","0","1","1"
"20260329165835.mp4","0","0","0","0","0","1","1"
"20260329165845.mp4","0","0","0","0","0","1","1"
"20260329165854.mp4","0","0","0","0","0","1","1"
"20260329165930.mp4","0","0","0","0","0","1","1"
"20260329165939.mp4","0","0","0","0","0","1","1"
"20260329165949.mp4","0","0","0","0","0","1","1"
"20260329165955.mp4","0","0","0","0","0","1","1"
"20260329170000.mp4","0","0","0","0","0","1","1"
"20260329170005.mp4","0","0","0","0","0","1","1"
"20260329170011.mp4","0","0","0","0","0","1","1"
"20260329170017.mp4","0","0","0","0","0","1","1"
"20260329170045.mp4","0","0","0","0","0","1","1"
"20260329173706.mp4","0","0","0","0","0","1","1"
"20260329173711.mp4","0","0","0","0","0","1","1"
"20260329173719.mp4","0","0","0","0","0","1","1"
"20260329173722.mp4","0","0","0","0","0","1","1"
"20260329173724.mp4","0","0","0","0","0","1","1"
"20260329173731.mp4","0","0","0","0","0","1","1"
"20260329173737.mp4","0","0","0","0","0","1","1"
"20260329173743.mp4","0","0","0","0","0","1","1"
"20260329173746.mp4","0","0","0","0","0","1","1"
"20260329173752.mp4","0","0","0","0","0","1","1"
"20260329173802.mp4","0","0","0","0","0","1","1"
"20260329173809.mp4","0","0","0","0","0","1","1"
"20260329173828.mp4","0","0","0","0","0","1","1"
"20260329173831.mp4","0","0","0","0","0","1","1"
"20260329173839.mp4","0","0","0","0","0","1","1"
"20260329173843.mp4","0","0","0","0","0","1","1"
"20260329173845.mp4","0","0","0","0","0","1","1"
"20260329173901.mp4","0","0","0","0","0","1","1"
"20260329174702.mp4","0","0","0","0","0","1","1"
"20260329174734.mp4","0","0","0","0","0","1","1"
"20260329174740.mp4","0","0","0","0","0","1","1"
"20260329174753.mp4","0","0","0","0","0","1","1"
"20260329174030.mp4","0","0","0","0","0","1","1"
"20260329174039.mp4","0","0","0","0","0","1","1"
"20260329174110.mp4","0","0","0","0","0","1","1"
"20260329174128.mp4","0","0","0","0","0","1","1"
"20260329174132.mp4","0","0","0","0","0","1","1"
"20260329174141.mp4","0","0","0","0","0","1","1"
"20260329174148.mp4","0","0","0","0","0","1","1"
"20260329174208.mp4","0","0","0","0","0","1","1"
"20260329174229.mp4","0","0","0","0","0","1","1"
"20260329174234.mp4","0","0","0","0","0","1","1"
"20260329174300.mp4","0","0","0","0","0","1","1"
"20260329174316.mp4","0","0","0","0","0","1","1"
"20260329174352.mp4","0","0","0","0","0","1","1"
"20260329174355.mp4","0","0","0","0","0","1","1"
"20260329174401.mp4","0","0","0","0","0","1","1"
"20260329174441.mp4","0","0","0","0","0","1","1"
"20260329174443.mp4","0","0","0","0","0","1","1"
"20260329174453.mp4","0","0","0","0","0","1","1"
"20260329174508.mp4","0","0","0","0","0","1","1"
"20260329174522.mp4","0","0","0","0","0","1","1"
"20260329174528.mp4","0","0","0","0","0","1","1"
"20260329174536.mp4","0","0","0","0","0","1","1"
"20260329174545.mp4","0","0","0","0","0","1","1"
"20260329174557.mp4","0","0","0","0","0","1","1"
"20260329174614.mp4","0","0","0","0","0","1","1"
"20260329174619.mp4","0","0","0","0","0","1","1"
"20260329174634.mp4","0","0","0","0","0","1","1"
"20260329174636.mp4","0","0","0","0","0","1","1"
"20260329174650.mp4","0","0","0","0","0","1","1"
"20260329174653.mp4","0","0","0","0","0","1","1"
"20260329174657.mp4","0","0","0","0","0","1","1"
"20260329175011.mp4","0","0","0","0","0","1","1"
"20260329175101.mp4","0","0","0","0","0","1","1"
"20260329175117.mp4","0","0","0","0","0","1","1"
"20260329175137.mp4","0","0","0","0","0","1","1"
"20260329175144.mp4","0","0","0","0","0","1","1"
"20260329175151.mp4","0","0","0","0","0","1","1"
"20260329175158.mp4","0","0","0","0","0","1","1"
"20260329174801.mp4","0","0","0","0","0","1","1"
"20260329174818.mp4","0","0","0","0","0","1","1"
"20260329174923.mp4","0","0","0","0","0","1","1"
"20260329174931.mp4","0","0","0","0","0","1","1"
"20260329174937.mp4","0","0","0","0","0","1","1"
"20260329174951.mp4","0","0","0","0","0","1","1"
"7098697015453879553.mp4","0","0","0","0","0","1","0"
"7148072419729640730.mp4","0","0","0","0","0","1","0"
"7194423747732868378.mp4","0","0","0","0","0","1","0"
"7195166995271175450.mp4","0","0","0","0","0","1","0"
"7217056573271592197.mp4","0","0","0","0","0","1","0"
"7223717290338979078.mp4","0","0","0","0","0","1","0"
"7276722604877073672.mp4","0","0","0","0","0","1","0"
"7285543570738531585.mp4","0","0","0","0","0","1","0"
"7311198243658927362.mp4","0","0","0","0","0","1","0"
"7353239199459364113.mp4","0","0","0","0","0","1","0"
"7357595639624092946.mp4","0","0","0","0","0","1","0"
"7358043256631971090.mp4","0","0","0","0","0","1","0"
"7383980774292245776.mp4","0","0","0","0","0","1","0"
"7413002096259140872.mp4","0","0","0","0","0","1","0"
"7423320846527139080.mp4","0","0","0","0","0","1","0"
"7424822412295802120.mp4","0","0","0","0","0","1","0"
"7425623813993401608.mp4","0","0","0","0","0","1","0"
"7426338605813091592.mp4","0","0","0","0","0","1","0"
"7426341385877409032.mp4","0","0","0","0","0","1","0"
"7447455626457828638.mp4","0","0","0","0","0","1","0"
"7449031623003180296.mp4","0","0","0","0","0","1","0"
"7458245787739278608.mp4","0","0","0","0","0","1","0"
"7474667209390820654.mp4","0","0","0","0","0","1","0"
"7474964442594282760.mp4","0","0","0","0","0","1","0"
"7474985250083392799.mp4","0","0","0","0","0","1","0"
"7475064760829103391.mp4","0","0","0","0","0","1","0"
"7475263808039095583.mp4","0","0","0","0","0","1","0"
"7475273476090121515.mp4","0","0","0","0","0","1","0"
"7475394159470333214.mp4","0","0","0","0","0","1","0"
"7475402668454759711.mp4","0","0","0","0","0","1","0"
"7475429003134864670.mp4","0","0","0","0","0","1","0"
"7475642962379050271.mp4","0","0","0","0","0","1","0"
"7475661628122369322.mp4","0","0","0","0","0","1","0"
"7475756882544676126.mp4","0","0","0","0","0","1","0"
"7475982122415590702.mp4","0","0","0","0","0","1","0"
"7475990201958026527.mp4","0","0","0","0","0","1","0"
"7476144258357923118.mp4","0","0","0","0","0","1","0"
"7476151999365418270.mp4","0","0","0","0","0","1","0"
"7476169170443390238.mp4","0","0","0","0","0","1","0"
"7477124797210578198.mp4","0","0","0","0","0","1","0"
"7478009767370198303.mp4","0","0","0","0","0","1","0"
"7478524671995022622.mp4","0","0","0","0","0","1","0"
"7478573103052754207.mp4","0","0","0","0","0","1","0"
"7479370559843732782.mp4","0","0","0","0","0","1","0"
"7479518928918662431.mp4","0","0","0","0","0","1","0"
"7479878607691582750.mp4","0","0","0","0","0","1","0"
"7480204471398665503.mp4","0","0","0","0","0","1","0"
"7480909098431843630.mp4","0","0","0","0","0","1","0"
"7482309821455158550.mp4","0","0","0","0","0","1","0"
"7482352540647001351.mp4","0","0","0","0","0","1","0"
"7482380884063128854.mp4","0","0","0","0","0","1","0"
"7483216100935732510.mp4","0","0","0","0","0","1","0"
"7483397179646823711.mp4","0","0","0","0","0","1","0"
"7483486365326331182.mp4","0","0","0","0","0","1","0"
"7483972067914747182.mp4","0","0","0","0","0","1","0"
"7483976157004713262.mp4","0","0","0","0","0","1","0"
"7483983729644408095.mp4","0","0","0","0","0","1","0"
"7484185315813444895.mp4","0","0","0","0","0","1","0"
"7484195184553807150.mp4","0","0","0","0","0","1","0"
"7484559497260797215.mp4","0","0","0","0","0","1","0"
"7484705169607839006.mp4","0","0","0","0","0","1","0"
"7484901814530346262.mp4","0","0","0","0","0","1","0"
"7485042182986992942.mp4","0","0","0","0","0","1","0"
"7485049902943325470.mp4","0","0","0","0","0","1","0"
"7485876603587661078.mp4","0","0","0","0","0","1","0"
"7486021673347501334.mp4","0","0","0","0","0","1","0"
"7486103059538414878.mp4","0","0","0","0","0","1","0"
"7486581701292870934.mp4","0","0","0","0","0","1","0"
"7486787174243831083.mp4","0","0","0","0","0","1","0"
"7488951735516450078.mp4","0","0","0","0","0","1","0"
"7489352989824617750.mp4","0","0","0","0","0","1","0"
"7489458688437144854.mp4","0","0","0","0","0","1","0"
"7490630744004496686.mp4","0","0","0","0","0","1","0"
"7490639325172993302.mp4","0","0","0","0","0","1","0"
"7490745811450563870.mp4","0","0","0","0","0","1","0"
"7490780414986964255.mp4","0","0","0","0","0","1","0"
"7490855553070042399.mp4","0","0","0","0","0","1","0"
"7491026214027660586.mp4","0","0","0","0","0","1","0"
"7491267740188134698.mp4","0","0","0","0","0","1","0"
"7491298970791136543.mp4","0","0","0","0","0","1","0"
"7491361288996605215.mp4","0","0","0","0","0","1","0"
"7491387891487132974.mp4","0","0","0","0","0","1","0"
"7491611458502003998.mp4","0","0","0","0","0","1","0"
"7491628611359755550.mp4","0","0","0","0","0","1","0"
"7491669766357191966.mp4","0","0","0","0","0","1","0"
"7491694453074267422.mp4","0","0","0","0","0","1","0"
"7491808942557826335.mp4","0","0","0","0","0","1","0"
"7492622293168901418.mp4","0","0","0","0","0","1","0"
"7492753689753488671.mp4","0","0","0","0","0","1","0"
"7492756198685510942.mp4","0","0","0","0","0","1","0"
"7493528132452961543.mp4","0","0","0","0","0","1","0"
"7495123928969497886.mp4","0","0","0","0","0","1","0"
"7495132246161001759.mp4","0","0","0","0","0","1","0"
"7495337776422964511.mp4","0","0","0","0","0","1","0"
"7495412818125131038.mp4","0","0","0","0","0","1","0"
"7495482857771568414.mp4","0","0","0","0","0","1","0"
"7495673809966583058.mp4","0","0","0","0","0","1","0"
"7495777393961962770.mp4","0","0","0","0","0","1","0"
"7496060581833641247.mp4","0","0","0","0","0","1","0"
"7496070883744763144.mp4","0","0","0","0","0","1","0"
"7496769716778700062.mp4","0","0","0","0","0","1","0"
"7497143577831607583.mp4","0","0","0","0","0","1","0"
"7498195770374376734.mp4","0","0","0","0","0","1","0"
"7498336386349583634.mp4","0","0","0","0","0","1","0"
"7498354853299768607.mp4","0","0","0","0","0","1","0"
"7499806318035881246.mp4","0","0","0","0","0","1","0"
"7510586364157562143.mp4","0","0","0","0","0","1","0"
"7512464897607863559.mp4","0","0","0","0","0","1","0"
"7516104325354130706.mp4","0","0","0","0","0","1","0"
"7517277181588802834.mp4","0","0","0","0","0","1","0"
"7520510149862231326.mp4","0","0","0","0","0","1","0"
"7521724924256455943.mp4","0","0","0","0","0","1","0"
"7522040073165081887.mp4","0","0","0","0","0","1","0"
"7522311435947363615.mp4","0","0","0","0","0","1","0"
"7522407721233075486.mp4","0","0","0","0","0","1","0"
"7522874990329416968.mp4","0","0","0","0","0","1","0"
"7523518237326314759.mp4","0","0","0","0","0","1","0"
"7526505835523050760.mp4","0","0","0","0","0","1","0"
"7528076612030434582.mp4","0","0","0","0","0","1","0"
"7530112733316992287.mp4","0","0","0","0","0","1","0"
"7531787449006050591.mp4","0","0","0","0","0","1","0"
"7534569331112332575.mp4","0","0","0","0","0","1","0"
"7535070656308808990.mp4","0","0","0","0","0","1","0"
"7537006032204156190.mp4","0","0","0","0","0","1","0"
"7544820072351550750.mp4","0","0","0","0","0","1","0"
"7544843895394356511.mp4","0","0","0","0","0","1","0"
"7545839961430297886.mp4","0","0","0","0","0","1","0"
"7548499206281891085.mp4","0","0","0","0","0","1","0"
"7552930428877851959.mp4","0","0","0","0","0","1","0"
"7557425641042300190.mp4","0","0","0","0","0","1","0"
"7557428839790513438.mp4","0","0","0","0","0","1","0"
"7562947187215174943.mp4","0","0","0","0","0","1","0"
"7568240395931405599.mp4","0","0","0","0","0","1","0"
"7568260792252960030.mp4","0","0","0","0","0","1","0"
"7568413575996312862.mp4","0","0","0","0","0","1","0"
"7569541108196183310.mp4","0","0","0","0","0","1","0"
"7569681380381052190.mp4","0","0","0","0","0","1","0"
"7569697221424205087.mp4","0","0","0","0","0","1","0"
"7569706572419501342.mp4","0","0","0","0","0","1","0"
"7569854899878448439.mp4","0","0","0","0","0","1","0"
"7569983108510928159.mp4","0","0","0","0","0","1","0"
"7570247206364613901.mp4","0","0","0","0","0","1","0"
"7570618021023108382.mp4","0","0","0","0","0","1","0"
"7572623411785108766.mp4","0","0","0","0","0","1","0"
"7572625737560231199.mp4","0","0","0","0","0","1","0"
"7573056896857394462.mp4","0","0","0","0","0","1","0"
"7573060689862987039.mp4","0","0","0","0","0","1","0"
"7573063280919350559.mp4","0","0","0","0","0","1","0"
"7573313315405876510.mp4","0","0","0","0","0","1","0"
"7573384186325716254.mp4","0","0","0","0","0","1","0"
"7573685761946455326.mp4","0","0","0","0","0","1","0"
"7574501114230394142.mp4","0","0","0","0","0","1","0"
"7574515099591839007.mp4","0","0","0","0","0","1","0"
"7576955307251731767.mp4","0","1","0","0","0","1","0"
"7576956609583205663.mp4","0","1","0","0","0","1","0"
"7579251177607466271.mp4","0","0","0","0","0","1","0"
"7583561857034669342.mp4","0","0","0","0","0","1","0"
"7583710474924068127.mp4","0","0","0","0","0","1","0"
"7583926981264182542.mp4","0","0","0","0","0","1","0"
"7585515893292076318.mp4","0","0","0","0","0","1","0"
"7587632555856301342.mp4","0","0","0","0","0","1","0"
"7589581876180847880.mp4","0","0","0","0","1","0","0"
"7591569511858392351.mp4","0","0","0","0","0","1","0"
"7591985659447971103.mp4","0","0","0","0","0","1","0"
"7592224208164310303.mp4","0","0","0","0","0","1","0"
"7592464350212934942.mp4","0","0","0","0","0","1","0"
"7592903584983878925.mp4","0","0","0","0","0","1","0"
"7593428518118214942.mp4","0","0","0","0","0","1","0"
"7594733916263632159.mp4","0","0","0","0","0","1","0"
"7595113314053590302.mp4","0","0","0","0","0","1","0"
"7595241521478208799.mp4","0","0","0","0","0","1","0"
"7595437281486458142.mp4","0","0","0","0","0","1","0"
"7596000427888413982.mp4","0","0","0","0","0","1","0"
"7596537809159179551.mp4","0","0","0","0","0","1","0"
"7596709535390125325.mp4","0","0","0","0","0","1","0"
"7597037707683990814.mp4","0","0","0","0","0","1","0"
"7597353867222715679.mp4","0","0","0","0","0","1","0"
"7597787097201773854.mp4","0","0","0","0","0","1","0"
"7598869036734139678.mp4","0","0","0","0","0","1","0"
"7599940435401772318.mp4","0","0","0","0","0","1","0"
"7600756246244904223.mp4","0","0","0","0","0","1","0"
"7601417871406746910.mp4","0","0","0","0","0","1","0"
"7601757265409903902.mp4","0","0","0","0","0","1","0"
"7601869187560033567.mp4","0","0","0","0","0","1","0"
"7601875263865081119.mp4","0","0","0","0","0","1","0"
"7602960938249014558.mp4","0","0","0","0","0","1","0"
"7604011353736580382.mp4","0","0","0","0","0","1","0"
"7605195900813626654.mp4","0","0","0","0","0","1","0"
"7606230302222077214.mp4","0","0","0","0","0","1","0"
"7606396362208382239.mp4","0","0","0","0","0","1","0"
"7610067779651259678.mp4","0","0","0","0","0","1","0"
"7610686642176707854.mp4","0","0","0","0","0","1","0"
"7610782704434547998.mp4","0","0","0","0","0","1","0"
"7611373176785734943.mp4","0","0","0","0","0","1","0"
"7611806688924028173.mp4","0","0","0","0","0","1","0"
"7611846565635968287.mp4","0","0","0","0","0","1","0"
"7612189469285846302.mp4","0","0","0","0","0","1","0"
"7612281165768150303.mp4","0","0","0","0","0","1","0"
"7612284171091856671.mp4","0","0","0","0","0","1","0"
"7612328097400098078.mp4","0","0","0","0","0","1","0"
"7612874669284150559.mp4","0","0","0","0","0","1","0"
"7612940281343659295.mp4","0","0","0","0","0","1","0"
"7613670154832055583.mp4","0","0","0","0","0","1","0"
"7614005957928045855.mp4","0","0","0","0","0","1","0"
"7621570633146600722.mp4","0","0","0","0","0","1","0"
"7621872212319980831.mp4","0","0","0","0","0","1","0"
"7622369124739501342.mp4","0","0","0","0","0","1","0"
"7622589059751415070.mp4","0","0","0","0","0","1","0"
"20260328104203.mp4","0","0","0","0","1","0","0"
"20260328104214.mp4","0","0","1","0","0","0","0"
"20260328104237.mp4","0","0","1","0","0","0","1"
"20260328104251.mp4","0","0","1","0","0","0","0"
"20260328104332.mp4","0","0","1","0","0","0","0"
"20260328104341.mp4","0","0","1","0","0","0","0"
"20260328104354.mp4","0","0","1","0","0","0","0"
"20260328102324.mp4","0","0","1","0","0","0","0"
"20260328102501.mp4","0","0","1","0","0","0","0"
"20260328102516.mp4","0","0","1","0","1","0","0"
"20260328102555.mp4","0","0","1","0","0","0","0"
"20260328102640.mp4","0","0","0","0","0","0","1"
"20260328102752.mp4","0","0","0","0","0","0","0"
"20260328102824.mp4","0","0","1","0","0","0","0"
"20260328102843.mp4","0","0","1","0","0","0","0"
"20260328102857.mp4","0","0","1","0","0","0","0"
"20260328102907.mp4","0","0","1","0","0","0","0"
"20260328103145.mp4","0","0","1","0","0","0","0"
"20260328103156.mp4","0","0","1","0","0","0","0"
"20260328103234.mp4","0","0","1","0","0","0","0"
"20260328103432.mp4","0","0","1","0","0","0","0"
"20260328103445.mp4","0","0","1","0","0","0","0"
"20260328103454.mp4","0","0","1","0","0","0","0"
"20260328103524.mp4","0","0","1","0","0","0","0"
"20260328103553.mp4","0","0","1","0","0","0","1"
"20260328103613.mp4","0","0","1","0","0","0","0"
"20260328103619.mp4","0","0","1","0","0","0","1"
"20260328103922.mp4","0","0","1","0","0","0","0"
"20260328104002.mp4","0","0","1","0","0","0","0"
"20260328104033.mp4","0","0","0","0","0","0","1"
"20260328104107.mp4","0","0","1","0","0","0","0"
"20260328104129.mp4","0","0","1","0","0","0","1"
"20260328110052.mp4","0","0","1","0","0","0","0"
"20260328110059.mp4","0","0","0","0","0","0","1"
"20260328110134.mp4","0","0","1","0","0","0","0"
"20260328110208.mp4","0","0","1","0","0","0","0"
"20260328110222.mp4","0","0","1","0","0","0","0"
"20260328110531.mp4","0","0","0","0","0","0","1"
"20260328104647.mp4","0","0","1","0","0","0","1"
"20260328104655.mp4","0","0","1","0","0","0","0"
"20260328104702.mp4","0","0","1","0","0","0","1"
"20260328104711.mp4","0","0","1","0","0","0","0"
"20260328104717.mp4","0","0","0","0","0","0","1"
"20260328104732.mp4","0","0","1","0","0","0","0"
"20260328104743.mp4","0","0","1","0","0","0","0"
"20260328104753.mp4","0","0","1","0","0","0","0"
"20260328104802.mp4","0","0","1","0","0","0","0"
"20260328104811.mp4","0","0","0","0","0","0","1"
"20260328104839.mp4","0","0","1","0","0","0","0"
"20260328105010.mp4","0","0","1","0","1","0","0"
"20260328105105.mp4","0","0","0","0","0","0","1"
"20260328105158.mp4","0","0","1","0","0","0","0"
"20260328105446.mp4","0","0","0","0","0","0","1"
"20260328105455.mp4","0","0","0","0","0","0","1"
"20260328105508.mp4","0","0","1","0","0","0","0"
"20260328105523.mp4","0","0","1","0","0","0","0"
"20260328105551.mp4","0","0","1","0","0","0","0"
"20260328105559.mp4","0","0","1","0","0","0","0"
"20260328105606.mp4","0","0","1","0","0","0","0"
"20260328105615.mp4","0","0","1","0","0","0","0"
"20260328105707.mp4","0","0","1","0","0","0","0"
"20260328105916.mp4","0","0","1","0","0","0","1"
"20260328105932.mp4","0","0","0","0","0","0","1"
"20260328105955.mp4","0","0","1","0","0","0","0"
"20260328110004.mp4","0","0","1","0","0","0","0"
"20260328110009.mp4","0","0","1","0","0","0","0"
"20260328110028.mp4","0","0","0","0","0","0","1"
"20260328110045.mp4","0","0","1","0","0","0","0"
"20260328112059.mp4","0","0","1","0","0","0","0"
"20260328112116.mp4","0","0","1","0","0","0","0"
"20260328112122.mp4","0","0","1","0","0","0","1"
"20260328112139.mp4","0","0","1","0","0","0","0"
"20260328112146.mp4","0","0","1","0","0","0","1"
"20260328112151.mp4","0","0","1","0","0","0","0"
"20260328110554.mp4","0","0","1","0","0","0","0"
"20260328110905.mp4","0","0","1","0","0","0","0"
"20260328110914.mp4","0","0","1","0","0","0","0"
"20260328111037.mp4","0","0","1","0","0","0","1"
"20260328111054.mp4","0","0","1","0","0","0","0"
"20260328111113.mp4","0","0","1","0","1","0","0"
"20260328111155.mp4","0","0","1","0","0","0","1"
"20260328111255.mp4","0","0","1","0","0","0","0"
"20260328111337.mp4","0","0","1","0","0","0","0"
"20260328111349.mp4","0","0","0","0","0","0","1"
"20260328111354.mp4","0","0","0","0","0","0","1"
"20260328111412.mp4","0","0","1","0","0","0","0"
"20260328111428.mp4","0","0","1","0","0","0","0"
"20260328111439.mp4","0","0","1","0","0","0","0"
"20260328111449.mp4","0","0","1","0","0","0","0"
"20260328111511.mp4","0","0","1","0","0","0","0"
"20260328111524.mp4","0","0","1","0","0","0","0"
"20260328111729.mp4","0","0","1","0","0","0","0"
"20260328111757.mp4","0","0","1","0","0","0","0"
"20260328111811.mp4","0","0","1","0","0","0","0"
"20260328111814.mp4","0","0","1","0","0","0","0"
"20260328111819.mp4","0","0","1","0","0","0","0"
"20260328111837.mp4","0","0","0","0","0","0","1"
"20260328111852.mp4","0","0","0","0","0","0","1"
"20260328112012.mp4","0","0","0","0","0","0","1"
"20260328112018.mp4","0","0","0","0","0","0","1"
"20260328112041.mp4","0","0","0","0","0","0","1"
"20260328154136.mp4","0","0","1","0","0","0","0"
"20260328154221.mp4","0","0","1","0","0","0","0"
"20260328154246.mp4","0","0","1","0","0","0","0"
"20260328154250.mp4","0","0","1","0","0","0","0"
"20260328154339.mp4","0","0","0","0","0","0","1"
"20260328154349.mp4","0","0","1","0","0","0","0"
"20260328154405.mp4","0","0","1","0","0","0","0"
"20260328112156.mp4","0","0","1","0","0","0","0"
"20260328112200.mp4","0","0","1","0","0","0","0"
"20260328112206.mp4","0","0","0","0","0","0","1"
"20260328112214.mp4","0","0","1","0","0","0","0"
"20260328112220.mp4","0","0","1","0","0","0","0"
"20260328112243.mp4","0","0","0","0","0","0","1"
"20260328112338.mp4","0","0","0","0","0","0","1"
"20260328112343.mp4","0","0","0","0","0","0","1"
"20260328112515.mp4","0","0","1","0","0","0","0"
"20260328112521.mp4","0","0","0","0","0","0","1"
"20260328112531.mp4","0","0","0","0","0","0","1"
"20260328112545.mp4","0","0","0","0","0","0","1"
"20260328112551.mp4","0","0","1","0","0","0","0"
"20260328112610.mp4","0","0","1","0","0","0","0"
"20260328112647.mp4","0","0","0","0","0","0","1"
"20260328122025.mp4","0","0","0","0","0","0","1"
"20260328122031.mp4","0","0","0","0","0","0","1"
"20260328122054.mp4","0","0","0","0","0","0","1"
"20260328122109.mp4","0","0","1","0","0","0","0"
"20260328122112.mp4","0","0","1","0","0","0","0"
"20260328122123.mp4","0","0","1","0","0","0","0"
"20260328122133.mp4","0","0","1","0","0","0","0"
"20260328122136.mp4","0","0","1","0","0","0","0"
"20260328122145.mp4","0","0","1","0","0","0","0"
"20260328122158.mp4","0","0","1","0","0","0","1"
"20260328122244.mp4","0","0","1","0","0","0","0"
"20260328122253.mp4","0","0","1","0","0","0","0"
"20260328122256.mp4","0","0","1","0","0","0","0"
"20260328155803.mp4","0","0","1","0","0","0","0"
"20260328155831.mp4","0","0","1","0","0","0","0"
"20260328155848.mp4","0","0","1","0","0","0","0"
"20260328155904.mp4","0","0","1","0","0","0","0"
"20260328155907.mp4","0","0","1","0","0","0","0"
"20260328155911.mp4","0","0","1","0","0","0","0"
"20260328154408.mp4","0","0","1","0","0","0","0"
"20260328154416.mp4","0","0","1","0","0","0","1"
"20260328154428.mp4","0","0","0","0","0","0","1"
"20260328154435.mp4","0","0","1","0","0","0","0"
"20260328154439.mp4","0","0","1","0","0","0","1"
"20260328154444.mp4","0","0","1","0","0","0","0"
"20260328154454.mp4","0","0","0","0","0","0","1"
"20260328154658.mp4","0","0","1","0","0","0","0"
"20260328154739.mp4","0","0","1","0","0","0","0"
"20260328154821.mp4","0","0","1","0","1","0","0"
"20260328154837.mp4","0","0","0","0","0","0","1"
"20260328154848.mp4","0","0","1","0","0","0","0"
"20260328155021.mp4","0","0","0","0","0","1","1"
"20260328155029.mp4","0","0","1","0","0","0","0"
"20260328155031.mp4","0","0","1","0","0","0","0"
"20260328155042.mp4","0","0","1","0","0","0","0"
"20260328155123.mp4","0","0","1","0","0","0","0"
"20260328155153.mp4","0","0","1","0","0","0","0"
"20260328155202.mp4","0","0","0","0","0","0","1"
"20260328155252.mp4","0","0","1","0","1","0","0"
"20260328155436.mp4","0","0","1","0","0","0","0"
"20260328155700.mp4","0","0","1","0","0","0","0"
"20260328155729.mp4","0","0","1","0","0","0","0"
"20260328155746.mp4","0","0","1","0","0","0","0"
"20260328155752.mp4","0","0","1","0","0","0","0"
"20260328155800.mp4","0","0","1","0","0","0","0"
"20260328161408.mp4","0","0","1","0","0","0","0"
"20260328161431.mp4","0","0","1","0","0","0","0"
"20260328161532.mp4","0","0","1","0","0","0","0"
"20260328161544.mp4","0","0","1","0","0","1","0"
"20260328155917.mp4","0","0","1","0","0","0","0"
"20260328155920.mp4","0","0","1","0","0","0","0"
"20260328155928.mp4","0","0","1","0","0","0","0"
"20260328155939.mp4","0","0","0","0","0","0","1"
"20260328155953.mp4","0","0","0","0","0","0","1"
"20260328160006.mp4","0","0","1","0","0","0","0"
"20260328160027.mp4","0","0","1","0","0","0","0"
"20260328160040.mp4","0","0","1","0","0","0","0"
"20260328160131.mp4","0","0","1","0","0","0","0"
"20260328160209.mp4","0","0","1","0","0","0","0"
"20260328160230.mp4","0","0","0","0","0","0","1"
"20260328160356.mp4","0","0","0","0","0","0","1"
"20260328160806.mp4","0","0","1","0","0","0","0"
"20260328160809.mp4","0","0","1","0","0","0","0"
"20260328160846.mp4","0","0","1","0","0","0","0"
"20260328160927.mp4","0","0","1","0","0","0","0"
"20260328160938.mp4","0","0","1","0","0","0","0"
"20260328161005.mp4","0","0","1","0","0","0","0"
"20260328161024.mp4","0","0","1","0","0","0","0"
"20260328161032.mp4","0","0","1","0","0","0","0"
"20260328161053.mp4","0","0","0","0","0","0","1"
"20260328161103.mp4","0","0","1","0","0","0","0"
"20260328161139.mp4","0","0","1","0","0","0","0"
"20260328161218.mp4","0","0","1","0","0","0","0"
"20260328161222.mp4","0","0","1","0","0","0","0"
"20260328161320.mp4","0","0","1","0","0","0","0"
"20260328161324.mp4","0","0","1","0","0","0","0"
"20260328161344.mp4","0","0","1","0","0","0","0"
"20260329140837.mp4","0","0","1","0","0","0","0"
"20260329140841.mp4","0","0","1","0","0","0","0"
"20260329140914.mp4","0","0","1","0","0","0","0"
"20260329140930.mp4","0","0","1","0","0","0","0"
"20260328161606.mp4","0","0","1","0","0","0","0"
"20260328161623.mp4","0","0","1","0","0","0","0"
"20260328161629.mp4","0","0","1","0","0","0","0"
"20260328161634.mp4","0","0","1","0","0","0","0"
"20260328161649.mp4","0","0","1","0","0","0","0"
"20260328161654.mp4","0","0","1","0","0","0","0"
"20260328161704.mp4","0","0","1","0","0","0","0"
"20260328161712.mp4","0","0","1","0","0","0","0"
"20260328161918.mp4","0","0","1","0","0","0","0"
"20260328161921.mp4","0","0","1","0","0","0","0"
"20260328161955.mp4","0","1","1","0","0","0","0"
"20260328162002.mp4","0","0","0","0","0","0","1"
"20260328162014.mp4","0","0","1","0","0","0","0"
"20260328162036.mp4","0","0","1","0","0","0","0"
"20260328162053.mp4","0","0","1","0","0","0","0"
"20260328162106.mp4","0","0","1","0","0","0","0"
"20260328162120.mp4","0","0","1","0","0","0","0"
"20260328162204.mp4","0","0","1","0","0","0","0"
"20260328163757.mp4","0","0","0","0","0","0","1"
"20260329140702.mp4","0","0","0","0","0","0","1"
"20260329140708.mp4","0","0","1","0","0","0","0"
"20260329140712.mp4","0","0","1","0","0","0","0"
"20260329140716.mp4","0","0","1","0","0","1","0"
"20260329140801.mp4","0","0","1","0","0","0","0"
"20260329140825.mp4","0","0","1","0","0","0","0"
"20260329142222.mp4","0","0","1","0","0","0","0"
"20260329142318.mp4","0","0","1","0","0","0","0"
"20260329140946.mp4","0","0","1","0","0","0","0"
"20260329140948.mp4","0","0","1","0","0","0","1"
"20260329141209.mp4","0","0","1","0","0","0","0"
"20260329141249.mp4","0","0","1","0","0","0","0"
"20260329141257.mp4","0","0","1","0","0","0","0"
"20260329141306.mp4","0","0","0","0","0","1","1"
"20260329141415.mp4","0","0","1","0","0","0","0"
"20260329141443.mp4","0","0","1","0","0","0","1"
"20260329141450.mp4","0","0","1","0","0","0","0"
"20260329141454.mp4","0","0","1","0","0","0","0"
"20260329141540.mp4","0","0","1","0","0","0","0"
"20260329141554.mp4","0","0","1","0","0","0","1"
"20260329141604.mp4","0","0","1","0","0","0","0"
"20260329141658.mp4","0","0","1","0","0","0","0"
"20260329141709.mp4","0","0","1","0","0","0","0"
"20260329141755.mp4","0","0","1","0","0","0","1"
"20260329141844.mp4","0","0","1","0","0","0","0"
"20260329141919.mp4","0","0","0","0","0","0","1"
"20260329141926.mp4","0","0","1","0","0","0","0"
"20260329142001.mp4","0","0","1","0","0","0","0"
"20260329142005.mp4","0","0","1","0","0","0","0"
"20260329142053.mp4","0","0","1","0","0","0","0"
"20260329142105.mp4","0","0","1","0","0","0","1"
"20260329144204.mp4","0","0","1","0","0","0","0"
"20260329144209.mp4","0","0","1","0","0","0","0"
"20260329144225.mp4","0","0","1","0","0","0","0"
"20260329143812.mp4","0","0","1","0","0","0","1"
"20260329143834.mp4","0","0","1","0","0","0","0"
"20260329143840.mp4","0","0","0","0","0","0","1"
"20260329143855.mp4","0","0","1","0","0","0","0"
"20260329143857.mp4","0","0","1","0","0","0","0"
"20260329143901.mp4","0","0","0","0","0","0","1"
"20260329143908.mp4","0","0","1","0","0","0","0"
"20260329143911.mp4","0","0","0","0","0","0","1"
"20260329143933.mp4","0","0","1","0","0","0","0"
"20260329143936.mp4","0","0","1","0","0","0","1"
"20260329143939.mp4","0","0","1","0","0","0","0"
"20260329143947.mp4","0","0","1","0","0","0","0"
"20260329143952.mp4","0","0","1","0","0","0","0"
"20260329143955.mp4","0","0","1","0","0","0","0"
"20260329143958.mp4","0","0","1","0","0","0","0"
"20260329144003.mp4","0","0","1","0","0","0","0"
"20260329144028.mp4","0","0","1","0","0","0","0"
"20260329144045.mp4","0","0","1","0","0","0","0"
"20260329144052.mp4","0","0","1","0","0","0","0"
"20260329144059.mp4","0","0","0","0","0","0","1"
"20260329144102.mp4","0","0","1","0","0","0","0"
"20260329144106.mp4","0","0","1","0","0","0","0"
"20260329144113.mp4","0","0","1","0","0","0","0"
"20260329144149.mp4","0","0","1","0","0","0","0"
"7075470657554894123.mp4","0","0","1","0","0","0","0"
"7075854166068874502.mp4","0","0","1","0","0","0","0"
"7078460953397923118.mp4","0","0","1","0","0","0","0"
"20260329144515.mp4","0","0","1","0","0","0","0"
"20260329144543.mp4","0","0","1","0","0","0","0"
"20260329153512.mp4","0","0","1","0","0","1","0"
"20260329153532.mp4","0","0","1","0","0","0","0"
"20260329153538.mp4","0","0","1","0","0","0","1"
"7009459444870319387.mp4","0","0","0","1","0","0","0"
"7020848431933541637.mp4","0","0","1","0","0","0","0"
"7174607591924960558.mp4","0","0","1","0","0","0","0"
"7180181426942561582.mp4","0","0","1","0","0","0","0"
"7184527314028383494.mp4","0","0","1","0","0","0","0"
"7191684620864261381.mp4","0","0","1","0","0","0","0"
"7092561653467794730.mp4","0","0","1","0","0","0","0"
"7095890084393651461.mp4","0","0","1","0","0","0","0"
"7121034902698675502.mp4","0","0","1","0","0","0","0"
"7139366119009439002.mp4","0","0","0","0","0","0","1"
"7147668777163869483.mp4","0","0","1","0","0","0","0"
"7148103333507501317.mp4","0","0","1","0","0","0","0"
"7162909725485452587.mp4","0","0","1","0","0","0","0"
"7172752944159493422.mp4","0","0","1","0","0","0","0"
"7194130372366470443.mp4","0","0","1","0","0","0","1"
"7207591476098878766.mp4","0","0","1","0","0","0","0"
"7225265342459809051.mp4","0","0","1","0","0","0","0"
"7296810251125574918.mp4","0","0","1","0","0","0","0"
"7305719730105486598.mp4","0","0","0","0","0","0","1"
"7252933090019003654.mp4","0","0","1","0","0","0","0"
"7253091129283972394.mp4","0","0","1","0","0","0","0"
"7254410249489222917.mp4","0","0","1","0","0","0","0"
"7254614576732310790.mp4","0","0","0","0","0","0","1"
"7256445953190792453.mp4","0","0","1","0","0","0","0"
"7257042673406692614.mp4","0","0","1","0","0","0","0"
"7257804965517839621.mp4","0","0","1","0","0","0","0"
"7258914888767114501.mp4","0","0","1","0","0","0","0"
"7261876166825446662.mp4","0","0","1","0","0","0","0"
"7263377933501287685.mp4","0","0","0","0","0","0","1"
"7269235372847058181.mp4","0","0","0","0","0","0","1"
"7273781008690908421.mp4","0","0","1","0","0","0","1"
"7278255361570671877.mp4","0","0","1","0","0","0","0"
"7278696482419625258.mp4","0","0","0","0","0","0","1"
"7283079879925566725.mp4","0","0","0","0","0","0","1"
"7284930106492013830.mp4","0","0","0","0","0","0","1"
"7287904692435258630.mp4","0","0","0","0","0","0","1"
"7290882646962425093.mp4","0","0","1","0","0","0","0"
"7291988262757928198.mp4","0","0","0","0","0","0","1"
"7293097609978268933.mp4","0","0","0","0","0","0","1"
"7407848639026154783.mp4","0","0","1","0","0","0","0"
"7417839042709998853.mp4","0","0","1","0","0","0","0"
"7313308879771667717.mp4","0","0","1","0","0","0","0"
"7313720804540386606.mp4","0","0","1","0","0","0","0"
"7315391491248000262.mp4","0","0","0","0","0","0","1"
"7322426098615143685.mp4","0","0","0","0","0","0","1"
"7325388848094121221.mp4","0","0","0","0","0","0","1"
"7327243381099351302.mp4","0","0","1","0","0","0","0"
"7329473963791273222.mp4","0","0","0","0","0","0","1"
"7341357513117355270.mp4","0","0","1","0","0","0","0"
"7345253110815722794.mp4","0","0","1","0","0","0","0"
"7363406417761537322.mp4","0","0","1","0","0","0","0"
"7371821318448188677.mp4","0","0","1","0","0","0","1"
"7375113416593149189.mp4","0","0","0","0","0","0","1"
"7384423024549743878.mp4","0","0","0","0","0","0","1"
"7389643239940214021.mp4","0","0","1","0","0","0","0"
"7393298988415454469.mp4","0","0","1","0","0","0","1"
"7393672764386741509.mp4","0","0","0","0","0","0","1"
"7399982695968722182.mp4","0","0","0","0","0","0","1"
"7470237175389359415.mp4","0","0","1","0","0","0","0"
"7420438939468664070.mp4","0","1","0","0","0","0","1"
"7425657620377193734.mp4","0","0","0","0","0","0","1"
"7437093584882486535.mp4","0","0","1","0","0","0","0"
"7439712367828716808.mp4","0","0","0","0","0","0","1"
"7441544955899825416.mp4","0","0","1","0","1","0","0"
"7448892985430822186.mp4","0","0","1","0","0","0","0"
"7449050443344334085.mp4","0","0","0","0","0","0","1"
"7452718401144769798.mp4","0","0","0","0","0","0","1"
"7455339869116566792.mp4","0","0","0","0","0","0","1"
"7456075323264748842.mp4","0","0","1","0","0","0","0"
"7457591127458221318.mp4","0","0","0","0","0","0","1"
"7458663231746313477.mp4","0","0","0","0","0","0","1"
"7550267947743218950.mp4","0","0","1","0","0","0","0"
"7551401975326231819.mp4","0","0","1","0","0","0","0"
"7477529536469503233.mp4","0","0","0","0","0","0","1"
"7478641793240665352.mp4","0","0","1","0","0","0","0"
"7485811800068476166.mp4","0","0","1","0","0","0","0"
"7507215265994722590.mp4","0","0","0","0","0","0","1"
"7512277394372463918.mp4","0","0","0","0","0","0","1"
"7531864188990377238.mp4","0","0","0","0","0","0","1"
"7534684694948908294.mp4","0","0","1","0","0","0","0"
"7578072602837536022.mp4","0","0","1","0","0","0","0"
"7578940474220743957.mp4","0","0","0","0","0","0","1"
"7559230741318569272.mp4","0","0","1","0","0","0","0"
"7564351506175069460.mp4","0","0","0","0","0","0","1"
"7566660779978624278.mp4","0","1","0","0","0","0","0"
"7573832878019104055.mp4","0","1","0","0","0","0","0"
"7574117548594138388.mp4","0","0","1","0","0","0","0"
"7583281826500791607.mp4","0","1","0","0","0","0","1"
"7586035766065679671.mp4","0","0","1","0","0","0","0"
"7586631282692558101.mp4","0","0","1","0","0","0","0"
"7587568653118262550.mp4","0","0","1","0","0","0","0"
"7593242462949231885.mp4","0","0","1","0","0","0","0"
"7603874290697653524.mp4","0","0","1","0","0","0","0"
"7619688417407946015.mp4","0","0","0","0","0","0","1"
"7613403873838992660.mp4","0","0","1","0","0","0","0"
"7613852231435111711.mp4","0","0","1","0","0","0","0"
"7614148640130583809.mp4","0","0","1","0","0","0","0"
"7615540412450688269.mp4","0","0","1","0","0","0","0"
"7618701160958004511.mp4","0","1","0","0","0","0","0"
"7621369918470081813.mp4","0","0","1","0","0","0","0"
"7620258283051306261.mp4","0","0","1","0","0","0","0"
"7621747624848248094.mp4","0","0","0","0","0","1","0"
"7621937855249517846.mp4","0","0","1","0","0","0","0"
"7621976605048491295.mp4","0","0","0","0","0","0","1"
"7622023161135009044.mp4","0","0","1","0","0","0","0"
"7622189732230941983.mp4","0","0","1","0","0","0","0"
"7622085176574692639.mp4","0","0","0","0","0","0","1"
"0db818c1-6680735499067346178.mp4","0","0","0","1","0","1","0"
"285cf214-6984826254235061530.mp4","0","0","0","1","0","1","0"
"175cbeff-7009506695831375131.mp4","0","0","0","0","0","1","0"
"9b458187-7108958340117564674.mp4","0","0","0","0","0","1","0"
"add65e23-7155389419803938050.mp4","0","0","0","1","0","0","0"
"81f06cc0-7170294779304021249.mp4","0","0","0","0","0","1","0"
"0bebc016-7176224337651830042.mp4","0","0","0","0","0","1","0"
"056b8475-7181644693887913218.mp4","0","0","0","0","0","1","0"
"4add6146-7195499067093404929.mp4","0","0","0","0","0","1","0"
"a2172791-7198491177367211266.mp4","0","0","0","0","0","1","0"
"7f14fa86-7218493776740764934.mp4","0","0","0","0","0","1","0"
"4b8023ff-7218784898721565953.mp4","0","0","0","0","0","1","0"
"74433bf7-7222294722583334171.mp4","0","0","0","0","0","1","0"
"d118243f-7256030516724387078.mp4","0","0","0","0","0","1","0"
"dc487a6d-7264181305946950919.mp4","0","0","0","0","0","1","0"
"147ffd2d-7267698740591463685.mp4","0","0","0","1","0","0","0"
"602f238f-7272337812693781765.mp4","0","0","0","0","0","1","0"
"fc995c55-7278682529643760897.mp4","0","0","0","0","0","1","0"
"a5f6a8d4-7278882058930375943.mp4","0","0","0","1","0","0","0"
"5eaa54b8-7300461348775808257.mp4","0","0","0","0","0","1","0"
"2fa8174b-7301978965915290882.mp4","0","0","0","0","0","1","0"
"3b30780a-7310293062436064518.mp4","0","0","0","0","0","1","0"
"7fb661b2-7316007636644760839.mp4","0","0","0","0","0","1","0"
"fe6bd779-7321232955697925377.mp4","0","0","0","1","0","0","0"
"4700dba4-7339443581809216775.mp4","0","0","0","1","0","1","0"
"c89da686-7341327989705133320.mp4","0","0","0","0","0","1","0"
"31c3d1df-7341727737259773216.mp4","0","0","0","0","0","1","0"
"5dd6555f-7346269368990387458.mp4","0","0","0","0","0","1","0"
"016717a3-7363964666902531344.mp4","0","0","0","0","0","1","0"
"1ce5be67-7370695402175220999.mp4","0","0","0","0","0","1","0"
"77a2ac67-7373727615485660417.mp4","0","0","0","0","0","1","0"
"ae9029f2-7377358019736210695.mp4","0","0","0","0","0","1","0"
"ad9bc611-7378450860570840327.mp4","0","0","0","0","0","1","0"
"11504d5f-7386941522442259728.mp4","0","0","0","0","0","1","0"
"ab620241-7387304588291984658.mp4","0","0","0","0","0","1","0"
"14b35e4c-7390962551552625940.mp4","0","0","0","0","0","1","0"
"965911e4-7391429565266070801.mp4","0","0","0","0","0","1","0"
"c5f5c72c-7410748833174490369.mp4","0","0","0","0","0","1","0"
"f1295b63-7419577451153476865.mp4","0","0","0","0","0","1","0"
"e3e998f7-7421130882943061281.mp4","0","0","0","0","0","1","0"
"75cfb773-7430501750034926849.mp4","0","0","0","0","0","1","0"
"67979da6-7432658304297422098.mp4","0","0","0","0","0","1","0"
"865f2fc8-7434592558203817238.mp4","0","0","0","0","0","1","0"
"1277e20b-7436332526936820993.mp4","0","0","0","0","0","1","0"
"05d42e8d-7438871644375993607.mp4","0","0","0","0","0","1","0"
"048c8d8d-7438982138130615584.mp4","0","0","0","0","0","1","0"
"c64eee58-7439060814490848545.mp4","0","0","0","0","0","1","0"
"a6e63cc2-7440118936596679943.mp4","0","0","0","0","0","1","0"
"55c788a7-7440667183098760455.mp4","0","0","0","0","0","1","0"
"c9dd03f4-7455950692423961898.mp4","0","0","0","0","0","1","0"
"2656351a-7456340311409724680.mp4","0","0","0","1","0","1","0"
"934d72e0-7457503187180817697.mp4","0","0","0","0","0","1","0"
"8dd25d12-7462583564954062098.mp4","0","0","0","0","0","1","0"
"6d872c21-7463725897070152978.mp4","0","0","0","0","0","1","0"
"ae1389de-7464878701612649748.mp4","0","0","0","0","0","1","0"
"74d8a41a-7472004976663940360.mp4","0","0","0","0","0","1","0"
"a7362742-7472722857789885714.mp4","0","0","0","0","0","1","0"
"06fa6e00-7474273593677991185.mp4","0","0","0","0","0","1","0"
"755b01e3-7477943056344370454.mp4","0","0","0","0","0","1","0"
"72911b3d-7479897244221623557.mp4","0","0","0","0","0","1","0"
"160a4a30-7481190701410159879.mp4","0","0","0","0","0","1","0"
"be41aafc-7482750267943882027.mp4","0","0","0","0","0","1","0"
"536564d0-7490491697189653765.mp4","0","0","0","0","0","1","0"
"c439451d-7492706796692442376.mp4","0","0","0","0","0","1","0"
"bd911cd9-7493609305736875286.mp4","0","0","0","0","0","1","0"
"b6b9eac5-7497854758263328001.mp4","0","0","0","0","0","1","0"
"35fde7a2-7498201533985656080.mp4","0","0","0","0","0","1","0"
"9eaf53a8-7498900284186332422.mp4","0","0","0","0","0","1","0"
"9b5b8817-7499407716394290439.mp4","0","0","0","0","0","1","0"
"d5f44ae7-7499465394613144840.mp4","0","0","0","0","0","1","0"
"eb386d3b-7500067439254768904.mp4","0","0","0","0","0","1","0"
"30a091a5-7500139928110533895.mp4","0","0","0","0","0","1","0"
"1b86277c-7503391906328562975.mp4","0","0","0","0","0","1","0"
"87951bda-7504896539626687762.mp4","0","0","0","1","0","1","0"
"aaedfa1c-7506027731595922706.mp4","0","0","0","0","0","1","0"
"d89217b4-7506673033260715282.mp4","0","0","0","0","0","1","0"
"48dadc14-7508614994985110800.mp4","0","0","0","0","0","1","0"
"2713729b-7511552351900093714.mp4","0","0","0","1","0","1","0"
"09a73611-7512064282561924358.mp4","0","0","0","0","0","1","0"
"b02323e3-7513619831669771576.mp4","0","0","0","0","0","1","0"
"097e3a37-7514332308313246984.mp4","0","0","0","0","0","1","0"
"02dc428a-7514444009335557381.mp4","0","0","0","0","0","1","0"
"31ac8c85-7516656754315316487.mp4","0","0","0","0","0","1","0"
"b06239bc-7517953784279026952.mp4","0","0","0","0","0","1","0"
"11a1a20c-7518371365590666504.mp4","0","0","0","0","0","1","0"
"81ec6140-7519000884668419384.mp4","0","0","0","0","0","1","0"
"cdbffe11-7519157135675034887.mp4","0","0","0","0","0","1","0"
"f590610b-7521250022483119378.mp4","0","0","0","0","0","1","0"
"303fc4a9-7522119059861687570.mp4","0","0","0","0","0","1","0"
"0e1a63a9-7522497789486664967.mp4","0","0","0","0","0","1","0"
"74f99c8d-7523440558451297554.mp4","0","0","0","0","0","1","0"
"bec8f5f6-7524533462296972551.mp4","0","0","0","1","0","1","0"
"790d5802-7524671455456480530.mp4","0","0","0","0","0","1","0"
"31a84236-7525116845414829368.mp4","0","0","0","0","0","1","0"
"ac552c5d-7525387478149418258.mp4","0","0","0","0","0","1","0"
"e31355af-7526429636645915911.mp4","0","0","0","0","0","1","0"
"3bb3291d-7527789462886157586.mp4","0","0","0","0","0","1","1"
"4f74e9a5-7529065741987925256.mp4","0","0","0","0","0","1","0"
"29e5b0cc-7529418805697727764.mp4","0","0","0","0","0","1","0"
"189e5e08-7529764912067890439.mp4","0","0","0","1","0","1","0"
"541683a1-7530168100444982535.mp4","0","0","0","0","0","1","0"
"838b9ea9-7530426667051781390.mp4","0","0","0","0","0","1","1"
"c3a986f6-7530578173172436231.mp4","0","0","0","0","0","1","0"
"fd4a1b4a-7530646912156863762.mp4","0","0","0","0","0","1","1"
"185d263c-7531793043104550151.mp4","0","0","0","0","0","1","0"
"39c99b99-7532088488926268680.mp4","0","0","0","0","0","1","0"
"9180c633-7535056483814231326.mp4","0","0","0","0","0","1","0"
"0f62db60-7535795746621213960.mp4","0","0","0","0","0","1","1"
"3dffb8e3-7538026502890294536.mp4","0","0","0","0","0","1","0"
"002362a3-7539053216764333330.mp4","0","0","0","0","0","1","0"
"2378a3dd-7541309104027979015.mp4","0","0","0","0","0","1","0"
"b60add15-7542670298072534290.mp4","0","0","0","0","0","1","0"
"02e062ff-7542832933787258120.mp4","0","0","0","0","0","1","0"
"aed4c5ec-7543301971587976456.mp4","0","0","0","0","0","1","0"
"50a8f8f7-7543909977182850311.mp4","0","0","0","1","0","0","0"
"0106f539-7548747301284482322.mp4","0","0","0","0","0","1","0"
"69bf1124-7548961048762617095.mp4","0","0","0","0","0","1","0"
"b05b65f7-7549496310060158215.mp4","0","0","0","0","0","1","0"
"13272f07-7549790419169676562.mp4","0","0","0","0","0","1","0"
"831913c3-7550666551452634398.mp4","0","0","0","0","0","1","0"
"bc110ad4-7551999681987874055.mp4","0","0","0","0","0","1","0"
"c2f5cced-7553527139958639879.mp4","0","0","0","0","0","1","0"
"d6a03d1e-7554354434310950160.mp4","0","0","0","0","0","1","0"
"de3ba5db-7555551809520160031.mp4","0","0","0","0","0","1","0"
"4d518c18-7555768459913727239.mp4","0","0","0","0","0","1","0"
"d561a8ee-7556358398132997432.mp4","0","0","0","0","0","1","0"
"019e8e3c-7557018198915255559.mp4","0","0","0","0","0","1","0"
"d30c8bd1-7557157528497425671.mp4","0","0","0","0","0","1","0"
"8edee490-7557379401692810527.mp4","0","0","0","0","0","1","0"
"f0c67dac-7560406587408420104.mp4","0","0","0","0","0","1","0"
"b934aa84-7562785278209854721.mp4","0","0","0","0","0","1","0"
"e2d1db42-7563952252781120788.mp4","0","0","0","0","0","1","0"
"1a76b830-7565454637369789714.mp4","0","0","0","0","0","1","0"
"79195e8e-7566874155887414546.mp4","0","0","0","0","0","1","0"
"5146babc-7567763891355356423.mp4","0","0","0","1","0","0","0"
"07834cc9-7570567609851104520.mp4","0","0","0","1","0","1","0"
"06d301d4-7570743156749192469.mp4","0","0","0","0","0","1","0"
"e6410593-7573393108767919363.mp4","0","0","0","0","0","1","0"
"ef4450cc-7573915375587413266.mp4","0","0","0","0","0","1","0"
"df59bfe7-7574696002079264016.mp4","0","0","0","0","0","1","0"
"c5a16e58-7575961435956579592.mp4","0","0","0","0","0","1","0"
"414195f1-7576216950779448584.mp4","0","0","0","0","0","1","0"
"afec98e5-7577009248840781072.mp4","0","0","0","0","0","1","0"
"b0c448a2-7577304520552746257.mp4","0","0","0","0","0","1","0"
"71ae77f6-7577463746520730888.mp4","0","0","0","0","0","1","0"
"599bfcad-7577624209275342088.mp4","0","0","0","0","0","1","0"
"af1a0ed9-7577749083931151636.mp4","0","0","0","0","0","1","0"
"61ecad09-7578084469672889608.mp4","0","0","0","0","0","1","0"
"a0a90dfa-7578747687051332884.mp4","0","0","0","0","0","1","0"
"1678337e-7578963764230507779.mp4","0","0","0","0","0","1","1"
"23e18ba6-7580260258724072724.mp4","0","0","0","0","0","1","0"
"71f113df-7580605828856597780.mp4","0","0","0","0","0","1","0"
"b79fba98-7581034269028535572.mp4","0","0","0","0","0","1","0"
"ea7e635f-7581575464674659600.mp4","0","0","0","0","0","1","0"
"21ab84c3-7582972420810755346.mp4","0","0","0","0","0","1","0"
"d9a0fbd3-7583368674237500680.mp4","0","0","0","0","0","1","0"
"d49fd14f-7584096577157893396.mp4","0","0","0","0","0","1","0"
"d690a92c-7585597909522025749.mp4","0","0","0","0","0","1","0"
"f2d0b148-7586118252867226888.mp4","0","0","0","0","0","1","0"
"09402999-7586625400315464961.mp4","0","0","0","0","0","1","0"
"9e87bead-7586982101413629191.mp4","0","0","0","0","0","1","0"
"ef0f5537-7588388827140607253.mp4","0","0","0","0","0","1","0"
"783061f0-7589219658968993042.mp4","0","0","0","1","0","1","0"
"d3843ffd-7594420385530121479.mp4","0","0","0","0","0","1","0"
"c364c20b-7594452395451550998.mp4","0","0","0","0","0","1","0"
"9dbf3403-7595180238099844360.mp4","0","0","0","0","0","1","0"
"c18dbacb-7596122011793968415.mp4","0","0","0","0","0","1","0"
"8780e975-7596139705956044053.mp4","0","0","0","1","0","1","0"
"9e60231a-7599597855476550932.mp4","0","0","0","0","0","1","0"
"41a656ac-7600256845818711304.mp4","0","0","0","0","0","1","0"
"c18bf87b-7603695576454073622.mp4","0","0","0","0","0","1","0"
"5aecec12-7603980481029262613.mp4","0","0","0","0","0","1","0"
"d84258bb-7604305702101749000.mp4","0","0","0","0","0","1","0"
"cdf1c520-7604652019541904658.mp4","0","0","0","0","0","1","0"
"5e49a52a-7605808651177184530.mp4","0","0","0","0","0","1","0"
"df240aa0-7606295887865744661.mp4","0","0","0","0","0","1","0"
"e94a0cdd-7606305109894974741.mp4","0","0","0","1","0","1","0"
"79956f13-7606305417978727700.mp4","0","0","0","1","0","1","0"
"45a3b376-7607018683281444104.mp4","0","0","0","0","0","1","0"
"ec50e01c-7607021765398646034.mp4","0","0","0","0","0","1","0"
"b7f3b8dd-7607846876905344277.mp4","0","0","0","0","0","1","0"
"a82445bd-7608074718519856391.mp4","0","0","0","0","0","1","0"
"a7526728-7608187118715768085.mp4","0","0","0","0","0","1","0"
"73358029-7608694353845849364.mp4","0","0","0","0","0","1","0"
"1f7a42a7-7608882725306518804.mp4","0","0","0","0","0","1","0"
"37893780-7608927599124892948.mp4","0","0","0","0","0","1","0"
"1b1b621a-7608932400147614996.mp4","0","0","0","0","0","1","0"
"24f30f9b-7609245071891909909.mp4","0","0","0","0","0","1","0"
"8973ba38-7609326818424016135.mp4","0","0","0","0","0","1","0"
"adc8bffc-7609635466026978580.mp4","0","0","0","0","0","1","0"
"19b462e3-7610385192468876564.mp4","0","0","0","0","0","1","0"
"8f32cb76-7610405051076562193.mp4","0","0","0","0","0","1","0"
"6e08cf2c-7611155669537803541.mp4","0","0","0","0","0","1","0"
"6f8c069e-7611187338714025232.mp4","0","0","0","0","0","1","0"
"7660e2f6-7611188633831247125.mp4","0","0","0","0","0","1","0"
"300c13e3-7611233402506759446.mp4","0","0","0","0","0","1","0"
"815b4782-7611641940437749022.mp4","0","0","0","0","0","1","0"
"ed651f95-7611778729987149077.mp4","0","0","0","0","0","1","0"
"7ae2505c-7611808179592105237.mp4","0","0","0","0","0","1","0"
"3a2d1368-7612225361287335189.mp4","0","0","0","1","0","1","0"
"328f8ec0-7612319382072462613.mp4","0","0","0","0","0","1","0"
"f6220291-7612782464842452231.mp4","0","0","0","0","0","1","0"
"f077c63e-7613278506138569991.mp4","0","0","0","0","0","1","0"
"e14c26b5-7613680394185067798.mp4","0","0","0","1","0","1","0"
"5f91a4e7-7613700866624802049.mp4","0","0","0","0","0","1","0"
"6f08dbb7-7614489412998630674.mp4","0","0","0","0","0","1","0"
"3ef7e70c-7614701660278951189.mp4","0","0","0","0","0","1","0"
"6d1fafad-7615535530163309845.mp4","0","0","0","0","0","1","0"
"3fcfeaee-7616971598179945746.mp4","0","0","0","0","0","1","0"
"5490ee98-7617078104099441941.mp4","0","0","0","0","0","1","0"
"9ecf1f6e-7617186588182859029.mp4","0","0","0","1","0","1","0"
"0cc44b54-7617292489224899848.mp4","0","0","0","0","0","1","0"
"b34d9fef-7617296730282790145.mp4","0","0","0","0","0","1","0"
"586adbc8-7617388682584067345.mp4","0","0","0","0","0","1","0"
"c993ebea-7617521236935036180.mp4","0","0","0","1","0","1","0"
"f3ac7dd1-7617767207262588190.mp4","0","0","0","0","0","1","0"
"13a46e09-7617863144051936532.mp4","0","0","0","0","0","1","0"
"e3851860-7617968512140643602.mp4","0","0","0","0","0","1","0"
"189a312f-7618184815250132245.mp4","0","0","0","0","0","1","0"
"d6d9bcc3-7618465334172978452.mp4","0","0","0","0","0","1","0"
"7a9af8ec-7618590327011659024.mp4","0","0","0","0","0","1","0"
"3ab5d0ae-7618613932521016594.mp4","0","0","0","0","0","1","0"
"082334b0-7618889340185218325.mp4","0","0","0","0","0","1","0"
"25498137-7618973288517176596.mp4","0","0","0","0","0","1","0"
"c9957579-7619499752211614989.mp4","0","0","0","0","0","1","0"
"94addb0c-7620253897973615892.mp4","0","0","0","0","0","1","0"
"cb7baab2-7620331791701806366.mp4","0","0","0","0","0","1","0"
"4e603de0-7620450608457288976.mp4","0","0","0","0","0","1","0"
"3581dbb6-7620661406660054280.mp4","0","0","0","1","0","1","0"
"089e0e6b-7620743149572427028.mp4","0","0","0","0","0","1","0"
"2b93f19a-7620744533965360404.mp4","0","0","0","0","0","1","0"
"c9d34bc2-7620866927115701525.mp4","0","0","0","0","0","1","0"
"dece4900-7621046961252142344.mp4","0","0","0","0","0","1","0"
"77fcf6bb-7621062131995249940.mp4","0","0","0","0","0","1","0"
"86339b93-7621071346813898004.mp4","0","0","0","0","0","1","0"
"6a3f7c3d-7621134414369590548.mp4","0","0","0","0","0","1","0"
"c15ddef4-7621137854172908816.mp4","0","0","0","1","0","1","0"
"0e761ff7-7621266682610289928.mp4","0","0","0","0","0","1","0"
"40fbbf3f-7621401421698714887.mp4","0","0","0","0","0","1","0"
"a24d2446-7621541487095991572.mp4","0","0","0","0","0","1","0"
"ac46f57d-7621563361175670036.mp4","0","0","0","0","0","1","0"
"be7c7a3e-7621610948654222612.mp4","0","0","0","0","0","1","0"
"528b74cc-7621798204761263376.mp4","0","0","0","0","0","1","0"
"4e276d75-7621817057167805704.mp4","0","0","0","0","0","1","0"
"47da73ec-7622025182726622482.mp4","0","0","0","1","0","1","0"
"2b6e433d-7622131500401609985.mp4","0","0","0","0","0","1","0"
"4b19a7d9-7622271539131567380.mp4","0","0","0","0","0","1","0"
"a7b1c000-7622281209531469077.mp4","0","0","0","0","0","1","0"
"0af8cabd-7622348479234346247.mp4","0","0","0","0","0","1","0"
"9b0571d7-7622402903118073095.mp4","0","0","0","1","0","1","0"
"cb44d968-7445965267647122706.mp4","0","0","0","0","1","0","0"
"c4333c4b-7506468203036495111.mp4","0","0","0","0","1","0","0"
"53b69ebd-7514120532317588743.mp4","0","0","0","0","1","0","0"
"8e061e4c-7529566345080425736.mp4","0","0","1","0","0","0","0"
"3a57bc6a-7529774723652177159.mp4","0","0","0","0","0","1","0"
"1870bd44-7544698253820873991.mp4","0","0","0","0","1","0","0"
"7ed13576-7548719050885516562.mp4","0","0","0","0","1","0","0"
"7569c3be-7563682971987791125.mp4","0","0","0","0","1","0","0"
"59d63d0c-7566862045933538567.mp4","0","0","0","0","1","0","0"
"cf1d275c-7570965601338789138.mp4","0","0","0","0","1","0","0"
"2198bac6-7572266809932516629.mp4","0","0","0","0","1","0","0"
"5a55fc95-7572954358703197458.mp4","0","0","0","0","1","0","0"
"17d6224f-7576236124402617608.mp4","0","0","0","0","1","0","0"
"8b30bfc7-7576530192454176007.mp4","0","0","0","0","1","0","0"
"13e3a0f9-7576887397388995847.mp4","0","0","0","0","1","0","0"
"5f232615-7578166770989567239.mp4","0","0","0","0","1","0","0"
"e19e6ed9-7578408076861099272.mp4","0","0","0","0","1","0","0"
"a989e4dd-7581349870418545928.mp4","0","0","0","0","1","0","0"
"24a8c0e0-7583011046110153991.mp4","0","0","0","0","1","0","0"
"7feceefc-7584136111849540884.mp4","0","0","0","0","1","0","0"
"1bbbd3ee-7586446993472408840.mp4","0","0","0","0","1","0","0"
"e63559fd-7586945833661107463.mp4","0","0","0","0","1","0","0"
"8896f73f-7589235468747721992.mp4","0","0","0","0","1","0","0"
"886b06f2-7590350904298097940.mp4","0","0","0","0","1","0","0"
"5f9e4d86-7590972680103316758.mp4","0","0","0","0","1","0","0"
"20ce6b40-7591426395218234644.mp4","0","0","0","0","1","0","0"
"60387938-7593324840237501716.mp4","0","0","0","0","1","0","0"
"9b0b780c-7594346097787571476.mp4","0","0","0","0","1","0","0"
"c3c257a5-7601368725043907847.mp4","0","0","0","0","1","0","0"
"678e75cf-7604102808593534210.mp4","0","0","0","0","1","0","0"
"f2f68ab9-7610119419343228178.mp4","0","0","0","0","1","0","0"
"d6d94cc2-7611487101930048788.mp4","0","0","0","0","1","0","0"
"764fdc11-7612981277897264402.mp4","0","0","0","0","1","0","0"
"34cfd668-7613343977214938388.mp4","0","0","0","0","1","0","0"
"ab8efdf0-7613811592353811732.mp4","0","0","0","0","1","0","0"
"5790f942-7613943731175083285.mp4","0","0","0","0","1","0","0"
"b0b7ab7b-7614022772603440405.mp4","0","0","0","0","1","0","0"
"5b3c197a-7614185089777454354.mp4","0","0","0","0","1","0","0"
"efefaf71-7614389217975602450.mp4","0","0","0","0","1","0","0"
"1bda0395-7614719806058614037.mp4","0","0","0","0","1","0","0"
"03b2f46e-7615481286123130133.mp4","0","0","0","0","1","0","0"
"0af90d05-7615590111014653202.mp4","0","0","0","0","1","0","0"
"00d657bb-7617345333953137940.mp4","0","0","0","0","1","0","0"
"5c7893e8-7617801463682600213.mp4","0","0","0","0","1","0","0"
"02bc1c78-7618252424612007189.mp4","0","0","0","0","1","0","0"
"88ca05fd-7618860233535868181.mp4","0","0","0","0","1","0","0"
"1dddcd1f-7618868697989582100.mp4","0","0","0","0","1","0","0"
"a3893640-7618879236450913557.mp4","0","0","0","0","1","0","0"
"8aafda47-7619083878845648149.mp4","0","0","0","0","1","0","0"
"ef116c66-7619171310375079188.mp4","0","0","0","0","1","0","0"
"7779d2ed-7620356692592594184.mp4","0","0","0","0","1","0","0"
"49591454-7003123334292442395.mp4","0","0","0","0","0","0","0"
"e147a638-7013958752328109338.mp4","0","0","0","0","0","0","0"
"b58fe04f-7106780517269441838.mp4","0","0","0","0","0","0","0"
"6f8341d3-7254947742697458949.mp4","1","0","0","0","0","0","0"
"3d7a0b83-7342729568890916097.mp4","1","0","0","0","0","0","0"
"d443a098-7355679074188135688.mp4","1","0","0","0","0","0","0"
"4ef81378-7356622508382096672.mp4","1","0","0","0","0","0","0"
"8fedf1a1-7356746252257725704.mp4","1","0","0","1","0","0","0"
"f3ad5ea4-7363537049657298177.mp4","1","0","0","0","0","0","0"
"5cd9dbf8-7371672663091203329.mp4","1","0","0","0","0","0","0"
"ae1343bc-7413641728491572487.mp4","1","0","0","0","0","0","0"
"8c3824a7-7419512088038542593.mp4","1","0","0","0","0","0","0"
"4a31e2a4-7420467893978025224.mp4","1","0","0","0","0","0","0"
"35dbeba0-7440161838257540385.mp4","1","0","0","0","0","0","0"
"64bdf5d9-7465579111122013458.mp4","1","0","0","0","0","0","0"
"7fb7e7fe-7468124975568866567.mp4","1","0","0","0","0","0","0"
"29eb1a96-7475583914958998806.mp4","1","0","0","0","0","0","0"
"cccab504-7481656951147973896.mp4","0","0","0","0","0","0","0"
"50423a13-7483347887213088023.mp4","1","0","0","0","0","0","0"
"0be7f7cd-7492810331501219094.mp4","1","0","0","0","0","0","0"
"c4b7c666-7496462397947792648.mp4","1","0","0","0","0","0","0"
"f132a977-7497242502760549650.mp4","1","0","0","0","0","0","0"
"6123e3db-7498559204735700232.mp4","1","0","0","0","0","0","0"
"a041ca35-7498626550993095943.mp4","1","0","0","0","0","0","0"
"2b6073b3-7498669546283273494.mp4","1","0","0","0","0","0","0"
"e0f240ce-7499328654867008810.mp4","1","0","0","0","0","0","0"
"62664d8e-7499642612366757138.mp4","1","0","0","0","0","0","0"
"5d41c91d-7499665800115064086.mp4","1","0","0","0","0","0","0"
"60f464b7-7501268159576509703.mp4","1","0","0","0","0","0","0"
"489c10ba-7510929659777862930.mp4","1","0","0","0","0","0","0"
"1240d8af-7546873575697927442.mp4","1","0","0","0","0","0","0"
"a3f80629-7551751730266918162.mp4","1","0","0","0","0","0","0"
"d9ccbec8-7552805419412999432.mp4","1","0","0","0","0","0","0"
"92e0b821-7556448448573099271.mp4","1","0","0","0","0","0","0"
"68bf59dc-7558297919229676808.mp4","1","0","0","0","0","0","0"
"74831f7f-7579485761293110535.mp4","1","0","0","0","0","0","0"
"317e9bdc-7579600573817769237.mp4","1","0","0","0","0","0","0"
"417c8f3e-7580168131784559880.mp4","1","0","0","0","0","0","0"
"61a37c2a-7580358501260692743.mp4","1","0","0","0","0","0","0"
"f08a8e4c-7580364265220115735.mp4","1","0","0","0","0","0","0"
"783734a6-7580511385478532360.mp4","1","0","0","0","0","0","0"
"49384b12-7580564180311215383.mp4","1","0","0","0","0","0","0"
"be0d0efc-7580657290399780114.mp4","1","0","0","0","0","0","0"
"e8a98048-7580662801425845525.mp4","1","0","0","0","0","0","0"
"0ff3e0e0-7580672380859649300.mp4","1","0","0","0","0","0","0"
"f512a464-7580688079338409223.mp4","1","0","0","0","0","0","0"
"20838ae0-7580712463193246984.mp4","1","0","0","0","0","0","0"
"50df4cc1-7581006538492448018.mp4","1","0","0","0","0","0","0"
"79b9aeb6-7581029088429722887.mp4","1","0","0","0","0","0","0"
"34ec1cac-7581494939264109845.mp4","1","0","0","0","0","0","0"
"14ba34c9-7581584707092057365.mp4","1","0","0","0","0","0","0"
"99107057-7581610837572472072.mp4","1","0","0","0","0","0","0"
"92b591db-7581709645778291988.mp4","1","0","0","0","0","0","0"
"0be93586-7581878995600379157.mp4","1","0","0","0","0","0","0"
"00449cc5-7581918387241012488.mp4","1","0","0","0","0","0","0"
"3b680a30-7582056521840872722.mp4","1","0","0","0","0","0","0"
"3cbb4f56-7582200529984539922.mp4","1","0","0","0","0","0","0"
"f0863fdf-7582485266774920455.mp4","1","0","0","0","0","0","0"
"83be26b2-7583186173338651925.mp4","1","0","0","0","0","0","0"
"47ca5b1d-7583229697539067157.mp4","1","0","0","0","0","0","0"
"abe34015-7583305765570612511.mp4","1","0","0","0","0","0","0"
"442fd1ef-7583922111517871368.mp4","1","0","0","0","0","0","0"
"fbe3cc24-7585411531404283153.mp4","1","0","0","0","0","0","0"
"e9a2bc1e-7585770196556582152.mp4","1","0","0","0","0","0","0"
"c4c05034-7592264261590633746.mp4","1","0","0","0","0","0","0"
"0cf9fa01-7592931916681055489.mp4","1","0","0","0","0","0","0"
"2ce285e3-7599937992224001287.mp4","1","0","0","0","0","0","0"
"b44d31be-7601537707663183122.mp4","1","0","0","0","0","0","0"
"5afd7317-7602235990224260373.mp4","1","0","0","0","0","0","0"
"cbfe2f94-7603406054160043272.mp4","1","0","0","0","0","0","0"
"9b9a8b54-7603406342975491336.mp4","1","0","0","0","0","0","0"
"af795620-7604024974906494226.mp4","1","0","0","0","0","0","0"
"4bfcd8f6-7604142922941975826.mp4","1","0","0","0","0","0","0"
"f0f21863-7604646184635960584.mp4","1","0","0","0","0","0","0"
"854a6838-7605089968104426759.mp4","1","0","0","0","0","0","0"
"6a461862-7610361287914065172.mp4","1","0","0","0","0","0","0"
"a6ac9ff3-7610445693190278422.mp4","1","0","0","0","0","0","0"
"0868e5c4-7611323559931022599.mp4","1","0","0","0","0","0","0"
"c1cac1c2-7611522112863571220.mp4","1","0","0","0","0","0","0"
"96cf4bec-7611581710668418325.mp4","1","0","0","0","0","0","0"
"aa45d9df-7611594383061781780.mp4","1","0","0","0","0","0","0"
"e0e9953f-7611734008661069074.mp4","1","0","0","0","0","0","0"
"4e273e07-7612154711487171858.mp4","1","0","0","0","0","0","0"
"31859202-7612867749592714514.mp4","1","0","0","0","0","0","0"
"cb013ae6-7614046418596039943.mp4","1","0","0","0","0","0","0"
"a6033118-7614092416479399185.mp4","1","0","0","0","0","0","0"
"52d40842-7615965919868718356.mp4","1","0","0","0","0","0","0"
"232f9a7e-7618371748030893319.mp4","1","0","0","0","0","0","0"
"975763d4-7618534733894454536.mp4","1","0","0","0","0","0","0"
"22d4fce8-7619318190203620628.mp4","1","0","0","0","0","0","0"
"3fc94361-7619630967262596372.mp4","1","0","0","0","0","0","0"
"31d1389b-7619706838921088276.mp4","1","0","0","0","0","0","0"
"28f4bcf0-7619864268325915920.mp4","1","0","0","0","0","0","0"
"f756747f-7620029169304456465.mp4","1","0","0","0","0","0","0"
"36e33348-7621115017701723413.mp4","1","0","0","0","0","0","0"
"b0d0dc55-7621183167512218901.mp4","1","0","0","0","0","0","0"
"abd48053-7613776997042457874.mp4","0","0","0","0","0","0","1"
"646914c1-6840041061830692097.mp4","0","0","0","0","0","0","1"
"44dffcfd-7405890743371451666.mp4","0","0","0","1","0","0","0"
"9b70dc65-7500835510865153287.mp4","0","0","1","0","0","0","0"
"96881280-7579680852725042450.mp4","0","0","1","0","0","0","0"
"d97a3736-6638040624564014338.mp4","0","0","1","0","0","0","0"
"5ad4a32d-7198830968210246939.mp4","0","0","1","0","0","0","0"
"1c913bf4-7218564747866803483.mp4","0","0","1","0","0","0","0"
"6174cb6b-7244715233640516870.mp4","0","0","1","0","0","0","0"
"911cf7df-7377620902827085074.mp4","0","0","1","0","0","0","0"
"ea82e93b-7387108847858584850.mp4","0","0","1","0","0","0","0"
"0aa420a7-7498222319605746962.mp4","0","0","1","0","0","0","0"
"973b44e5-7498255979138518280.mp4","0","0","1","0","0","0","0"
"8e6ed9d2-7498296819189878017.mp4","0","0","1","0","0","0","0"
"ebc6a453-7498309776372272392.mp4","0","0","1","0","0","0","0"
"1269f2f9-7498323447735536912.mp4","0","0","1","0","0","0","0"
"d050d797-7498331616721374471.mp4","0","0","1","0","0","0","0"
"db44d557-7498334886063820040.mp4","0","0","1","0","0","0","0"
"4641f2af-7498379192535436562.mp4","0","0","1","0","0","0","0"
"1f0307b6-7498572179852840193.mp4","0","0","1","0","0","0","0"
"3af12d8f-7498589237978172690.mp4","0","0","1","0","0","0","0"
"de231cdd-7498672970601139474.mp4","0","0","1","0","0","0","0"
"137ad40a-7498892563445779719.mp4","0","0","1","0","0","0","0"
"5dad4518-7498898066351656200.mp4","0","0","1","0","0","0","0"
"7fdb4229-7499061163771120904.mp4","0","0","1","0","0","0","0"
"26a7ecdd-7499072952827235591.mp4","0","0","1","0","0","0","0"
"b2ae9383-7499118406549949704.mp4","0","0","1","0","0","0","0"
"2e7860cc-7499315139225652498.mp4","0","0","1","0","0","0","0"
"b27542c8-7499331543966567698.mp4","0","0","1","0","0","0","0"
"6aa6c011-7499398157436996880.mp4","0","0","1","0","0","0","0"
"853e44c0-7500237136000519432.mp4","0","0","1","0","0","0","0"
"f672bc29-7500397791131208968.mp4","0","0","1","0","0","0","0"
"8a6dea45-7500462136322166023.mp4","0","0","1","1","0","0","0"
"0ee864eb-7598131704703880469.mp4","0","0","0","1","0","0","0"
"2d97cd6a-7601842675461016852.mp4","0","0","0","1","0","0","0"
"99ac7eae-7382153653840563464.mp4","0","0","0","0","0","0","1"
"eed08325-7572892901215046933.mp4","0","0","0","0","0","1","1"
"f4aefe96-7582453078935244050.mp4","0","0","0","1","0","0","0"
"d9f41b00-7589590111948541205.mp4","0","0","0","1","0","0","0"
"7fa6580b-7590334140021574932.mp4","0","0","0","1","0","0","1"
"505d4f6b-7591080850230398228.mp4","0","0","0","1","0","0","0"
"32588854-7591470705196322068.mp4","0","0","0","0","0","0","1"
"618899ee-7592194986792209684.mp4","0","0","0","1","0","0","0"
"742c3192-7594044635287227668.mp4","0","0","0","1","0","0","1"
"fa3aefff-7597018047169285397.mp4","0","0","0","1","0","0","0"
"ab8ffa7c-7597390057707801877.mp4","0","0","0","1","0","0","0"
"9def56a3-7615478299308870933.mp4","0","0","0","1","0","0","0"
"dd9ad17c-7616590343508675861.mp4","0","0","0","1","0","0","0"
"ba676a23-7602583589393403157.mp4","0","0","0","1","0","0","0"
"0e9424b5-7603326376585858325.mp4","0","0","0","1","0","0","0"
"b7cd3e18-7604439146723036436.mp4","0","0","0","0","0","0","1"
"314ede4b-7604810118206639381.mp4","0","0","0","1","0","0","0"
"0bd076eb-7606294789084040468.mp4","0","0","0","1","0","0","0"
"e377c20a-7607036780482792724.mp4","0","0","0","1","0","0","0"
"cf14147b-7608150104406527253.mp4","0","0","0","1","0","0","0"
"5febba08-7608520988598308116.mp4","0","0","0","0","0","0","1"
"d52cc180-7610005256927268116.mp4","0","0","0","1","0","0","0"
"cda5c8b0-7611118712153885973.mp4","0","0","0","1","0","0","0"
"1efd304b-7614458144370085140.mp4","0","0","0","1","0","0","0"
"49ad3901-7616961555627904276.mp4","0","0","0","1","0","0","0"
"152c6729-7617704004373499156.mp4","0","0","0","0","0","0","0"
"c7a89ed2-7618074625989283092.mp4","0","0","0","1","0","0","0"
"baa5f77c-7618169200309292308.mp4","0","0","0","1","0","0","0"
"d277fdee-7619283403095149845.mp4","0","0","0","1","0","0","0"
"04e868ea-7620024449777044756.mp4","0","0","0","0","1","0","0"
"a91d23ab-7620396630126218517.mp4","0","0","0","1","0","0","0"
"0a55f4be-7620672681817410836.mp4","0","0","0","0","0","0","1"
"d1fd6d91-7620766800967437589.mp4","0","0","0","1","0","0","0"
"e23598b4-7595199194491522321.mp4","0","1","0","0","0","1","0"
"abef89d2-7595880107756096791.mp4","0","1","0","0","0","0","0"
"959bdd8b-7598079244450794760.mp4","0","1","0","0","0","0","0"
"ef71d854-7266395973847403778.mp4","0","1","0","0","0","0","0"
"a5755a67-7301311674059853058.mp4","0","1","0","0","0","0","0"
"87f3d4ce-7363583564635573521.mp4","0","1","0","0","0","0","0"
"085511e5-7389259354651872530.mp4","0","1","0","0","0","0","0"
"b9b80532-7441994773012974866.mp4","0","1","0","0","0","0","0"
"2c005970-7501906418467917074.mp4","0","1","0","0","0","0","0"
"e994523c-7505762112212356395.mp4","0","0","0","0","0","1","0"
"fbf86ce9-7513067301592157448.mp4","0","1","0","0","0","0","0"
"068156e2-7520159782871846152.mp4","0","1","0","0","0","0","0"
"c3838db6-7526909840254438674.mp4","0","1","0","0","0","0","0"
"2742ba64-7537636250673499399.mp4","0","1","0","0","0","0","0"
"f84d9ecf-7538086660324560136.mp4","0","1","0","0","0","0","0"
"8812d819-7550926211359214866.mp4","0","1","0","0","0","0","0"
"e3fb19c9-7552065129785953544.mp4","0","1","0","0","0","0","0"
"12194834-7564407471767375112.mp4","0","1","0","0","0","0","0"
"93f33b16-7573912944040267015.mp4","0","0","0","1","0","1","0"
"33d0dddb-7573954362368593172.mp4","0","1","0","0","0","0","0"
"64e35944-7574966062941490450.mp4","0","1","0","0","0","0","0"
"e9c057c5-7576182267458948372.mp4","0","1","0","0","0","0","0"
"aa143b51-7576523680583257352.mp4","0","1","0","0","0","0","0"
"cafd6223-7576908967515835669.mp4","0","1","0","0","0","0","0"
"447acc0f-7585163587262483720.mp4","0","0","0","0","0","1","0"
"1e5bcf0d-7594481947884129556.mp4","0","1","0","0","0","0","0"
"2e1d6739-7606225666039729426.mp4","0","1","0","0","0","0","0"
"96355320-7607296668702280980.mp4","0","1","0","0","0","0","0"
"a90ee4e0-7608053022547004692.mp4","0","1","0","0","0","0","0"
"7bdac511-7611230343474973972.mp4","0","1","0","0","0","0","0"
"3b9ad397-7612529846182317332.mp4","0","1","0","0","0","0","0"
"83cef45d-7614648913030647060.mp4","0","1","0","0","0","0","0"
"7d0fba6c-7616081531425033480.mp4","0","1","0","0","0","0","0"
"e378f158-7620595909147036948.mp4","0","1","0","0","0","0","0"
"7d865f72-7598764108451712264.mp4","0","1","0","0","0","0","0"
"139eec74-7602191238619565330.mp4","0","1","0","0","0","0","0"
"9f5a44ea-7604337360842624277.mp4","0","1","0","0","0","0","0"
"0076053e-7605964695115222292.mp4","0","1","0","0","0","0","0"
"391f505f-7493541696823643410.mp4","0","1","0","0","0","0","0"
"0db00c74-7493546210343587080.mp4","0","1","0","0","0","0","0"
"984110ea-7221371943222660379.mp4","0","0","0","1","0","0","0"
"c7b0c73b-7426638954901900551.mp4","0","0","0","1","0","0","0"
"f2862ab3-7453497962728099080.mp4","0","1","0","0","0","0","0"
"df020bbb-7492655971194473746.mp4","0","1","0","0","0","0","0"
"c951078e-7492813831639403783.mp4","0","1","0","0","0","0","0"
"749e1230-7492830087272795399.mp4","0","1","0","0","0","0","0"
"68227838-7493015771245808904.mp4","0","1","0","0","0","0","0"
"01afb057-7493018761436482824.mp4","0","1","0","0","0","0","0"
"08e0c7ef-7493033209479974152.mp4","0","1","0","0","0","0","0"
"2500cdc0-7493062948550757650.mp4","0","1","0","0","0","0","0"
"91673a46-7493084528173649170.mp4","0","1","0","0","0","0","0"
"86bf6b73-7493108689738550535.mp4","0","1","0","0","0","0","0"
"c7317b74-7493128920137583892.mp4","0","1","0","0","0","0","0"
"78b64054-7493161059923135751.mp4","0","1","0","0","0","0","0"
"b05237df-7493163036547550472.mp4","0","1","0","0","0","0","0"
"da72d4b7-7493165056805309703.mp4","0","1","0","0","0","0","0"
"7ddcc76a-7493233362983800072.mp4","0","1","0","0","0","0","0"
"406dcf47-7493399259295845633.mp4","0","1","0","0","0","0","0"
"80a98824-7493472576807718152.mp4","0","1","0","0","0","0","0"
"4c7fca0d-7493482832342371591.mp4","0","1","0","0","0","0","0"
"fa046569-7493504536875748616.mp4","0","1","0","0","0","0","0"
"ca0d2693-7494436263085280530.mp4","0","1","0","0","0","0","0"
"dca74f94-7494658436160834824.mp4","0","1","0","0","0","0","0"
"d52e23b4-7494874959995522309.mp4","0","1","0","0","0","0","0"
"00d144d5-7493574239816027399.mp4","0","1","0","0","0","0","0"
"e40036a5-7493579003454901512.mp4","0","1","0","0","0","0","0"
"62d04e74-7493735546162875656.mp4","0","1","0","0","0","0","0"
"22d84752-7493741166857374992.mp4","0","1","0","0","0","0","0"
"e1f476fc-7493768380596407560.mp4","0","1","0","0","0","0","0"
"eb6fbe27-7493854094952566024.mp4","0","1","0","0","0","0","0"
"b39d195c-7493865182213475605.mp4","0","1","0","0","0","0","0"
"19941127-7493883689961884936.mp4","0","1","0","0","0","0","0"
"60d1abe2-7493914110153755911.mp4","0","1","0","0","0","0","0"
"595c5156-7493925389254020360.mp4","0","1","0","0","0","0","0"
"daa4a4e5-7494127443519769863.mp4","0","1","0","0","0","0","0"
"f955734f-7494216229398318344.mp4","0","1","0","0","0","0","0"
"3c06757e-7494237842491804935.mp4","0","1","0","0","0","0","0"
"63a5f7e6-7494288571315047687.mp4","0","1","0","0","0","0","0"
"52f68cb6-7494324036432973072.mp4","0","1","0","0","0","0","0"
"5964421a-7602130112271731976.mp4","0","1","0","0","0","0","0"
"e6f9b08c-7603031311892401428.mp4","0","0","0","1","0","0","0"
"31705b58-7619273137498230036.mp4","0","1","0","0","0","0","0"
"7524815a-7495065394865065224.mp4","0","1","0","0","0","0","0"
"e2b1cb51-7495228724791528711.mp4","0","1","0","0","0","0","0"
"30b420e3-7495394139501104404.mp4","0","1","0","0","0","0","0"
"8ff0da8b-7498413181384019208.mp4","0","1","0","0","0","0","0"
"505a34f1-7549581348147612946.mp4","0","1","0","0","0","0","0"
"86529823-7585060075342023956.mp4","0","0","0","1","0","0","0"
"e1935e32-7597387477384432903.mp4","0","1","0","0","0","0","1"
"1a427859-7598549234257890568.mp4","0","1","0","0","0","0","0"
"91914163-7600648837253909767.mp4","0","0","1","0","0","0","0"
"244b70d0-7367596986909920528.mp4","0","0","0","1","0","0","0"
"d2544da3-7381015942433688840.mp4","1","0","0","0","0","0","0"
"5c2eb2b6-7407667338327215367.mp4","1","0","0","1","0","0","0"
"7a69da3b-7428475905959316744.mp4","1","0","0","1","0","0","0"
"88093a29-7432932363803397392.mp4","1","0","0","0","0","0","0"
"74183351-7447457983329602838.mp4","1","0","0","0","0","0","0"
"1dc392e7-7469738703389216018.mp4","0","0","0","1","0","0","0"
"a5d47e2b-6990006259332205851.mp4","1","0","0","0","0","0","0"
"c2bc9d2e-6991836108006919451.mp4","0","0","0","1","0","0","0"
"8d770135-6996860343133785370.mp4","0","0","0","1","0","0","0"
"e6bd16cd-7002194781518466330.mp4","0","0","0","1","0","0","0"
"7771e523-7133468235592109339.mp4","1","0","0","0","0","0","0"
"616da20d-7175031886618709275.mp4","1","0","0","0","0","0","0"
"0eaff6f8-7207811151449607450.mp4","1","0","0","0","0","0","0"
"29e58be9-7267084970328329480.mp4","1","0","0","0","0","0","0"
"11424e8a-7307570555127909664.mp4","1","0","0","0","0","0","0"
"80365fc9-7307770449981607200.mp4","1","0","0","0","0","0","0"
"788d4faa-7307798217997995296.mp4","1","0","0","0","0","0","0"
"9ebc1c97-7308127880549059872.mp4","0","0","0","1","0","0","0"
"8af7b793-7308187879270845728.mp4","1","0","0","0","0","0","0"
"6ba2aa7c-7308328439805775136.mp4","1","0","0","0","0","0","0"
"e2d7670d-7310168015054703905.mp4","1","0","0","0","0","0","0"
"4e81c3fc-7310759126072675617.mp4","1","0","0","0","0","0","0"
"65aa0c01-7310915826624810272.mp4","1","0","0","0","0","0","0"
"006fb1f9-7312994592629017888.mp4","1","0","0","0","0","0","0"
"b4f74dc3-7315953717864451361.mp4","1","0","0","0","0","0","0"
"c8a6231c-7316683228251802913.mp4","0","0","0","1","0","0","0"
"e29f357d-7321507975229656352.mp4","1","0","0","0","0","0","0"
"acdb674a-7322427946063482144.mp4","1","0","0","0","0","0","0"
"9fc15d2a-7323199758200261920.mp4","1","0","0","0","0","0","0"
"7643fb44-7323594931556076833.mp4","1","0","0","0","0","0","0"
"8c3db050-7323890492591115527.mp4","0","0","0","1","0","0","0"
"d13ef5ee-7328611026411310369.mp4","1","0","0","0","0","0","0"
"981770a2-7350154647354510599.mp4","0","0","0","1","0","0","0"
"638166bf-7620134360485727509.mp4","1","0","0","1","0","0","0"
"802fee6e-7492715258533006614.mp4","0","0","0","1","0","0","0"
"d972611e-7496472454316051719.mp4","1","0","0","0","0","0","0"
"6f237f6c-7601852969809612039.mp4","1","0","0","0","0","0","0"
"723a948b-7613584199278218516.mp4","1","0","0","0","0","0","0"
"8bba37d2-7615235135268801812.mp4","1","0","0","0","0","0","0"
"f7931914-7500437389345557767.mp4","0","1","0","0","0","0","0"
"8eaa7339-7505674067513527570.mp4","0","1","0","0","0","0","0"
"90e7685c-7007756862716284187.mp4","0","1","0","0","0","0","0"
"32488a5b-7012461395098864922.mp4","0","1","0","0","0","0","0"
"be8cccb2-7280802026978659586.mp4","0","1","0","0","0","0","0"
"93bbbd5e-7449706581853293841.mp4","0","1","0","0","0","0","0"
"95436ab9-7462243307758865672.mp4","0","1","0","0","0","0","0"
"426e335b-7488755126195227909.mp4","0","1","0","0","0","0","0"
"7c4ea7a8-7489044722871291142.mp4","0","1","0","0","0","0","0"
"39d4d0ee-7489471531454598406.mp4","0","1","0","0","0","0","0"
"5d906673-7489800075808492805.mp4","0","1","0","0","0","0","0"
"8afd1b1a-7489853843971296519.mp4","0","1","0","0","0","0","0"
"46d3a2cf-7490206613983317303.mp4","0","1","0","0","0","0","0"
"ad671747-7490846650244599048.mp4","0","1","0","0","0","0","0"
"d8f8faf0-7491535190876015890.mp4","0","1","0","0","0","0","0"
"87514a39-7494253309553839368.mp4","0","1","0","0","0","0","0"
"795937fe-7496179361842826503.mp4","0","1","0","0","0","0","0"
"88952f63-7497923854346603794.mp4","0","1","0","0","0","0","0"
"350a061a-7499370114853145863.mp4","0","1","0","0","0","0","0"
"8a49b62f-7575805212565327125.mp4","0","0","0","1","0","0","0"
"dc8f9067-7578455562019474695.mp4","0","1","0","0","0","0","0"
"74c1f6b6-7579118237724511509.mp4","0","0","0","1","0","0","0"
"3eff0656-7520116371825429768.mp4","0","1","0","0","0","0","0"
"75a242d7-7523872221559852295.mp4","0","1","0","0","0","0","0"
"d179e778-7526170561974635783.mp4","0","1","0","0","0","0","0"
"6a3e7241-7528773594352995602.mp4","0","1","0","0","0","0","0"
"ac5b4daf-7542033385863122194.mp4","0","1","0","0","0","0","0"
"fa80ebb9-7542927175352159508.mp4","0","1","0","0","0","0","0"
"cc2f4660-7547274270880107794.mp4","0","1","0","0","0","0","0"
"7a83a504-7561876325410147597.mp4","0","1","0","0","0","0","0"
"509165f0-7566078194407853330.mp4","0","1","0","0","0","0","0"
"b5e1fa27-7571701795894922517.mp4","0","1","0","0","0","0","0"
"afa0c64d-7595194185767193873.mp4","0","1","0","0","0","0","0"
"58e88fa3-7596720864649858311.mp4","0","1","0","0","0","0","0"
"3b04f17a-7599170080269798676.mp4","0","1","0","0","0","0","0"
"a2854624-7599301458114235668.mp4","0","1","0","0","0","0","0"
"1f75e087-7579980006420516103.mp4","0","1","0","1","0","0","0"
"94d2b3f8-7580023517635251464.mp4","0","1","0","0","0","0","0"
"0d647d50-7581041234316102933.mp4","0","1","0","0","0","0","0"
"d440cbdb-7583220606678617362.mp4","0","1","0","0","0","0","0"
"c8e34c41-7585390948272573717.mp4","0","0","0","1","0","0","0"
"d4fdf92f-7590613708540284181.mp4","0","1","0","0","0","0","0"
"a4279a48-7592559276514757906.mp4","0","1","0","0","0","0","0"
"105615fc-7592655458695908626.mp4","0","1","0","0","0","0","0"
"22ea3708-7593927938790182165.mp4","0","1","0","0","0","0","0"
"a0a14774-Download_6.mp4","0","1","0","0","0","0","0"
"d271c5f1-Download_7.mp4","0","0","0","0","0","0","1"
"0ff063c7-Download_8.mp4","0","1","0","1","0","0","0"
"2abf4065-Download_9.mp4","0","1","0","0","0","0","0"
"711c4234-Download_10.mp4","0","1","0","0","0","1","0"
"41bb73e7-7603747608925949204.mp4","0","1","0","0","0","0","0"
"d8ef427f-7604323959194127623.mp4","0","1","0","0","0","0","0"
"d8f9a91b-7604696117057555733.mp4","0","1","0","0","0","0","0"
"1d90e033-7610020894483696916.mp4","0","1","0","0","0","0","0"
"e2453f24-7612922983434308884.mp4","0","1","0","0","0","0","0"
"c9edea57-7612971983575223570.mp4","0","1","0","0","0","0","0"
"fe89f257-7615288666923027719.mp4","0","1","0","0","0","0","0"
"01a1880d-7617335475539397908.mp4","0","1","0","0","0","0","0"
"0c7756a7-7618982362247875860.mp4","0","1","0","0","0","0","0"
"36bc776a-Download_1.mp4","0","0","0","1","0","0","0"
"86e9ab14-Download_2.mp4","0","0","0","1","0","0","0"
"a339f1f4-Download_3.mp4","0","1","0","0","0","0","0"
"027b9aa9-Download_4.mp4","0","0","1","0","0","0","0"
"098d1a8e-Download_5.mp4","0","0","1","0","0","0","0"
"e94e9d0b-Download.mp4","0","0","0","0","0","0","1"
"21dbcb69-Download_11.mp4","0","0","0","1","0","1","0"
"2df1ce8f-7550528882990927122.mp4","0","0","0","0","1","0","0"
"b331f997-7575351593156005140.mp4","0","0","0","0","1","0","0"
"52d7b7d7-7360676287951818005.mp4","0","0","0","0","1","0","0"
"69f3d17b-6869885462635400450.mp4","0","0","0","0","0","0","0"
"787aac24-6880328048307178753.mp4","0","0","0","0","0","0","0"
"69aca443-6933230676762266882.mp4","0","0","0","0","0","0","0"
"7260da53-6958744540312243457.mp4","0","0","0","0","0","0","0"
"577a1ef2-6963123625994013953.mp4","0","0","0","0","0","0","0"
"9a9001f4-6966408891454295298.mp4","0","0","0","0","0","0","0"
"24905bdd-6970247374987857154.mp4","0","0","0","0","0","0","0"
"d19c5524-6978317729195379969.mp4","0","0","0","0","0","0","0"
"df98ad9a-7007372976962194714.mp4","0","0","0","0","0","0","0"
"ea7ff032-7023622824866647322.mp4","0","0","0","0","0","0","0"
"8b89eda2-7057131218713808154.mp4","0","0","0","0","0","0","0"
"1f92aff7-7167703350543191322.mp4","0","0","0","0","0","0","0"
"eee3df1c-7211095700531137834.mp4","0","0","0","0","0","0","0"
"90b54804-7224887330077674757.mp4","0","0","0","0","0","0","0"
"2754feca-7230334412666195201.mp4","0","0","0","0","0","0","0"
"0d8ee96b-7235847405571280129.mp4","0","0","0","0","0","0","0"
"713719f2-7237843494809767173.mp4","0","0","0","0","0","0","0"
"b9378d9b-7244016910717717765.mp4","0","0","0","0","0","0","0"
"ed4ad976-7250280837306977542.mp4","0","0","0","0","0","0","0"
"46ccc6b0-7252226091304160517.mp4","0","0","0","0","0","0","0"
"fb06a42f-7252580664065723654.mp4","0","0","0","0","0","0","0"
"80bfc459-7252694836560547078.mp4","0","0","0","0","0","0","0"
"681ee9e1-7256025114012110086.mp4","1","0","0","0","0","0","0"
"4ab0d437-7270702375688506630.mp4","0","0","0","0","0","0","0"
"39ead2c2-7281496607248469255.mp4","0","0","0","0","0","0","0"
"78ac157d-7284036435060051202.mp4","0","0","0","0","0","0","0"
"2800cd72-7288940608465538310.mp4","0","0","0","0","0","0","0"
"c6a9c991-7292415058448059666.mp4","0","0","0","0","0","0","0"
"85381708-7293122997311884562.mp4","0","0","0","0","0","0","0"
"21f6409a-7295644606874586369.mp4","0","0","0","0","0","0","0"
"62ee36f3-7300903738057805074.mp4","0","0","0","0","0","0","0"
"9b10147f-7305268357576559880.mp4","0","0","0","0","0","0","0"
"0d3ea491-7310510967194979592.mp4","0","0","0","0","0","0","0"
"bb5cfde3-7310555948228119810.mp4","0","0","0","0","0","0","0"
"58dbeb90-7312104019974032658.mp4","0","0","0","0","0","0","0"
"a82b921d-7331242417045212423.mp4","0","0","0","0","0","0","0"
"accccb54-7336755540787301640.mp4","0","0","0","0","0","0","0"
"42b20ddb-7337924062225665288.mp4","0","0","0","0","0","0","0"
"d648a958-7347554381660736769.mp4","0","0","0","0","0","0","0"
"d29e679a-7361823764809583878.mp4","0","0","0","0","0","0","0"
"c5c10ea2-7363501383774899473.mp4","0","0","0","0","0","0","0"
"bbb8a601-7363531759247494416.mp4","0","0","0","0","0","0","0"
"5b95366e-7376492882267491601.mp4","0","0","0","0","0","0","0"
"7bfb8de2-7389588994050346248.mp4","0","0","0","0","0","0","0"
"8da4536a-7394858619818315024.mp4","0","0","0","0","0","0","0"
"6ffea5a5-7395569901836225799.mp4","0","0","0","0","0","0","0"
"2df46ebb-7411028280528112904.mp4","0","0","0","0","0","0","0"
"db561cd6-7422280026244205832.mp4","0","0","0","0","0","0","0"
"f07e0928-7425121252123086098.mp4","0","0","0","0","0","0","0"
"59007866-7431852681460796679.mp4","0","0","0","0","0","0","0"
"0ed85324-7432856947189157138.mp4","0","0","0","0","0","0","0"
"e5c174de-7437747860864535826.mp4","0","0","0","0","0","0","0"
"bb5e9d81-7439280359491095816.mp4","0","0","0","0","0","0","0"
"3827778f-7439911938315848968.mp4","0","0","0","0","0","0","0"
"2668d2cb-7439940981991951623.mp4","0","0","0","0","0","0","0"
"2f1667a7-7440659123810716936.mp4","0","0","0","0","0","0","0"
"1a80cdff-7448823919131380999.mp4","0","0","0","0","0","0","0"
"11c304b3-7452205453037047058.mp4","0","0","0","0","0","0","0"
"1dcefc48-7452544683294706965.mp4","0","0","0","0","0","0","0"
"167cb970-7457485902563003670.mp4","0","0","0","0","0","0","0"
"c75986d4-7457866964615204098.mp4","0","0","0","0","0","0","0"
"aa3ff3da-7461170861970705665.mp4","0","0","0","0","0","0","0"
"29246bfe-7461485827093237010.mp4","0","0","0","0","0","0","0"
"7894b198-7461615601254190357.mp4","0","0","0","0","0","0","0"
"50820498-7464209576779369748.mp4","0","0","0","0","0","0","0"
"e2a230d4-7470514437904944402.mp4","0","0","0","0","0","0","0"
"bce7ee7e-7471616086375435527.mp4","0","0","0","0","0","0","0"
"3a942e20-7471617848171842823.mp4","0","0","0","0","0","0","0"
"577db82b-7472071835199212808.mp4","0","0","0","0","0","0","0"
"c01c67ab-7473046336603016466.mp4","0","0","0","0","0","0","0"
"203803ea-7478269664452152583.mp4","0","0","0","0","0","0","0"
"5b9877e7-7480409696009080071.mp4","0","0","0","0","0","0","0"
"23f3b2e3-7480572954791660807.mp4","0","0","0","0","0","0","0"
"47279ac3-7480883861820361992.mp4","0","0","0","0","0","0","0"
"265f1c4c-7480887721809251602.mp4","0","0","0","0","0","0","0"
"ec18e89f-7483441231012384018.mp4","0","0","0","0","0","0","0"
"87ce6150-7484581588584418567.mp4","0","0","0","0","0","0","0"
"a494917d-7485923860903202055.mp4","0","0","0","0","0","0","0"
"c03f692f-7487781872102100242.mp4","0","0","0","0","0","0","0"
"e82032f8-7489835619703885062.mp4","0","0","0","0","0","0","0"
"ffe9d935-7490414042108955909.mp4","0","0","0","0","0","0","0"
"2ae8fa5f-7491919174684527892.mp4","0","0","0","0","0","0","0"
"09b0a1bd-7493096124383808775.mp4","0","0","0","0","0","0","0"
"9d9a0d34-7495544470230879496.mp4","0","0","0","0","0","0","0"
"d84ff822-7495737488053439764.mp4","0","0","0","0","0","0","0"
"da24ea94-7497809264040365330.mp4","0","0","0","0","0","0","0"
"6e8830fa-7498628859009502472.mp4","0","0","0","0","0","0","0"
"464bece2-7500585759745903890.mp4","0","0","0","0","0","0","0"
"b2726967-7501318674108730642.mp4","0","0","0","0","0","0","0"
"db904ed5-7507299768893246743.mp4","0","0","0","0","0","0","0"
"67bd15ee-7510151489797573908.mp4","0","0","0","0","0","0","0"
"a67f7e35-7510390354596793618.mp4","0","0","0","0","0","0","0"
"85df156e-7511942793699314960.mp4","0","0","0","0","0","0","0"
"4468b54f-7512039849218592020.mp4","0","0","0","0","0","0","0"
"d5fc625e-7512572458327674120.mp4","0","0","0","0","0","0","0"
"8fbae70c-7512752972242226450.mp4","0","0","0","0","0","0","0"
"1b30a40e-7513871228097088776.mp4","0","0","0","0","0","0","0"
"9952701a-7516221068160290056.mp4","0","0","0","0","0","0","0"
"bf50b251-7516393683302845726.mp4","0","0","0","0","0","0","0"
"0a9d3cc5-7517547692336090386.mp4","0","0","0","0","0","0","0"
"065a59b5-7518318354629725447.mp4","0","0","0","0","0","0","0"
"4b632518-7518706779115703560.mp4","0","0","0","0","0","0","0"
"cfb76d04-7519383575792241927.mp4","0","0","0","0","0","0","0"
"c1e60742-7520197311738187009.mp4","0","0","0","0","0","0","0"
"3b5bfc5b-7520898031110245640.mp4","0","0","0","0","0","0","0"
"b4808f46-7523158527372725512.mp4","0","0","0","0","0","0","0"
"8c63f4b8-7525307258885000465.mp4","0","0","0","0","0","0","0"
"c373a078-7526429675187473671.mp4","0","0","0","0","0","0","0"
"7552e9e9-7526881251446328583.mp4","0","0","0","0","0","0","0"
"bfc78cff-7528786019496365320.mp4","0","0","0","0","0","0","0"
"8eb8c1bc-7529151178270117138.mp4","0","0","0","0","0","0","0"
"5127c026-7530939637871676680.mp4","0","0","0","0","0","0","0"
"34ec9b06-7532874538854501637.mp4","0","0","0","0","0","0","0"
"f0b80bbb-7535321995206987015.mp4","0","0","0","0","0","0","0"
"dd0ff73e-7536575877157604626.mp4","0","0","0","0","0","0","0"
"8d068853-7538346833257434375.mp4","0","0","0","0","0","0","0"
"c4aad44f-7541069059924757767.mp4","0","0","0","0","0","0","0"
"de858ccd-7546967206463048974.mp4","0","0","0","0","0","0","0"
"f2703351-7550722003267849502.mp4","0","0","0","0","0","0","0"
"481fbf86-7552177223571229960.mp4","0","0","0","0","0","0","0"
"8c99a91d-7553256950071315732.mp4","0","0","0","0","0","0","0"
"c1dd7616-7554665227267099922.mp4","0","0","0","0","0","0","0"
"915a901e-7556449581425380622.mp4","0","0","0","0","0","0","0"
"29bd2e94-7558710564432710920.mp4","0","0","0","0","0","0","0"
"5e500a73-7558856476870069522.mp4","0","0","0","0","0","0","0"
"a47397d1-7559082579777867015.mp4","0","0","0","0","0","0","0"
"fce96be6-7559243955305532679.mp4","0","0","0","0","0","0","0"
"b3dedd48-7559569001613921543.mp4","0","0","0","0","0","0","0"
"c024da2f-7561034008495279367.mp4","0","0","0","0","0","0","0"
"9f41849c-7561535975525043477.mp4","0","0","0","0","0","0","0"
"ecc0faf0-7561739236261629191.mp4","0","0","0","0","0","0","0"
"4ca94591-7562868800467619080.mp4","0","0","0","0","0","0","0"
"0562a934-7565506210032635144.mp4","0","0","0","0","0","0","0"
"9508b7cf-7566295356187643156.mp4","0","0","0","0","0","0","0"
"b664c38f-7568461918785031445.mp4","0","0","0","0","0","0","0"
"2080d38c-7568492689172352257.mp4","0","0","0","0","0","0","0"
"336fbc27-7569093790212967701.mp4","0","0","0","0","0","0","0"
"18293048-7569593525654867221.mp4","0","0","0","0","0","0","0"
"e3330693-7569870217367571720.mp4","0","0","0","0","0","0","0"
"a72168e2-7570206970632817927.mp4","0","0","0","0","0","0","0"
"addba6ea-7570225091305377042.mp4","0","0","0","0","0","0","0"
"d3c25105-7570314503632588050.mp4","0","0","0","0","0","0","0"
"bc5699c5-7571397732414393608.mp4","0","0","0","0","0","0","0"
"a78b5bf2-7571440932273409301.mp4","0","0","0","0","0","0","0"
"4d1ebf96-7571664809121303815.mp4","0","0","0","0","0","0","0"
"0d67e6d1-7571782099821219090.mp4","0","0","0","0","0","0","0"
"77b1b27c-7572114264626826514.mp4","0","0","0","0","0","0","0"
"049177f4-7572230828093082898.mp4","0","0","0","0","0","0","0"
"4c82056f-7572932249872502036.mp4","0","0","0","0","0","0","0"
"7bab9ab3-7573228002977303809.mp4","0","0","0","0","0","0","0"
"3d0bf358-7573307475445697799.mp4","0","0","0","0","0","0","0"
"ee8db600-7574797897863089428.mp4","0","0","0","0","0","0","0"
"95046ca4-7575410276195929364.mp4","0","0","0","0","0","0","0"
"5fbc7dad-7575706916257533204.mp4","0","0","0","0","0","0","0"
"a5e17fe8-7575854820146433288.mp4","0","0","0","0","0","0","0"
"3b24fec0-7576503481050107156.mp4","0","0","0","0","0","0","0"
"253830db-7576623190760295688.mp4","0","0","0","0","0","0","0"
"338bf568-7577009184785304840.mp4","0","0","0","0","0","0","0"
"90213ed6-7578008676544302357.mp4","0","0","0","0","0","0","0"
"387dc48c-7578331836066188564.mp4","0","0","0","0","0","0","0"
"0c189e66-7578369099240279303.mp4","0","0","0","0","0","0","0"
"f5f7a3f2-7578421547665247496.mp4","0","0","0","0","0","0","0"
"4e84c9d5-7578423784756104449.mp4","0","0","0","0","0","0","0"
"e7e1903f-7578492686068485384.mp4","0","0","0","0","0","0","0"
"4691dc9d-7578850427085671687.mp4","0","0","0","0","0","0","0"
"144c4795-7579098212879912200.mp4","0","0","0","0","0","0","0"
"f0056f53-7579105595920289036.mp4","0","0","0","0","0","0","0"
"3cfbf72e-7579108746845048072.mp4","0","0","0","0","0","0","0"
"1088a9e3-7579832967166479634.mp4","0","0","0","0","0","0","0"
"19146904-7580550382661717278.mp4","0","0","0","0","0","0","0"
"d97dbc43-7580614062275382535.mp4","0","0","0","0","0","0","0"
"0c7efac6-7580687531658775816.mp4","0","0","0","0","0","0","0"
"cb7808cb-7580709761516047637.mp4","0","0","0","0","0","0","0"
"a3705f0e-7580963562491792658.mp4","0","0","0","0","0","0","0"
"1f5cc30f-7581067289106140424.mp4","0","0","0","0","0","0","0"
"509ad667-7582416467291901205.mp4","1","0","0","0","0","0","0"
"d1256c9c-7583556404213058836.mp4","0","0","0","0","0","0","0"
"1a09f050-7584387708470971669.mp4","0","0","0","0","0","0","0"
"1d9c582f-7585918396701756693.mp4","0","0","0","0","0","0","0"
"94f1e370-7586055651890089228.mp4","0","0","0","0","0","0","0"
"90377a78-7586802772926811423.mp4","0","0","0","0","0","0","0"
"0c03cc4b-7587815248850210068.mp4","0","0","0","0","0","0","0"
"61447a23-7587979444271205633.mp4","0","0","0","0","0","0","0"
"bf3f54cc-7588091153615047957.mp4","0","0","0","0","0","0","0"
"e9a3d1fb-7591099673721507079.mp4","0","0","0","0","0","0","0"
"c4a3d402-7593340500355157256.mp4","0","0","0","0","0","0","0"
"e8260763-7593967287011478804.mp4","0","0","0","0","0","0","0"
"5ae95ffe-7594088032051924254.mp4","0","0","0","0","0","0","0"
"77e710f1-7594137757497281812.mp4","0","0","0","0","0","0","0"
"a933a32f-7594824065492192534.mp4","0","0","0","0","0","0","0"
"011d0fef-7595517096025492757.mp4","0","0","0","0","0","0","0"
"a056e11a-7596166305120619797.mp4","0","0","0","0","0","0","0"
"69b909c0-7596492957495119111.mp4","0","0","0","0","0","0","0"
"e4db20df-7597054171715472641.mp4","0","0","0","0","0","0","0"
"a34eaa0a-7597381772996775175.mp4","0","0","0","0","0","0","0"
"ebe22706-7597646209766968584.mp4","0","0","0","0","0","0","0"
"bf67dd4c-7598030647914974472.mp4","0","0","0","0","0","0","0"
"17a5c4e3-7598171431230262548.mp4","0","0","0","0","0","0","0"
"349f3a12-7599067433558740279.mp4","0","0","0","0","0","0","0"
"deacbc7c-7600252925616704775.mp4","0","0","0","0","0","0","0"
"a6d37f44-7600764978810916103.mp4","0","0","0","0","0","0","0"
"9ccd59fa-7601150372777954581.mp4","0","0","0","0","0","0","0"
"2f7ea8b7-7602130236658027796.mp4","0","0","0","0","0","0","0"
"4df034e5-7602249900075519253.mp4","0","0","0","0","0","0","0"
"fa08a3e8-7603701779351538962.mp4","0","0","0","0","0","0","0"
"fffc2e7e-7604142521001839890.mp4","0","0","0","0","0","0","0"
"16bcc7d9-7604888654040976661.mp4","0","0","0","0","0","0","0"
"58c1bc2e-7605458843245546770.mp4","0","0","0","0","0","0","0"
"74a68979-7605460294596349205.mp4","0","0","0","0","0","0","0"
"e050b0e4-7605835931622444308.mp4","0","0","0","0","0","0","0"
"5239687b-7606323341250546951.mp4","0","0","0","0","0","0","0"
"b7ce40c7-7606872381352692999.mp4","0","0","0","0","0","0","0"
"677a7676-7606971051662118151.mp4","0","0","0","0","0","0","0"
"c23cafae-7607354110341369095.mp4","0","0","0","0","0","0","0"
"2ae11b08-7607832506695568661.mp4","0","0","0","0","0","0","0"
"cb77c633-7608052669277588744.mp4","0","0","0","0","0","0","0"
"14e82749-7608390680385211666.mp4","0","0","0","0","0","0","0"
"f03b83e6-7609494463869701384.mp4","0","0","0","0","0","0","0"
"20c39c6b-7610645335169420551.mp4","0","0","0","0","0","0","0"
"d15f012a-7611023680813927687.mp4","0","0","0","0","0","0","0"
"24025b9f-7611548788938902792.mp4","0","0","0","0","0","0","0"
"6eecc202-7611864964139060501.mp4","0","0","0","0","0","0","0"
"247a4043-7612011085633195284.mp4","0","0","0","0","0","0","0"
"ec10605b-7612149548508548372.mp4","0","0","0","0","0","0","0"
"c84201b2-7612339336859733249.mp4","0","0","0","0","0","0","0"
"a6fda4b1-7612998124583275784.mp4","0","0","0","0","0","0","0"
"fb1667c1-7613038477118115093.mp4","0","0","0","0","0","0","0"
"f0fcd6f7-7613041453186469140.mp4","0","0","0","0","0","0","0"
"4ce1dfd9-7614080252721089800.mp4","0","0","0","0","0","0","0"
"2c8c7dfb-7614504753867033863.mp4","0","0","0","0","0","0","0"
"295b1c98-7614663062959836436.mp4","0","0","0","0","0","0","0"
"55bb0b55-7615245751697919252.mp4","1","0","0","0","0","0","0"
"1de7d68b-7616193610698034452.mp4","0","0","0","0","0","0","0"
"5d1333c1-7616215127070657813.mp4","0","0","0","0","0","0","0"
"43352600-7616998858224307477.mp4","0","0","0","0","0","0","0"
"17b68b5d-7617400631678045447.mp4","1","0","0","0","0","0","0"
"35964b23-7618094217407024405.mp4","0","0","0","0","0","0","0"
"b6b98b4d-7618161940908592404.mp4","0","0","0","0","0","0","0"
"4f207169-7618502300117503254.mp4","0","0","0","0","0","0","0"
"8c4a5e87-7618566880424545544.mp4","0","0","0","0","0","0","0"
"76cb61ec-7618587416353459477.mp4","0","0","0","0","0","0","0"
"2f0aa968-7618811002259295509.mp4","0","0","0","0","0","0","0"
"e3d9e15e-7618965409269697810.mp4","0","0","0","0","0","0","0"
"db135a08-7618993826073464084.mp4","0","0","0","0","0","0","0"
"c00038b0-7619243373534137607.mp4","0","0","0","0","0","0","0"
"e3e1edb1-7619522558668426516.mp4","0","0","0","0","0","0","0"
"aaa8e551-7619699112635682056.mp4","0","0","0","0","0","0","0"
"0af54e62-7619713051188612372.mp4","0","0","0","0","0","0","0"
"51fd934e-7619720527363460373.mp4","0","0","0","0","0","0","0"
"79d9b256-7619903261566422292.mp4","0","0","0","0","0","0","0"
"513fa8e2-7620070204034321681.mp4","0","0","0","0","0","0","0"
"2c3e199b-7620225318632066325.mp4","0","0","0","0","0","0","0"
"2aa34e2c-7620464351945821460.mp4","0","0","0","0","0","0","0"
"d9957c51-7620655867687374088.mp4","0","0","0","0","0","0","0"
"bbb97e2c-7621114168992681233.mp4","0","0","0","0","0","0","0"
"7dbbd5ae-6838404847549648133.mp4","0","0","0","0","0","0","0"
"8d132d7d-6992187749004528923.mp4","0","0","0","0","1","0","0"
"85f8a739-7080493941564427546.mp4","0","0","0","0","1","0","1"
"5a6616c5-7083315633890331930.mp4","0","0","0","0","0","0","0"
"2adc88bd-7096685592494279942.mp4","0","1","0","0","0","0","0"
"2b239410-7105906778000330010.mp4","0","1","0","0","0","0","0"
"4b6c4fcb-7146497211768130843.mp4","0","0","0","0","0","0","0"
"133d1395-7146549621349698843.mp4","0","0","0","0","1","0","0"
"291c7e03-7184327431514344730.mp4","0","0","0","0","0","0","0"
"0ce3436b-7200773856389385473.mp4","0","0","0","0","0","0","0"
"003ca31a-7207304227830385947.mp4","0","0","0","0","1","0","0"
"713f2376-7208890329406213402.mp4","0","0","0","0","1","0","0"
"ce5ff32b-7214000791470837019.mp4","0","0","0","0","1","0","0"
"7306a299-7224146168983325958.mp4","0","0","0","0","1","0","0"
"f39e8b14-7231244957674261765.mp4","0","0","0","0","0","0","0"
"925f10aa-7235992909135318278.mp4","0","0","0","0","0","0","0"
"373f9a59-7245625993489108229.mp4","0","0","0","0","1","0","0"
"4e2b559b-7246344298067725574.mp4","0","0","0","0","1","0","0"
"12a0dea1-7250087239550553349.mp4","0","0","0","0","1","0","0"
"1980c5dd-7250328762603015430.mp4","0","0","0","0","1","0","0"
"63409bb2-7250444831837736198.mp4","0","0","0","0","1","0","0"
"bf519067-7262884305850912002.mp4","0","0","0","0","1","0","0"
"36d9d8d0-7277697375563500833.mp4","0","0","0","0","0","0","0"
"27b744cb-7278468484328066336.mp4","0","0","0","0","0","0","0"
"9232d8aa-7281573980362870048.mp4","0","0","0","0","0","0","0"
"b9b22679-7290557790916021505.mp4","0","0","0","0","1","0","0"
"2a220d56-7293845013786578219.mp4","0","0","0","0","1","0","0"
"ed5a7371-7306350075062603009.mp4","0","0","0","0","1","0","0"
"91723066-7326877967781563650.mp4","0","0","0","0","0","0","0"
"75eaa6e5-7338757439690394885.mp4","0","0","0","0","0","0","0"
"0969df75-7342057492840566048.mp4","0","1","0","0","0","0","0"
"f4e674a3-7343405044085034245.mp4","0","0","0","0","0","0","0"
"f7624a28-7345138089687354631.mp4","0","0","0","0","0","0","0"
"f232aa29-7346065602949303584.mp4","0","0","0","0","1","0","0"
"ef075914-7354530856771456302.mp4","0","1","0","0","0","0","0"
"e8e9e649-7360677589385497872.mp4","0","0","0","0","1","0","0"
"f19ec253-7364416642714963206.mp4","0","1","0","0","0","0","0"
"de106450-7379931203459108103.mp4","0","0","0","0","0","0","0"
"3d96a9df-7382440106176613649.mp4","0","0","0","0","1","0","0"
"a2df3e6f-7384052466431659281.mp4","0","0","0","0","1","0","0"
"cf2f0348-7392187151829536008.mp4","0","0","0","0","1","0","0"
"ad2e0bd7-7401140011187408136.mp4","0","0","0","0","1","0","0"
"076a7ed0-7403334314915663122.mp4","0","0","0","0","1","0","0"
"760ca020-7418050992534605074.mp4","0","0","0","0","1","0","0"
"174cec94-7442571763042585864.mp4","0","0","0","0","1","0","0"
"56386ecb-7453275297304136968.mp4","0","0","0","0","1","0","0"
"621e285c-7466465369817894151.mp4","0","0","0","0","1","0","0"
"30237946-7472771859818302766.mp4","0","0","1","0","1","0","0"
"abfab463-7473341049352588562.mp4","0","0","0","0","1","0","0"
"6e7abb53-7475783661099568392.mp4","0","0","0","0","1","0","0"
"e085014b-7478253935803829511.mp4","0","0","0","0","0","0","0"
"d3b24a91-7480179977284013319.mp4","0","0","1","0","1","0","0"
"2ccb4ca0-7485025584578432264.mp4","0","0","0","0","1","0","0"
"0bda23d1-7485229689930386696.mp4","0","0","0","0","1","0","0"
"e7bcad44-7486036887975628053.mp4","0","0","0","0","1","0","0"
"4a9e8ca5-7491203684039167250.mp4","0","0","0","0","0","0","0"
"1057a7bd-7492067921464790290.mp4","0","0","1","0","0","0","0"
"535f8a25-7495950480691023124.mp4","0","0","0","0","1","0","0"
"760ef500-7498266645014564104.mp4","0","0","0","0","1","0","0"
"a5fda76b-7506726731848404242.mp4","0","0","0","0","0","0","0"
"0c841f84-7507082118275534088.mp4","0","0","0","0","1","0","0"
"68ff6a0d-7509376757561117973.mp4","0","0","0","0","1","0","0"
"b86464c3-7509488943704886536.mp4","0","0","0","0","1","0","0"
"967d2b30-7515395653107813650.mp4","0","1","0","0","0","0","0"
"e5651e42-7515444832173657351.mp4","0","0","0","0","1","0","0"
"f718c937-7516397970942741768.mp4","0","0","0","0","1","0","0"
"cf4239de-7516406080977505543.mp4","0","0","0","0","1","0","0"
"330ff844-7517587137521356039.mp4","0","0","0","0","1","0","0"
"69f01258-7517628783029931282.mp4","0","0","0","0","1","0","0"
"75aafa4f-7519896996338240775.mp4","0","0","0","0","1","0","0"
"244e8266-7528000961118211335.mp4","0","0","0","0","1","0","0"
"81d0a38f-7528077023969840392.mp4","0","0","0","0","1","0","0"
"16a71477-7530537582313147666.mp4","0","0","0","0","1","0","0"
"b151b89d-7531775451925122322.mp4","0","0","0","0","1","0","0"
"6b44477e-7532094444540218632.mp4","0","0","0","0","1","0","0"
"f18dad87-7533795248544222477.mp4","0","0","0","0","1","0","0"
"09f53adb-7534239861541244178.mp4","0","0","0","0","1","0","0"
"db340f4c-7534329774366280968.mp4","0","1","0","0","0","0","0"
"8929bc24-7534365225462615314.mp4","0","0","0","0","1","0","0"
"345f858a-7534663879306104071.mp4","0","0","0","0","1","0","0"
"0d77a134-7537313037082987784.mp4","0","0","0","0","0","0","0"
"36c7dcdd-7539560312022879506.mp4","0","0","0","0","1","0","0"
"07ecd1c4-7546089544488078599.mp4","0","0","0","0","1","0","0"
"230d6681-7547692993558367496.mp4","0","0","0","0","1","0","0"
"126cbb32-7549436900369632519.mp4","0","0","0","0","1","0","0"
"0c4fad6f-7550673427279990017.mp4","0","0","0","0","1","0","0"
"ed1fed56-7555530611117624594.mp4","0","0","0","0","1","0","0"
"1539dbd1-7556389172773195025.mp4","0","0","0","0","1","0","0"
"d8b4bd3f-7558088162229177607.mp4","0","0","1","0","1","0","0"
"0e04009b-7559568498867834134.mp4","0","1","0","0","1","0","0"
"21fb0cb2-7559815759971536145.mp4","0","1","0","1","0","0","0"
"66b55c8b-7562013390735019285.mp4","0","1","0","0","0","0","0"
"c3b0df86-7563535412631817493.mp4","0","0","0","0","1","0","0"
"1c68e286-7565408005798300946.mp4","0","0","0","0","1","0","0"
"07999068-7566820825005903124.mp4","0","0","0","0","1","0","0"
"fa899c04-7567516270812253454.mp4","0","1","0","0","0","0","0"
"e2dd62a9-7568381341645966600.mp4","0","0","0","0","0","0","0"
"8491ad72-7568845457552592148.mp4","0","0","0","0","1","0","0"
"5882f43c-7569114448653225224.mp4","0","0","0","0","0","0","0"
"d4ced419-7569198969465736469.mp4","0","1","0","0","0","0","0"
"8065e012-7570664134505696520.mp4","0","0","0","0","1","0","0"
"61ac2b1e-7571683804159724808.mp4","0","0","0","0","1","0","0"
"d74aa783-7572365319721749780.mp4","0","0","0","0","1","0","0"
"8b082df5-7572518371598634258.mp4","0","0","0","0","1","0","0"
"cf02f9d7-7572583952020507922.mp4","0","0","0","0","1","0","0"
"c25f1d1d-7573611139007909140.mp4","0","0","0","0","1","0","0"
"89d9bfbe-7573707285281705223.mp4","0","0","1","0","1","0","0"
"2809b1ca-7575592508185431314.mp4","0","0","0","0","1","0","0"
"0adeae68-7577346642786012434.mp4","0","1","0","0","0","0","0"
"a57eca50-7577606645396638994.mp4","0","0","0","0","1","0","0"
"cdf9556f-7578159161779703058.mp4","0","0","0","0","1","0","0"
"f1133cac-7578906729983855890.mp4","0","0","0","0","1","0","0"
"17f22ed7-7579837780604226817.mp4","0","1","0","0","0","0","1"
"063aec55-7580259541955185940.mp4","0","0","0","0","0","0","0"
"7b2586ea-7580608843034397970.mp4","0","0","0","1","1","0","0"
"a3c667da-7584094925847809300.mp4","0","0","0","0","1","0","0"
"c3130bbc-7585726313588198664.mp4","0","0","0","0","1","0","0"
"8f757528-7586318547580734727.mp4","0","0","0","0","1","0","0"
"3efe0905-7588405416485326088.mp4","0","0","0","0","0","0","0"
"df7b4f92-7588904856757243157.mp4","0","1","0","0","0","0","0"
"f69e3eeb-7589212394748923156.mp4","0","0","0","0","1","0","0"
"46059400-7592655132802698514.mp4","0","1","0","0","0","0","0"
"b4ed15be-7594346355544444178.mp4","0","1","0","0","0","0","0"
"988ae42e-7596150487397846280.mp4","0","1","0","0","0","0","0"
"f1f409e3-7596695797228440853.mp4","0","0","0","0","1","0","0"
"945d7f17-7601907929037425928.mp4","0","0","0","0","1","0","0"
"641e2c68-7603410195594808583.mp4","0","1","0","0","0","0","0"
"8c09bda6-7604443309536267540.mp4","0","1","0","0","0","0","0"
"bb90bd33-7605466002238754068.mp4","0","0","0","0","0","0","0"
"c8227992-7606388182837579028.mp4","0","0","0","0","1","0","0"
"cc5f5a93-7607016862655778056.mp4","0","0","0","0","0","0","0"
"79f278c9-7607720300310039815.mp4","0","0","0","0","0","0","0"
"c123d64f-7608597977292082439.mp4","0","1","0","0","0","0","0"
"819bc827-7611372909021465872.mp4","0","0","0","0","1","0","0"
"d1602482-7611697662672309525.mp4","0","0","0","0","1","0","0"
"56360e32-7614077405078146325.mp4","0","1","0","0","0","0","0"
"e5c9f839-7614079347753766164.mp4","0","1","0","0","0","0","0"
"05873396-7614125637955374357.mp4","0","0","0","0","1","0","0"
"ceb81c50-7614465422691224853.mp4","0","0","0","0","1","0","0"
"048e69d4-7615121962423094549.mp4","0","0","0","0","1","0","0"
"082cede8-7618210567538494740.mp4","0","0","0","0","1","0","0"
"63b988d7-7618802383975353621.mp4","0","0","0","0","1","0","0"
"c85c9f03-7618938327797992724.mp4","0","0","0","0","0","0","0"
"a5a1959e-7619151576388734225.mp4","0","0","0","0","0","0","0"
"aa91a13d-7620299154463411477.mp4","0","0","0","0","1","0","0"
"051bbe57-7620474121712962837.mp4","0","0","0","0","1","0","0"
"f7d15970-7620607732051315989.mp4","0","0","0","0","1","0","0"
"29818515-7620960808704478471.mp4","0","0","0","0","1","0","0"
"822b1d03-7231155909374872833.mp4","0","0","1","0","0","0","0"
"b2a9b442-7484726808743611670.mp4","0","0","1","0","0","0","0"
"f82d4e4f-7492468716358143254.mp4","0","0","1","0","0","0","0"
"8c3ed48b-7558404169741208839.mp4","0","0","1","0","0","0","0"
"d852c2f9-7564573279579606302.mp4","0","0","1","0","0","0","0"
"701c7f53-7573902133720878343.mp4","0","1","0","0","0","0","0"
"7601376488465747208.mp4","0","1","0","0","0","1","0"
"7602139612160560404.mp4","0","1","0","0","0","0","0"
"7602968611468348693.mp4","0","0","0","0","1","0","0"
"7389907131169852679.mp4","0","0","0","1","0","0","0"
"7391035328447991048.mp4","0","1","0","1","0","0","0"
"7391826507489905928.mp4","0","1","0","0","0","0","0"
"7402227284469468423.mp4","0","1","0","1","0","0","0"
"7420813121633275143.mp4","0","1","0","0","0","0","0"
"7504877701040327937.mp4","0","1","0","0","0","0","0"
"7509354416923872520.mp4","0","1","0","0","0","0","0"
"7532289306413583634.mp4","0","0","0","1","0","0","0"
"7535843079538887954.mp4","0","1","0","0","0","0","1"
"7538637851685129479.mp4","0","1","0","0","0","0","0"
"7538645857315441951.mp4","0","1","0","0","0","0","0"
"7549136872803405063.mp4","0","1","0","1","0","0","0"
"7555879358842309896.mp4","0","1","0","0","0","0","0"
"7563968794188762375.mp4","0","0","0","1","0","0","0"
"7565488891663355144.mp4","0","0","0","1","0","0","0"
"7568438902244019476.mp4","0","1","0","0","0","0","0"
"7571031604596870408.mp4","0","0","0","1","0","0","0"
"7571410503734414610.mp4","0","1","0","0","0","0","0"
"7572794721320406292.mp4","0","1","0","0","0","0","0"
"7576878806024211720.mp4","0","1","0","0","0","0","0"
"7577988171196009750.mp4","0","1","0","0","0","0","0"
"7578069923881159954.mp4","0","0","0","1","0","0","0"
"7581418362455018773.mp4","0","1","0","0","0","0","0"
"7581681877367426322.mp4","0","1","0","0","0","0","0"
"7582924174482672904.mp4","0","1","0","0","0","0","0"
"7583236063682972949.mp4","0","1","0","0","0","0","0"
"7584750489837800724.mp4","0","0","0","1","0","0","0"
"7589925610219408661.mp4","0","1","0","0","0","0","0"
"7591833844043484436.mp4","0","0","0","1","0","0","0"
"7593595385868815623.mp4","0","0","1","0","0","0","0"
"7593910024070565141.mp4","0","1","0","0","0","0","0"
"7594073096554908949.mp4","0","1","0","0","0","0","0"
"7596507599068007696.mp4","0","1","0","0","0","0","0"
"7598140597635157256.mp4","0","1","0","0","0","0","0"
"7616404822832565524.mp4","0","0","0","0","1","0","0"
"7603222441606810901.mp4","0","1","0","0","0","1","0"
"7606348222910434568.mp4","0","0","0","0","1","0","0"
"7607301898755951880.mp4","0","1","0","0","0","0","0"
"7609689440482495765.mp4","0","1","0","0","0","0","0"
"7611030315108191509.mp4","0","1","0","1","0","0","0"
"7611433199964589333.mp4","0","0","0","0","1","0","0"
"7611765058602896641.mp4","0","1","0","0","0","1","0"
"7612190634849471752.mp4","0","0","0","0","1","0","0"
"7612207670380023060.mp4","0","0","0","0","1","0","0"
"7613052186410470676.mp4","0","0","0","0","1","0","0"
"7613264375641541896.mp4","0","1","0","1","0","0","0"
"7613699017523989780.mp4","1","0","0","0","0","0","0"
"7614515828507069717.mp4","0","1","0","0","0","0","0"
"7614839464166280466.mp4","0","1","0","0","0","1","0"
"7615215388074200340.mp4","1","0","0","1","0","0","0"
"7615268100765748500.mp4","0","0","0","0","1","0","0"
"7575906979474885906.mp4","0","0","0","0","0","1","0"
"7576220651388800257.mp4","0","0","0","0","0","1","0"
"7581722064457944328.mp4","0","0","0","0","0","1","0"
"6894130963274550530.mp4","0","0","0","0","0","1","0"
"7145816016348597531.mp4","0","0","0","0","0","1","0"
"7149212422555847962.mp4","0","0","0","0","0","1","0"
"7263109060789030145.mp4","0","0","0","0","0","1","0"
"7277836316094500102.mp4","0","0","0","0","1","0","0"
"7298387321332763912.mp4","0","0","0","0","1","1","0"
"7356547942376852767.mp4","0","0","0","1","1","0","0"
"7380621123332967687.mp4","0","0","0","0","0","1","0"
"7380663578732334344.mp4","0","0","0","0","0","1","0"
"7395819787537878279.mp4","0","0","0","0","0","1","0"
"7397752071266618632.mp4","0","0","0","0","0","1","0"
"7400025793574767889.mp4","0","0","0","0","1","1","0"
"7407357988098280711.mp4","0","0","0","0","0","1","0"
"7410790519011577096.mp4","0","0","0","0","1","0","0"
"7430995465769864466.mp4","0","0","0","0","1","0","0"
"7446759548624309512.mp4","0","0","0","0","0","1","0"
"7448925583993507080.mp4","0","0","0","0","0","1","0"
"7462270771763662098.mp4","0","0","0","0","0","1","0"
"7470589434899991815.mp4","0","0","0","0","0","1","0"
"7480482794347580692.mp4","0","0","1","0","0","1","0"
"7481515833068375304.mp4","0","0","0","0","0","1","0"
"7496385202101439751.mp4","0","0","0","0","0","1","0"
"7499851180927896850.mp4","0","0","0","0","0","1","0"
"7500215437381176583.mp4","0","0","0","0","0","1","0"
"7509795604244024584.mp4","0","0","0","0","0","1","0"
"7520525924295560479.mp4","0","0","0","0","0","1","0"
"7528097659136003335.mp4","0","0","0","0","0","1","0"
"7536429332042960150.mp4","0","0","0","0","0","1","0"
"7537492465280961799.mp4","0","0","0","0","0","1","0"
"7553258517038140673.mp4","0","0","0","1","0","1","0"
"7553979778693352722.mp4","0","0","0","0","0","1","0"
"7557042318172278038.mp4","0","0","0","0","0","1","0"
"7560488717870238983.mp4","0","0","0","1","0","1","0"
"7567069198699154710.mp4","0","0","0","0","0","1","0"
"7572958221636226317.mp4","0","0","0","0","0","1","0"
"7609547507797937416.mp4","0","0","0","0","1","0","0"
"7617001490875452693.mp4","0","0","0","0","0","1","0"
"7602495118293224724.mp4","0","0","0","0","0","1","0"
"7604394523086671111.mp4","0","0","0","0","1","0","0"
"7607789174548155666.mp4","0","0","0","0","1","0","0"
"7457800793832361223.mp4","0","0","1","0","0","0","0"
"7463797476735192328.mp4","0","0","0","0","0","1","1"
"6877693994931932422.mp4","0","0","1","1","0","0","0"
"6893574616426581250.mp4","0","0","1","0","0","0","0"
"7049745838649642242.mp4","0","0","1","0","0","0","0"
"7094351273780088069.mp4","0","0","1","0","0","0","0"
"7132684983797468462.mp4","0","0","1","0","0","0","0"
"7146642881313377541.mp4","0","0","1","0","0","0","0"
"7151757788165737755.mp4","0","0","1","0","0","0","0"
"7167890974251781419.mp4","0","0","1","0","0","0","0"
"7204797080026598683.mp4","0","0","1","0","0","0","0"
"7238074075443170566.mp4","0","0","1","0","0","0","0"
"7252521168517795078.mp4","0","0","0","0","1","0","0"
"7265834776471391506.mp4","0","0","0","1","0","0","0"
"7276082149986487570.mp4","0","0","1","0","0","0","0"
"7281493904300526850.mp4","0","0","1","0","0","0","0"
"7283410202613927170.mp4","0","1","0","0","0","0","0"
"7288942138551749895.mp4","0","0","1","0","0","0","0"
"7293744646738480390.mp4","0","0","1","0","0","0","0"
"7310979916365876482.mp4","0","0","1","0","0","0","0"
"7313093029772987654.mp4","0","0","1","0","0","0","0"
"7320683526549015813.mp4","0","0","1","0","0","0","0"
"7320840388078538002.mp4","0","0","1","0","0","0","0"
"7338913802865364230.mp4","0","0","0","0","0","0","1"
"7339474597630233874.mp4","0","0","1","0","0","0","0"
"7388140410968853792.mp4","0","0","1","0","0","0","0"
"7391822969548393748.mp4","0","0","0","0","0","0","1"
"7398307541228260641.mp4","0","0","0","0","0","0","1"
"7399816759517187333.mp4","0","0","1","0","0","0","0"
"7401587631009598737.mp4","0","0","1","0","0","0","0"
"7408935466579430663.mp4","0","0","1","0","0","0","0"
"7422535752623328530.mp4","0","0","1","0","0","0","0"
"7424380060963982613.mp4","0","0","0","0","0","0","1"
"7425007095268822304.mp4","0","0","1","0","0","0","0"
"7436100670291299591.mp4","0","0","1","0","0","0","0"
"7444443910346149138.mp4","0","0","0","0","0","0","1"
"7448104471697329454.mp4","0","0","1","0","0","0","0"
"7448263452977646855.mp4","0","0","1","0","0","0","0"
"7535830018308558088.mp4","0","0","0","0","0","0","1"
"7536042429204548872.mp4","0","0","0","0","0","0","1"
"7536247676426276103.mp4","0","1","0","0","0","0","1"
"7536307868669103415.mp4","0","0","1","0","0","0","0"
"7538612351927471390.mp4","0","0","1","0","0","0","0"
"7545769173234781496.mp4","0","0","0","0","0","0","1"
"7468292495483456776.mp4","0","0","1","0","0","0","0"
"7468780874159394050.mp4","0","0","1","0","0","0","0"
"7482961861273570591.mp4","0","0","1","0","0","0","0"
"7484004947495882030.mp4","0","0","0","0","0","0","1"
"7485803370125593864.mp4","0","0","1","0","0","0","0"
"7487098276177579271.mp4","0","0","1","0","0","0","0"
"7491257256768507154.mp4","0","0","1","0","0","0","0"
"7492262247096454418.mp4","0","0","0","0","0","0","0"
"7493489315037678870.mp4","0","0","1","0","0","0","0"
"7496445911443262738.mp4","0","0","1","0","0","0","0"
"7499550530415414550.mp4","0","0","1","0","0","0","0"
"7501025766419746103.mp4","0","0","0","0","0","0","1"
"7501180559792622855.mp4","0","0","1","0","0","0","0"
"7505811485755444498.mp4","0","0","1","0","0","0","0"
"7507505085669199109.mp4","0","0","1","0","0","0","0"
"7513270422645886215.mp4","0","0","0","0","0","0","1"
"7513966077668232470.mp4","0","0","0","0","0","0","1"
"7516566141800680722.mp4","0","0","1","0","0","0","0"
"7517302618331319574.mp4","0","0","1","0","0","0","0"
"7518976537450794245.mp4","0","0","1","0","0","0","0"
"7520768847977188622.mp4","0","0","1","0","0","0","0"
"7520942984397868296.mp4","0","0","0","0","0","0","1"
"7521176950547696926.mp4","0","0","1","0","0","0","0"
"7523400133208182072.mp4","0","0","1","0","0","0","0"
"7523750544469413142.mp4","0","0","0","0","0","0","1"
"7526017584060271886.mp4","0","0","1","0","0","0","0"
"7527320422023433494.mp4","0","0","1","0","0","0","0"
"7532394114172603655.mp4","0","0","0","1","0","0","1"
"7534068953866341645.mp4","0","0","0","0","0","0","1"
"7534778824945306898.mp4","0","0","1","0","0","0","0"
"7535775017817181448.mp4","0","0","1","0","0","0","1"
"7589113230455295244.mp4","0","0","0","1","0","0","1"
"7590969381945871630.mp4","0","0","0","0","0","0","1"
"7592205010092510467.mp4","0","0","1","0","0","0","0"
"7592844779923311889.mp4","0","0","1","0","0","0","0"
"7594022407774522645.mp4","0","0","0","0","0","0","1"
"7594151099439795474.mp4","0","0","0","0","0","0","1"
"7547202895880391966.mp4","0","0","1","0","0","0","0"
"7550206981617913096.mp4","0","0","1","0","0","0","0"
"7551826467525496071.mp4","0","0","1","0","0","1","0"
"7553236275831082252.mp4","0","0","0","0","0","0","1"
"7554807193111973132.mp4","0","0","1","0","0","0","0"
"7562196743417269505.mp4","0","0","1","0","0","0","0"
"7563279343590313236.mp4","0","0","1","0","0","0","0"
"7563390144246517014.mp4","0","0","0","0","0","0","1"
"7564014084631334166.mp4","0","0","1","0","0","0","0"
"7565533950903389458.mp4","0","0","1","0","0","0","0"
"7567918325406207253.mp4","0","0","1","0","0","0","0"
"7568132496450211094.mp4","0","0","1","0","0","0","1"
"7568883149262818582.mp4","0","0","1","0","0","0","0"
"7571060479179738376.mp4","0","0","0","0","0","0","1"
"7571769536043552007.mp4","0","0","0","0","0","0","1"
"7572866339115650311.mp4","0","0","1","0","0","0","0"
"7575540494973865234.mp4","0","0","1","0","0","0","0"
"7578577221061774623.mp4","0","0","1","0","0","1","0"
"7580266155550493960.mp4","0","0","1","0","0","0","0"
"7582499965633662229.mp4","0","0","1","0","0","0","0"
"7582506780442365239.mp4","0","1","0","0","0","0","1"
"7582539438945783062.mp4","0","0","1","0","0","0","0"
"7582920018434821384.mp4","0","0","0","0","0","1","1"
"7586689255066373397.mp4","0","0","1","0","0","0","0"
"7586792440011541782.mp4","0","0","1","0","0","0","0"
"7587180490235383062.mp4","0","0","1","0","0","0","0"
"7588993949532966147.mp4","0","0","1","0","0","0","0"
"7612943831436184853.mp4","0","0","0","0","0","0","1"
"7613715263166418183.mp4","0","0","0","0","0","0","1"
"7614833246676716808.mp4","0","0","1","0","0","1","0"
"7615601555047353621.mp4","0","0","0","0","0","0","1"
"7617894210909244692.mp4","0","0","1","0","0","0","0"
"7618079737197497621.mp4","0","0","1","0","0","0","0"
"7618472162919206164.mp4","0","0","1","0","0","0","0"
"7594466826818424071.mp4","0","0","1","0","0","0","0"
"7594704933182639380.mp4","0","0","1","0","0","0","0"
"7596972353028885767.mp4","0","0","1","0","0","0","0"
"7598951331071544607.mp4","0","0","1","0","0","0","0"
"7599489785220091157.mp4","0","0","1","0","0","0","1"
"7601911800795319573.mp4","0","0","0","0","0","0","1"
"7602221348533914901.mp4","0","0","0","0","0","1","1"
"7602247534156893448.mp4","0","0","0","0","0","0","1"
"7604103213754764565.mp4","0","0","0","0","0","0","1"
"7604428563625823496.mp4","0","0","0","0","0","0","1"
"7605440304337980692.mp4","0","0","0","0","0","0","1"
"7605478098091478279.mp4","0","0","1","0","0","0","0"
"7607872981624196370.mp4","0","0","0","0","0","0","1"
"7608111170964229384.mp4","0","0","1","0","0","0","0"
"7608928606391143698.mp4","0","0","0","0","0","0","1"
"7609411307544136980.mp4","0","0","1","0","0","0","0"
"7609685379913993479.mp4","0","0","1","0","0","0","0"
"7610504730107841814.mp4","0","0","1","0","0","0","0"
"7611926564615376135.mp4","0","0","1","0","0","0","0"
"7612148663254519061.mp4","0","0","0","0","0","0","1"
"6aaeb44f-001_pelmentoss.mp4","0","1","0","0","0","0","0"
"01bb8f6c-001_danielmart.mp4","0","0","0","0","0","1","0"
"400fd9b3-002_gamer.mp4","0","0","0","0","0","1","1"
"9ebc8952-002_mucnuongg.mp4","0","1","0","0","0","0","0"
"49201efc-003_dammevudao.mp4","0","1","0","0","0","0","0"
"56597bbb-003_vudaden789.mp4","0","0","0","0","0","1","0"
"203f6346-6635947964965588230.mp4","0","0","0","0","0","0","0"
"1bea1a3f-6640860400176860422.mp4","0","0","0","0","0","0","0"
"227c0ef4-6647194780155514113.mp4","0","0","0","0","0","0","0"
"842adfc4-6649526540696554753.mp4","0","0","0","0","0","0","0"
"b78bb935-6890249767071304962.mp4","0","0","0","0","0","0","1"
"13b788a0-6906117952534367489.mp4","1","0","0","0","0","0","0"
"4d9a5921-7016266507890003202.mp4","0","1","0","0","0","0","0"
"38445bb3-7021074993563913474.mp4","0","1","0","0","0","0","0"
"cd4f945e-7033424343845653765.mp4","0","0","0","0","0","0","0"
"73cd9b1c-7043393079386164482.mp4","1","0","0","0","0","0","0"
"516cca45-7046672498146036993.mp4","0","0","0","0","0","0","0"
"d2627520-7048053353988836609.mp4","0","0","0","0","0","0","0"
"8e185959-7074926171347062043.mp4","0","0","0","0","0","0","0"
"f4d24ace-7080007980317478170.mp4","0","0","0","0","0","0","0"
"0ce16d0f-7084291025967009029.mp4","0","0","0","0","0","0","0"
"78e5d546-7087018212696591659.mp4","0","0","0","0","0","0","0"
"60c35c55-7087587740484750638.mp4","0","0","0","0","0","0","0"
"b1e32033-7090507546267536667.mp4","0","0","0","0","0","1","0"
"c8d57147-7092728027070647579.mp4","0","0","0","0","0","0","0"
"181685d6-7093102886795709698.mp4","0","0","0","0","0","0","0"
"da4a2e61-7094244833702759682.mp4","0","0","0","0","0","1","0"
"0b96c028-7094577143241379098.mp4","0","0","0","0","0","0","0"
"e920028b-7095634509281955099.mp4","0","0","0","0","0","1","0"
"6bb0d59a-7098520479534763291.mp4","0","0","0","0","0","1","0"
"777cce42-7099044994241056026.mp4","0","0","1","0","0","0","0"
"20f7372e-7099400035627961627.mp4","0","0","0","0","0","1","0"
"ca8f05c7-7101566691812953371.mp4","0","0","0","0","0","1","0"
"d476fcb0-7101901578768076059.mp4","0","0","0","0","0","1","0"
"ee3e1971-7130169073979231494.mp4","0","0","0","0","0","1","1"
"8eacc9c4-7132478867993840922.mp4","0","0","0","0","0","0","0"
"a6d35249-7138947299903917317.mp4","0","0","0","0","0","0","0"
"b2dc000a-7140940271063289114.mp4","0","1","0","0","0","0","0"
"67240f64-7152792219114605851.mp4","0","0","0","0","0","0","1"
"6577a5de-7163316745632075050.mp4","0","0","0","0","0","0","0"
"0dda1177-7164609799378865454.mp4","0","0","0","0","0","0","0"
"9ed7e468-7169127462612323610.mp4","0","0","0","0","0","0","0"
"c7d84c16-7169614588193901867.mp4","0","0","0","0","0","0","0"
"a955ad03-7192037588038110510.mp4","0","0","0","0","0","0","0"
"b5b5b839-7201159895167716654.mp4","0","0","0","0","0","0","0"
"fec2c23b-7217804560226602266.mp4","0","0","0","1","0","0","1"
"b16823f5-7219970331707002139.mp4","0","0","0","0","0","0","0"
"91e2a593-7222353043503713542.mp4","0","0","0","0","0","0","0"
"ee877e13-7222635973643914523.mp4","0","0","0","0","0","0","0"
"cd31ba11-7222998109326937346.mp4","0","0","0","0","0","0","0"
"e909469a-7246304559893712133.mp4","0","0","0","0","0","0","0"
"a3a87a6d-7254109428104924421.mp4","0","1","0","0","0","0","0"
"d73d8d5e-7260583303726501122.mp4","0","0","0","0","0","0","0"
"e50acb62-7261123916121345282.mp4","0","0","0","0","0","0","0"
"d732f37c-7261993516379819266.mp4","0","1","0","0","0","0","0"
"a7cea364-7262710603767205138.mp4","0","1","0","0","0","0","0"
"b129a94a-7271158311507070214.mp4","0","0","0","0","0","0","0"
"88c799e7-7271397973949435168.mp4","0","0","1","0","0","0","0"
"2dd0a252-7271834439594806534.mp4","0","0","0","1","0","0","0"
"77c835ed-7271836053491682566.mp4","0","0","0","0","0","0","0"
"9f989b56-7272667487672519968.mp4","0","0","0","0","0","0","0"
"5b7fa44b-7274952143738653957.mp4","0","1","0","0","0","0","0"
"61f8c684-7279806259790925074.mp4","0","0","0","0","0","0","0"
"dc3caae1-7281892001946094866.mp4","0","0","0","0","0","0","0"
"38406c7b-7284475700948602119.mp4","0","0","0","0","0","0","0"
"ca92eb02-7284991879303662880.mp4","0","0","0","0","0","0","0"
"359fd35e-7286844404168543521.mp4","0","0","0","0","0","0","0"
"3e5b1344-7288417898064858401.mp4","0","0","0","0","0","0","0"
"51a620aa-7303189132690427168.mp4","0","0","0","0","0","1","0"
"e9b32e3c-7304712679069994283.mp4","0","0","0","0","0","0","0"
"e00c9435-7308100970565750021.mp4","0","0","0","0","0","0","0"
"21c98366-7309105647512030469.mp4","0","0","0","0","0","0","0"
"57303e32-7309732383412981024.mp4","0","0","0","0","0","0","1"
"bcb94d80-7312753366457781509.mp4","0","1","0","0","0","0","0"
"719a2e2c-7314831698624023841.mp4","0","0","0","0","0","0","0"
"bb3a2271-7315291457831570694.mp4","0","0","0","0","0","0","0"
"2734835a-7315735717114596609.mp4","0","0","0","0","0","0","0"
"52cf6a83-7316182992655781153.mp4","0","0","0","0","0","0","0"
"8abd320d-7317336248354540846.mp4","0","1","0","0","0","0","0"
"c659b933-7320330706964565280.mp4","0","0","0","0","0","0","0"
"d8d8727f-7321047247385333025.mp4","0","0","0","0","0","0","0"
"dfb78c55-7326655253611515141.mp4","0","0","0","0","0","0","0"
"0b4af6b6-7327482120631307562.mp4","0","0","0","0","0","0","0"
"019d7999-7330609686099578114.mp4","0","0","0","0","0","0","0"
"7ba936e6-7331702780513504520.mp4","0","0","0","0","0","0","0"
"149d23e6-7333130774406909189.mp4","0","0","0","0","0","0","0"
"8871681e-7335821629454322976.mp4","0","0","0","0","0","0","0"
"c02bb748-7337831564195253537.mp4","0","1","0","0","0","0","0"
"a5a1ad99-7342952870263688454.mp4","0","0","0","0","0","0","0"
"eb6780a6-7344676650405137670.mp4","0","1","0","0","0","0","0"
"a8d69589-7348973110709849376.mp4","0","0","0","0","0","0","0"
"7f1e1ae4-7349031826792451336.mp4","0","0","0","0","0","0","0"
"4af42091-7351440490484501803.mp4","0","0","0","0","0","0","0"
"8df73df1-7352110727626312966.mp4","0","1","0","0","0","0","0"
"0ebe19de-7354022270009953543.mp4","0","0","0","0","0","0","0"
"d5f213d4-7354022456589356296.mp4","0","0","0","0","0","0","0"
"ece6ac74-7354027574714027271.mp4","0","0","0","0","0","0","0"
"cf6e2d1c-7354361769369898247.mp4","0","0","0","0","0","0","0"
"1e65a1a2-7355685341006793989.mp4","0","0","0","0","0","0","0"
"f128fa42-7477135033241718023.mp4","0","0","0","0","0","0","0"
"6884edf7-7477160466150739205.mp4","0","0","0","0","0","0","1"
"ef6a6c43-7477599708030962951.mp4","0","0","0","0","0","0","0"
"b587272e-7477977724082982151.mp4","0","0","0","0","0","0","0"
"fbfaae5e-7478003508990446866.mp4","0","0","0","0","0","0","0"
"e3fe3a27-7478225707240328470.mp4","0","0","0","0","0","0","0"
"093810d6-7478686726374853910.mp4","0","1","0","0","0","0","0"
"4f196a52-7479050560986041607.mp4","0","0","0","1","0","0","0"
"ca2860fa-7479882884640214280.mp4","0","0","0","0","0","0","0"
"8a610071-7480349157446700293.mp4","0","0","0","0","0","0","0"
"7a65174e-7480750283828497671.mp4","0","0","0","0","0","0","0"
"04b223f9-7481829479183093000.mp4","0","0","0","0","0","0","0"
"5776235c-7482688428589468935.mp4","1","0","0","0","0","0","0"
"25f9993d-7483087995013172498.mp4","0","1","0","0","0","0","0"
"90fc02a3-7483176476393655570.mp4","0","1","0","0","0","0","0"
"ebd05c7c-7483560325095181586.mp4","0","0","0","0","0","0","0"
"83964da4-7483585201369517367.mp4","0","0","1","0","0","0","0"
"8c658ced-7483619501968231726.mp4","0","0","0","0","0","0","0"
"a1bc4a22-7484608310151236871.mp4","0","0","0","0","0","0","0"
"886bafb5-7485310617478253831.mp4","0","0","0","0","0","0","0"
"e24c3e8f-7485971273978285320.mp4","0","0","0","0","0","0","1"
"4391ecca-7486029579090414866.mp4","0","0","0","0","0","0","0"
"d7e5b4e0-7486111682495204626.mp4","1","0","0","0","0","0","0"
"f515c8c4-7487470079945280774.mp4","0","0","0","0","0","0","0"
"d7f1a975-7487963585084198199.mp4","0","0","0","0","0","0","0"
"363a4e04-7488213762902674693.mp4","0","0","0","0","0","1","0"
"3da0d701-7488303470546554167.mp4","1","0","0","0","0","0","0"
"2611628b-7488648414855531784.mp4","0","0","1","0","0","0","0"
"4fe5662c-7489269468024065335.mp4","0","0","0","0","0","0","0"
"ccfb128c-7489269639717948678.mp4","0","0","0","0","0","0","0"
"99bb99c0-7490020709352197381.mp4","0","0","0","0","0","0","0"
"7d4eb1ca-7491159942984895762.mp4","0","0","0","0","0","0","0"
"f12d4a4e-7491338743123643670.mp4","0","0","0","0","0","0","0"
"2fa30633-7491546767285161234.mp4","0","0","1","0","0","0","0"
"4a00be41-7492220556121558290.mp4","0","0","0","0","0","0","0"
"4a327cb6-7492234737029795079.mp4","1","0","0","0","0","0","0"
"27f95c92-7492417420498390290.mp4","0","1","0","0","0","0","0"
"af08be5e-7493911374481952022.mp4","0","1","0","0","0","0","0"
"8ab4213f-7494693907729599762.mp4","0","1","0","0","0","0","0"
"729fcf68-7494812927237590318.mp4","0","0","0","0","0","0","0"
"2869e94b-7495227413450738962.mp4","1","0","0","0","0","0","0"
"6d6e4c25-7496180341166624022.mp4","0","0","0","0","0","0","0"
"63ffc31e-7496505162996108551.mp4","0","0","0","0","0","0","0"
"e840df71-7497966687564680455.mp4","0","0","0","0","0","0","0"
"5178a7b1-7497984253888679184.mp4","0","0","0","0","0","0","0"
"01d6930f-7498065157889756438.mp4","0","1","0","0","0","0","0"
"1d20f1d2-7498862229685669125.mp4","0","1","0","0","0","0","0"
"20382432-7499331840797461778.mp4","0","1","0","0","0","0","0"
"a0abbb53-7499413191018040598.mp4","0","1","0","0","0","0","0"
"06b1c274-7499490201220222214.mp4","0","1","0","0","0","0","0"
"06b6fcdb-7499763417922686263.mp4","0","1","0","0","0","0","0"
"8f61867c-7500792838418894098.mp4","0","0","0","0","0","0","0"
"021420f0-7500919383728885014.mp4","0","0","0","0","0","0","0"
"02ba3870-7501016411561528578.mp4","0","0","1","0","0","0","0"
"bef342db-7501178945531006226.mp4","0","1","0","0","0","0","0"
"5c4c8c2f-7501296016629566775.mp4","0","0","0","0","0","0","0"
"4557c811-7502762627651685662.mp4","0","0","0","0","0","0","0"
"c2b05de4-7503492662201158930.mp4","0","1","0","0","0","0","0"
"76addefc-7503566083052391698.mp4","0","0","0","0","0","0","1"
"63ad62cc-7504089187654651141.mp4","0","1","0","0","0","0","0"
"58eaa8ae-7504242219549756690.mp4","0","0","0","0","0","0","0"
"7346d003-7504680837376396564.mp4","0","0","0","0","0","0","0"
"e467618a-7505013614177307911.mp4","0","1","0","0","0","0","0"
"2d8e2115-7505377202167418134.mp4","0","0","0","0","0","0","0"
"c0d4cc26-7505643353808063762.mp4","0","0","0","0","0","0","0"
"50098587-7505742998194441490.mp4","0","0","0","0","0","0","0"
"4f9c6cd9-7505960280438902059.mp4","0","0","0","0","0","0","0"
"a363a64d-7506170546455989526.mp4","0","0","1","0","0","0","0"
"0a929c32-7506973166288325931.mp4","0","0","0","0","0","0","0"
"00f44b17-7506986560986893586.mp4","0","0","0","0","0","0","0"
"e9bb9fc1-7507662989969919254.mp4","0","0","0","0","0","0","0"
"1196965e-7507998479898234113.mp4","0","1","0","0","0","0","0"
"26fbe682-7508844406208941358.mp4","0","0","0","0","0","0","0"
"43a8ec58-7508888987910655239.mp4","0","0","0","0","0","0","0"
"0d68adf5-7509468082600054059.mp4","0","0","0","0","0","0","1"
"eb682d5d-7509520657181396246.mp4","0","0","0","0","0","0","0"
"c49bf3ef-7509674996558613768.mp4","0","1","0","0","0","0","0"
"6d2fc6b9-7510217634055490824.mp4","0","0","0","0","0","0","0"
"776520d0-7510754028129635627.mp4","0","0","0","0","0","0","0"
"86245096-7510833115510639890.mp4","0","0","1","0","0","0","0"
"518ea0b6-7512047614905355538.mp4","0","0","0","0","0","0","0"
"5d1df27d-7512084787029609774.mp4","0","0","0","0","0","0","0"
"6821015f-7513268224889195784.mp4","0","0","0","0","0","0","0"
"16ef28c4-7513462860014423304.mp4","1","0","0","0","0","0","0"
"8502e48a-7514544018441735432.mp4","0","0","0","0","0","1","0"
"9f738349-7514713464099671304.mp4","0","1","0","0","0","0","0"
"66532385-7514955962969541908.mp4","0","1","0","0","0","0","0"
"40673622-7514974814772219142.mp4","0","0","0","0","0","0","0"
"dec2f2bc-7515095757251235073.mp4","1","0","0","0","0","0","0"
"a2dc7c89-7515181860582903046.mp4","0","0","0","0","0","0","0"
"0f6b192e-7515629444426452242.mp4","0","0","0","0","0","0","0"
"24432dda-7515691122329505031.mp4","0","0","0","0","0","0","0"
"6bc5e405-7515927151938456840.mp4","0","0","0","0","0","0","0"
"595b0645-7535661245828058375.mp4","0","0","0","0","0","0","0"
"93118fdb-7535820960956550422.mp4","0","1","0","0","0","0","0"
"756a4b0e-7535942953362115862.mp4","0","0","1","0","0","0","0"
"5910ca27-7536224053787512072.mp4","1","0","0","0","0","0","0"
"769b3d34-7536784969360772359.mp4","0","0","0","0","0","0","0"
"0bbe025b-7536807587484912914.mp4","0","0","0","0","0","0","0"
"3758caf9-7536818633079590162.mp4","0","0","0","0","0","0","0"
"10288ec4-7536828185321688375.mp4","0","0","0","0","0","0","0"
"4317dc33-7536945511870385415.mp4","0","0","0","0","0","0","0"
"4f899f67-7536999174034754824.mp4","1","0","0","0","0","0","0"
"ebe74bfe-7537103923048434957.mp4","0","0","0","0","0","0","0"
"04980f9b-7537265343652285752.mp4","0","1","0","0","0","0","0"
"eb8a208b-7537907592606092551.mp4","0","0","0","0","0","0","0"
"3cc0aa14-7538048689093414152.mp4","1","0","0","0","0","0","0"
"cd85d008-7538431219109842231.mp4","0","1","0","0","0","0","0"
"4ce48868-7539121663988731143.mp4","1","0","0","0","0","0","0"
"a84cb8f3-7539191690649963794.mp4","0","1","0","0","0","0","0"
"c19815cd-7539274242022559007.mp4","0","0","0","0","0","0","0"
"bf09b6ab-7539823430267325704.mp4","0","0","0","0","0","0","0"
"0751e36e-7539952758720384312.mp4","0","0","0","0","0","0","0"
"0bacd36f-7540046381461851412.mp4","0","1","0","0","0","0","0"
"ae2abe52-7540158928202583303.mp4","0","0","0","0","0","0","0"
"86ac0755-7540184997760699666.mp4","0","0","0","0","0","0","0"
"62455831-7540217770529623304.mp4","0","1","0","0","0","0","0"
"b829f4c5-7540224164922346760.mp4","0","0","0","0","0","0","0"
"28221241-7540322215519178006.mp4","0","0","0","0","0","0","0"
"cbceaa6c-7540373539581447456.mp4","0","0","0","0","0","0","0"
"9009e28a-7540681984108924167.mp4","0","1","0","0","0","0","0"
"96f2774d-7540868751781088520.mp4","0","1","0","0","0","0","0"
"fc0b7e2c-7541020212297010439.mp4","1","0","0","0","0","0","0"
"b54907f4-7541411905689193750.mp4","0","0","0","1","0","0","0"
"0c797acf-7541645296615361814.mp4","0","1","0","0","0","0","0"
"dba0f09b-7541764595602443575.mp4","0","0","0","0","0","0","0"
"deb810ab-7542123270196317460.mp4","0","0","0","0","0","0","0"
"22a4c457-7542304825824906516.mp4","0","0","0","0","0","0","0"
"351cc7cb-7542651675421461815.mp4","0","0","0","0","0","0","0"
"fc6e51f1-7542752713331772685.mp4","0","0","0","0","0","0","0"
"7be3b877-7542787633030630711.mp4","0","0","0","0","0","0","0"
"c0fcdd90-7542876942991723794.mp4","1","0","0","0","0","0","0"
"8e3a0555-7543187839224270098.mp4","1","0","0","0","0","0","0"
"5633884d-7543198994332126472.mp4","0","0","0","0","0","0","0"
"23cae7f1-7543501591916137736.mp4","0","0","0","0","0","0","0"
"4e6beef2-7543831512244833543.mp4","0","0","1","0","0","0","0"
"9073008d-7543867542863990032.mp4","0","1","0","0","0","0","0"
"9867688a-7544014357823278366.mp4","0","1","0","0","0","0","0"
"4bdd05a9-7544229848915496199.mp4","0","0","0","0","0","1","0"
"9bf4ae3a-7544640160365858070.mp4","0","0","0","0","0","0","0"
"2e3cd645-7544673932205378832.mp4","0","0","0","0","0","0","0"
"00e8f05b-7544691069271690504.mp4","0","0","0","0","0","0","0"
"03a7e854-7544715671393881362.mp4","0","0","0","0","0","0","0"
"c5099045-7544764041965702430.mp4","0","1","0","0","0","0","0"
"7bf6876c-7544848084593839415.mp4","0","0","0","0","0","0","0"
"bc8bd517-7545034326082194695.mp4","0","0","0","0","0","0","0"
"77e173be-7545040121607785744.mp4","0","0","0","0","0","0","0"
"6a1f1e97-7545102402744192263.mp4","0","0","0","0","0","0","0"
"6385c362-7545288812268735750.mp4","0","1","0","0","0","0","0"
"720b6f24-7545483613589097758.mp4","0","0","0","0","0","0","0"
"342ebda3-7545618567027379463.mp4","0","0","1","0","0","0","0"
"853c46e3-7545680733835185415.mp4","0","0","0","0","0","0","0"
"d70d3041-7545727191657549074.mp4","0","0","0","0","0","0","0"
"f51233e7-7545752037548412167.mp4","1","0","0","0","0","0","0"
"f86d41c5-7546064353414483201.mp4","0","1","0","0","0","0","0"
"b61ef44b-7546085508246506768.mp4","0","0","0","0","0","0","0"
"9bbedb40-7546430874011634951.mp4","0","0","0","0","0","0","0"
"133e5267-7546469800197754130.mp4","0","0","0","0","0","0","0"
"ed5fbefd-7546528169675721992.mp4","0","0","0","0","0","0","0"
"54f13265-7546607596942281991.mp4","0","0","0","0","0","0","0"
"723bf3c7-7546633210176736520.mp4","0","1","0","0","0","0","0"
"af6135ec-7546797664063524126.mp4","0","0","0","0","0","0","0"
"1a38b8ae-7547261051230833921.mp4","0","1","0","0","0","0","0"
"0d484224-7547747155352571154.mp4","0","1","0","0","0","0","0"
"01b54592-7547887541748256018.mp4","0","0","0","0","0","0","0"
"c64d99e2-7548060036438822151.mp4","0","1","0","0","0","0","0"
"0a7ea965-7548077512509639943.mp4","0","0","0","0","0","0","0"
"a6cd1e72-7548334595188460807.mp4","0","0","0","0","0","0","0"
"2691283d-7548570276598926600.mp4","0","0","0","0","0","0","0"
"10aa6d9e-7548664547683421443.mp4","0","0","0","0","0","0","0"
"7c93e8b2-7548754762913664278.mp4","0","0","0","0","0","0","0"
"50fcd329-7548801024853593362.mp4","0","1","0","0","0","0","0"
"89128adf-7548947296138923270.mp4","0","0","0","0","0","0","0"
"f9945745-7549174072891034887.mp4","0","0","0","0","0","0","1"
"9a93d8f4-7549194052185443597.mp4","0","0","0","0","0","0","0"
"ab6b6de9-7549615015179914518.mp4","0","0","0","0","0","0","0"
"d3982858-7549625698516798727.mp4","0","0","0","0","0","0","0"
"98d06a74-7549628747855465736.mp4","0","0","0","0","0","0","0"
"2964e718-7549629278019669256.mp4","0","0","0","0","0","0","0"
"99b45495-7549629701749312786.mp4","0","0","0","0","0","0","0"
"4ed296a5-7549789961680063765.mp4","0","0","0","0","0","0","0"
"bbc5ecd8-7549810972274232583.mp4","0","0","0","0","0","0","0"
"140d3fcc-7550264630006795542.mp4","0","0","0","0","0","0","0"
"00ab0add-7550271599383973138.mp4","0","0","0","0","0","0","0"
"91294ce0-7550622866736155910.mp4","0","1","0","0","0","0","0"
"b5f614f0-7550623526181408018.mp4","0","0","0","0","0","0","0"
"53488ad3-7550665050697043220.mp4","0","0","1","0","0","0","0"
"1200fa37-7550739295900847378.mp4","0","1","0","0","0","0","0"
"f40f4d6c-7550769672983973136.mp4","0","0","0","1","0","0","0"
"694f60fa-7550998232495607047.mp4","0","0","0","0","0","0","0"
"d145cba3-7551029633265847560.mp4","0","0","0","0","0","0","0"
"ec0f214e-7551086577775152402.mp4","0","0","0","0","0","0","0"
"ff57d724-7551700823089237268.mp4","0","0","0","0","0","0","0"
"2f65ec75-7551771435438591239.mp4","0","0","0","0","0","0","0"
"222e9e6f-7552014321287564551.mp4","0","0","0","0","0","0","0"
"5b4dfc9a-7552394346683845895.mp4","0","0","0","0","0","0","0"
"eb9e4297-7552528566429273351.mp4","0","0","0","0","0","0","0"
"5849a8d7-7552533449341439240.mp4","0","0","0","0","0","0","1"
"e6d7431b-7552749249314753799.mp4","0","0","0","0","0","0","0"
"ba2bf382-7552749704002456862.mp4","0","0","1","0","0","0","0"
"2104949a-7552800197819026696.mp4","0","0","1","0","0","0","0"
"f4c8ce8b-7553105910873246984.mp4","0","0","0","0","0","0","0"
"beffbbcb-7553149794428947720.mp4","0","0","0","0","0","0","0"
"2b65c7f8-7553263288411278610.mp4","1","0","0","0","0","0","0"
"2a9e731d-7553272284719500574.mp4","0","0","0","0","0","0","0"
"fd5911cd-7553496229116726535.mp4","0","0","0","0","0","0","0"
"45599634-7553561379664416012.mp4","0","0","0","0","0","0","0"
"dd2bb502-7553653996620156178.mp4","0","0","0","0","0","0","0"
"0b91b03b-7553742764110925070.mp4","0","0","0","0","0","0","0"
"ca6f31ab-7553766202951093526.mp4","0","0","0","0","0","0","0"
"f85dbee6-7553916529725738248.mp4","0","0","0","0","0","0","0"
"651075d2-7553980490060057863.mp4","0","0","0","0","0","0","0"
"b3d89475-7554142057342782728.mp4","0","0","0","0","0","0","0"
"2c51bc3e-7554184157295856904.mp4","0","0","0","0","0","0","0"
"6485403f-7554296005030645003.mp4","0","0","0","0","0","0","0"
"6f4b46da-7554344514836548872.mp4","0","1","0","0","0","0","0"
"73d1a5b4-7554661098985852168.mp4","0","0","0","0","0","0","0"
"085e8565-7554718242242055432.mp4","0","0","0","0","0","0","0"
"56187f4c-7554863630529891595.mp4","0","0","1","0","0","0","0"
"08c979c6-7554962059310451986.mp4","0","0","0","0","0","0","0"
"e48163b3-7554962684853128456.mp4","0","0","0","0","0","0","0"
"178000ae-7554974706785422610.mp4","0","1","0","0","0","0","0"
"fff1f12f-7555084589576899895.mp4","0","0","0","0","0","0","0"
"50de7cab-7555168849335749900.mp4","0","0","1","0","0","0","0"
"978a2d3a-7555222291873877270.mp4","0","0","0","0","0","0","0"
"42c625b6-7555261222128553237.mp4","0","0","0","0","0","0","0"
"c9f50105-7555452543673978130.mp4","0","1","0","0","0","0","0"
"6ca0e5cc-7555502239058545942.mp4","0","0","0","0","0","0","0"
"bc46895b-7555721719340649739.mp4","0","0","0","0","0","0","0"
"4926b36a-7555852275462294806.mp4","0","0","0","0","0","0","0"
"74e3545a-7555857388977376533.mp4","0","0","0","0","0","1","0"
"5fe422ff-7555861598271835410.mp4","0","0","0","0","0","0","0"
"f1011eb2-7555866025460305160.mp4","0","0","0","0","0","0","0"
"fe4bcba4-7555972240311897362.mp4","0","1","0","0","0","0","0"
"6e309a1f-7556162366929423634.mp4","0","0","0","0","0","0","0"
"e4cbfca5-7556168444199079175.mp4","1","0","0","0","0","0","0"
"faeb43c5-7556200262499667218.mp4","0","0","0","0","0","0","0"
"c399cdb1-7556224554402729238.mp4","0","0","0","0","0","0","0"
"2c290a13-7556232410384305415.mp4","0","0","0","0","0","0","0"
"f9bbc875-7556477205958692103.mp4","1","0","0","0","0","0","0"
"02b97d20-7556493668019047687.mp4","0","0","0","0","0","0","0"
"449135d2-7556556433303637268.mp4","0","0","0","0","0","0","0"
"a05dbbc6-7556656715639360776.mp4","0","0","1","0","0","0","0"
"036f582d-7556948924951465234.mp4","0","0","0","0","0","0","0"
"172d7350-7557018103884811527.mp4","0","0","0","0","0","0","0"
"c0b42dc8-7557165705955691832.mp4","0","0","0","0","0","0","0"
"11056a76-7557179434126642488.mp4","0","0","0","0","0","0","0"
"6193e4aa-7557284690588093707.mp4","0","1","0","0","0","0","0"
"3d10068e-7557307859709463816.mp4","0","1","0","0","0","0","0"
"ad7b0fdd-7557380375207628052.mp4","0","1","0","0","0","0","0"
"a063303b-7557394955291888903.mp4","0","0","0","0","0","0","0"
"4ef2d884-7557519177687371064.mp4","0","0","0","0","0","0","0"
"5abe6d2d-7557694881129401618.mp4","0","0","0","0","0","0","0"
"cdc0da33-7557941872191147282.mp4","0","0","0","0","0","0","0"
"dd108c2d-7558016172013276423.mp4","0","0","0","0","0","0","0"
"7864df5a-7558046883805924615.mp4","0","0","0","0","0","0","0"
"53cf090d-7558189800516291841.mp4","0","0","0","0","0","0","0"
"f588f1d5-7558298807465774344.mp4","0","0","0","0","0","0","0"
"710dc0d9-7558333041840508168.mp4","0","0","1","0","0","0","0"
"2b0f6326-7558406461437545740.mp4","0","0","0","0","0","0","0"
"7fe4e65a-7558411648386469127.mp4","0","0","0","0","0","0","0"
"98993df6-7558417977180179719.mp4","0","0","0","0","0","0","0"
"c4e5f9e8-7558452863974804758.mp4","0","1","0","0","0","0","0"
"c87e8abe-7558739868457635094.mp4","0","0","0","0","0","1","0"
"5172cbd4-7558800741318610190.mp4","0","0","0","0","0","0","0"
"e003d952-7558823232837586183.mp4","0","0","0","0","0","0","1"
"d2b1eaeb-7559143329661783308.mp4","0","1","0","0","0","0","0"
"795a7ebd-7559227320456826119.mp4","0","0","0","0","0","0","0"
"96a03610-7559337057017990422.mp4","0","0","0","0","0","0","1"
"862b2d18-7559424760350903559.mp4","0","1","0","0","0","0","0"
"5e2fe991-7559453324605525304.mp4","0","1","0","0","0","0","0"
"1554139f-7559522772053937415.mp4","0","0","0","0","0","0","0"
"321c7806-7559605355572022546.mp4","0","1","0","0","0","0","0"
"0e3d5390-7559623198896082198.mp4","0","1","0","0","0","0","0"
"0b37af4e-7559746764648074504.mp4","0","0","0","0","0","0","0"
"266931de-7582445959985122580.mp4","1","0","0","0","0","0","0"
"5aa26b14-7582461855952653586.mp4","0","0","0","0","0","1","1"
"71e0b2e1-7582488367070186774.mp4","1","0","0","0","0","0","0"
"45d5bc25-7582525041213050133.mp4","0","0","0","0","0","0","0"
"6ffd1e77-7582544720736357654.mp4","0","0","0","0","0","0","0"
"1a35e0ff-7582565154538179862.mp4","0","0","0","0","0","0","0"
"afaa97d0-7582569332559875336.mp4","0","0","0","0","0","0","0"
"dc5832d2-7582582397489794312.mp4","1","0","0","0","0","0","0"
"6c0903ad-7582583004350958869.mp4","0","0","0","0","0","0","0"
"929c5e09-7582584252290632974.mp4","0","0","0","0","0","0","0"
"f103759d-7582622969776573704.mp4","1","0","0","0","0","0","0"
"124738f1-7582634421468155157.mp4","0","1","0","0","0","0","0"
"d7ef934c-7582655469035080980.mp4","0","1","0","0","0","0","0"
"07b71d93-7582658983735954700.mp4","0","0","0","0","0","0","0"
"63595f19-7582781345437469972.mp4","0","0","0","0","0","0","0"
"b08042d4-7582790346275343637.mp4","0","1","0","0","0","0","0"
"15922452-7582915103272619286.mp4","0","1","0","0","0","0","0"
"55dea809-7582920269610683669.mp4","0","1","0","0","0","0","0"
"ba3ef79b-7582923183020346644.mp4","0","0","0","0","0","0","0"
"e989646f-7582957668340649237.mp4","0","0","0","0","0","0","0"
"aacfd3f1-7582966356480380168.mp4","0","0","0","0","0","0","0"
"e3bcd72e-7582969358893223175.mp4","0","0","0","0","0","0","0"
"dadadf13-7583039274610593032.mp4","0","1","0","0","0","0","0"
"82f9919b-7583080462101515540.mp4","1","0","0","0","0","0","0"
"fb2de838-7583104911550811413.mp4","0","0","0","0","0","0","0"
"bd25d170-7583105598443605270.mp4","0","1","0","0","0","0","0"
"3456de16-7583155239319031061.mp4","0","0","0","0","0","0","0"
"f113b1e0-7583218587272236295.mp4","0","0","0","0","0","0","0"
"f5216891-7583229027180186900.mp4","1","0","0","0","0","0","0"
"87c9b139-7583248664622009618.mp4","0","1","0","0","0","0","0"
"d8348257-7583311126180498721.mp4","0","0","0","0","0","0","0"
"8c9dee8c-7583317740564303134.mp4","0","0","0","0","0","0","0"
"f9675033-7583527441961078036.mp4","1","0","0","0","0","0","0"
"62ae1bd9-7583540918511226130.mp4","0","0","0","0","0","0","0"
"f3db56b2-7583585925289102610.mp4","0","0","0","0","0","0","0"
"5ff5fc46-7583608502019509524.mp4","1","0","0","0","0","0","0"
"b5c4e019-7583617864918240532.mp4","1","0","0","0","0","0","0"
"e58b7d45-7583640463337327892.mp4","0","0","0","0","0","0","0"
"e7f7607b-7583662448054406421.mp4","0","0","0","0","0","1","0"
"b3e27a68-7583667404971183380.mp4","0","0","0","0","0","0","0"
"910d0777-7583675044883205394.mp4","0","0","0","0","0","0","0"
"f84975a7-7583676374989163796.mp4","0","0","0","0","0","0","0"
"f13a9d2b-7583678815919033656.mp4","0","0","0","0","0","1","1"
"1a60aa28-7583683877500128530.mp4","0","0","1","0","0","1","0"
"ceb041ff-7583689846007270664.mp4","0","0","0","0","0","0","0"
"f49aa084-7583692077079285024.mp4","0","0","0","0","0","1","0"
"aef5f1a7-7583700701281275157.mp4","1","0","0","0","0","0","0"
"b9da7897-7583721848861461781.mp4","0","0","0","0","0","0","0"
"77081d33-7583723795094031634.mp4","0","0","0","0","0","0","0"
"29ebe3b3-7583733595773275413.mp4","0","0","0","0","0","0","0"
"0b65b8b4-7583740220814658832.mp4","1","0","0","0","0","0","0"
"e7c96cd1-7583750904235461919.mp4","0","0","0","0","0","0","0"
"3e9c6fd9-7583752804896935188.mp4","1","0","0","0","0","0","0"
"96c7b7ce-7583772541618064670.mp4","0","0","0","0","0","0","0"
"b58ba4a6-7583787021399887126.mp4","0","0","0","0","0","0","0"
"270a1e1a-7583798618960809234.mp4","0","1","0","1","0","0","0"
"eb457108-7583953091645492488.mp4","0","0","0","0","0","0","1"
"d85e78f3-7583974929746496788.mp4","0","0","0","0","0","1","0"
"8bc0fa62-7583997328126709013.mp4","0","0","0","0","0","1","0"
"a5b444da-7584004375622847752.mp4","0","0","0","0","0","0","0"
"1196df12-7584013560074751240.mp4","0","0","0","0","0","1","0"
"c916bfb3-7584022700180475143.mp4","0","0","0","0","0","1","1"
"194c6942-7584022807022013707.mp4","0","0","0","0","0","0","0"
"13ea2fc9-7584028374268382482.mp4","1","0","0","0","0","0","0"
"c5357bd2-7584029081755241749.mp4","1","0","0","0","0","0","0"
"893d3d4a-7584035305099922709.mp4","0","0","0","0","0","1","0"
"a2f89cea-7584041645545426196.mp4","0","0","0","0","0","0","0"
"86801f3d-7584047465708473620.mp4","0","0","0","0","0","1","0"
"aaaac304-7584047726338395410.mp4","0","0","0","0","0","0","0"
"1b783072-7584050424311844104.mp4","0","0","0","0","0","0","0"
"6e062378-7584052320262966535.mp4","0","0","0","0","0","0","0"
"342e4ab7-7584053454734167303.mp4","0","0","0","0","0","0","0"
"845cb0a3-7584055907848391956.mp4","0","0","0","0","0","1","0"
"6afde493-7584055956460375303.mp4","0","0","0","0","0","1","0"
"7a772e6e-7584056666644106517.mp4","0","0","0","0","0","0","0"
"ded06c83-7584056859405913365.mp4","0","0","0","0","0","0","0"
"3901fed4-7584058969145003284.mp4","0","0","0","0","0","0","0"
"a12f3ba1-7584061438008888592.mp4","0","0","0","0","0","1","0"
"4d1dfa3d-7584061613116837137.mp4","0","0","0","0","0","1","0"
"d58bddbd-7584062739031624980.mp4","0","0","0","0","0","1","0"
"7d0bb6a5-7584063227806469384.mp4","0","0","0","1","0","0","0"
"058bffcb-7584063546519047435.mp4","0","0","0","0","0","1","0"
"af54df42-7584064538648136978.mp4","0","0","0","0","0","0","0"
"e1f4aa1a-7584079274676604172.mp4","0","0","0","0","0","0","0"
"038eac3f-7584094004606717205.mp4","0","1","0","0","0","0","0"
"95d312a6-7584143837199715614.mp4","0","0","0","0","0","0","0"
"3db81a90-7584214676964117815.mp4","0","0","0","0","0","0","0"
"cf55bd36-7584228603932445970.mp4","0","0","0","0","0","0","0"
"1e442358-7584241449936456978.mp4","0","0","0","0","0","0","0"
"a6cfb5d7-7584275336460799239.mp4","1","0","0","0","0","0","0"
"bedf346f-7584284774127160584.mp4","1","0","0","0","0","0","0"
"0bf98c69-7583912865233407250.mp4","0","1","0","0","0","1","0"
"d191b718-7583926890973482258.mp4","0","0","0","0","0","0","0"
"3685d232-7583936378233179410.mp4","1","0","0","0","0","0","0"
"d7e0656c-7583944009656044820.mp4","0","0","0","0","0","1","0"
"3ecceac8-7583948982750022932.mp4","0","0","0","0","0","1","0"
"8d4ef015-7583868308110249236.mp4","0","0","0","0","0","0","0"
"994f43f3-7583871182018039060.mp4","0","0","0","0","0","0","0"
"6e386c1a-7583888686081740040.mp4","0","0","0","0","0","0","0"
"847c8cbc-7326398717278440711.mp4","0","0","0","0","0","0","0"
"4c9692f2-7331351984844344583.mp4","0","0","0","0","0","0","0"
"2c776bc9-7331737640309443842.mp4","0","0","0","0","0","0","0"
"fa51ee72-7332831841931562241.mp4","0","0","0","0","0","0","0"
"aee109c1-7335802971038502151.mp4","0","0","0","0","0","0","0"
"79eb30c6-7339863394436123905.mp4","0","0","0","0","0","1","1"
"01355705-7342488663340616967.mp4","0","1","0","0","0","0","0"
"75120f81-7343114166707768578.mp4","0","0","0","0","0","0","0"
"e40195db-7344627447834496263.mp4","0","0","0","0","0","0","0"
"81fa569a-7353287644190625025.mp4","0","0","0","0","0","0","0"
"9fbb88a1-7355821273315839240.mp4","0","0","0","0","0","1","0"
"b180da6a-7357679109704584466.mp4","0","0","1","0","0","0","0"
"f344c953-7359258611652005153.mp4","0","1","0","0","0","0","0"
"f17ff12d-7360541229098093832.mp4","0","0","0","0","0","0","0"
"9f4d4d9a-7365402305589447944.mp4","0","0","0","0","0","0","0"
"84e61d70-7366171449125571857.mp4","0","0","0","0","0","0","0"
"05339e69-7366617372960099601.mp4","0","0","0","0","0","0","1"
"90e9af6b-7366930318764313857.mp4","0","0","0","0","0","0","0"
"c47b9246-7368113675502161170.mp4","0","0","0","0","0","0","0"
"3df12557-7369913300869483806.mp4","0","0","0","0","1","0","0"
"b4ac816e-7370162596130852104.mp4","0","0","0","0","0","0","0"
"b8899aaf-7374298638446611730.mp4","0","0","0","0","0","0","0"
"e4b9ba79-7374393015051308309.mp4","0","0","0","0","0","0","0"
"acbe481a-7375162397113306386.mp4","0","0","0","0","0","0","0"
"a78caf77-7375973253766073608.mp4","0","0","1","0","0","0","0"
"53f1a1e5-7376910680080895249.mp4","0","0","0","0","0","1","0"
"ad8d769d-7378858945726778666.mp4","0","1","0","0","0","0","1"
"fabf00bf-7381279219050958088.mp4","0","0","0","0","0","0","0"
"de1fbf4f-7381530484037274912.mp4","0","0","0","0","0","1","1"
"7b3f9836-7382106596547038472.mp4","0","0","0","0","0","0","0"
"9a5c8dea-7384448837097671944.mp4","0","0","0","0","0","0","0"
"888fc9e9-7385130460541750546.mp4","0","0","0","0","0","0","0"
"4e45a063-7386248127151459591.mp4","0","0","0","0","0","0","0"
"fe3cc556-7387023903907925266.mp4","0","0","0","0","0","0","0"
"66852b18-7389497217553288455.mp4","0","0","0","0","0","0","1"
"5e7b6a18-7389636661098892560.mp4","0","0","0","1","0","0","0"
"82ad159a-7390102893010947361.mp4","0","0","0","0","0","1","1"
"897b2cd4-7391182826936225032.mp4","0","0","1","0","0","0","0"
"b0aac5f7-7397400706543734023.mp4","0","0","0","1","0","0","0"
"84fba1cf-7397677249790512392.mp4","1","0","0","0","0","0","0"
"5bb4cf92-7401497800195788040.mp4","0","0","0","0","0","0","0"
"2d9bbbf3-7405201205565181204.mp4","0","0","1","0","1","0","0"
"3440d495-7406228576355273992.mp4","0","0","0","0","0","0","0"
"aa953a58-7408214394309463304.mp4","0","0","0","0","0","1","0"
"afce9efb-7408430408842382610.mp4","0","0","0","0","0","0","0"
"fd4b7914-7409821694958914824.mp4","0","0","0","0","0","0","0"
"11906ad6-7415243145065057544.mp4","0","0","1","0","0","0","0"
"1a33a02c-7418211967472504084.mp4","0","0","0","0","0","1","1"
"bac5b059-7420387764010487058.mp4","0","0","0","0","0","0","0"
"f0489847-7421496778488565010.mp4","0","0","0","1","0","0","0"
"b7e774ed-7424351613785017608.mp4","0","0","0","0","0","0","0"
"8592ee4d-7424763797077806344.mp4","0","0","0","0","0","0","0"
"30d51a4f-7426010179461860626.mp4","0","0","0","0","0","0","0"
"d4d0ab36-7428214398000368912.mp4","0","0","0","0","0","0","0"
"891daf69-7430774579812912392.mp4","0","0","1","0","0","0","0"
"115ab009-7430776467870502162.mp4","0","0","0","0","0","0","0"
"19183bce-7431432535277636871.mp4","0","0","0","0","0","0","0"
"59f4d2ce-7433232095314496786.mp4","0","0","0","0","0","0","0"
"6b9912d5-7433332133478911239.mp4","0","0","0","0","0","0","0"
"69e364dc-7434225160992935186.mp4","0","0","1","0","0","0","0"
"d37f1b1c-7435318217582644512.mp4","0","0","0","0","0","1","1"
"dca14311-7436058594388299016.mp4","0","0","0","0","0","0","0"
"6a27c21b-7437133809495149831.mp4","0","0","1","0","0","0","0"
"0898b3cb-7440518144545934599.mp4","0","0","0","0","0","1","0"
"07694d94-7441163841901317418.mp4","0","0","0","0","0","0","1"
"2bab9f1f-7442267339636231425.mp4","0","0","0","0","0","0","0"
"14f57edf-7445770933538688298.mp4","0","0","0","0","0","1","0"
"85b35633-7446806266183273745.mp4","0","0","0","0","0","0","0"
"831e7f4a-7447057128176520456.mp4","0","0","0","0","0","1","1"
"e9af2b9c-7447095674748800274.mp4","0","0","1","0","0","0","0"
"e4635447-7449320910974192914.mp4","0","0","0","0","0","0","0"
"0e2f01b4-7450417178593086727.mp4","0","0","0","0","0","0","0"
"6212fff8-7453077566711172359.mp4","0","0","1","0","0","0","0"
"c6759455-7454242594755759382.mp4","0","1","0","0","0","0","0"
"130f5a7c-7455467985805790480.mp4","0","0","1","0","0","0","0"
"c936a82a-7456352443123682578.mp4","0","0","0","0","0","0","0"
"45f569fe-7456978397495872798.mp4","0","0","0","0","0","1","1"
"9dccb908-7457520761331404039.mp4","0","0","0","0","1","0","0"
"2bff067a-7457755379577916689.mp4","0","0","0","0","0","0","0"
"639b745c-7460318228926106926.mp4","0","0","0","0","0","0","1"
"7c679dcf-7461226030917864722.mp4","0","0","0","0","0","0","0"
"5e97d853-7461478109469019409.mp4","0","0","0","0","0","0","0"
"bd582227-7461940152865131783.mp4","0","0","0","0","0","0","0"
"6f625902-7463025142092877063.mp4","0","0","0","0","0","0","0"
"82d008d5-7463110197289110802.mp4","0","0","0","0","0","0","0"
"0158de0a-7463787546187812116.mp4","0","0","0","0","0","0","0"
"0b69827c-7468983003377634568.mp4","0","0","0","0","0","0","0"
"a7818106-7468997501194882311.mp4","0","0","0","0","0","0","0"
"e9171bff-7469677578522070279.mp4","0","0","0","0","0","0","0"
"ee667b55-7470007368269434120.mp4","0","0","0","0","0","0","0"
"e0e99b33-7470590430317415688.mp4","0","0","0","0","0","0","0"
"7402e45d-7471189158636326152.mp4","0","0","0","0","0","0","0"
"e4ced520-7471375069139225874.mp4","0","0","0","0","0","1","0"
"4e538b41-7471419955318148394.mp4","0","0","0","0","0","0","1"
"86fa67f0-7472036942482361608.mp4","0","0","0","0","0","0","0"
"e0a374ad-7473029794544880904.mp4","0","0","0","0","0","0","0"
"dd555998-7473203138850278664.mp4","0","0","0","0","0","0","0"
"333b4400-7474247940941286663.mp4","0","0","0","0","0","0","1"
"ad6073c8-7474953915893599496.mp4","0","0","0","0","0","0","0"
"3b90a0b3-7474975125566278919.mp4","0","0","0","0","0","0","0"
"9f753def-7475296690069703943.mp4","0","0","0","0","0","0","0"
"1a0a5edc-7475949747820432647.mp4","0","0","0","0","0","0","0"
"4367b6fa-7476719451623165202.mp4","0","0","0","0","0","0","0"
"f0e9a0ac-7477024553571601672.mp4","0","0","0","0","0","0","0"
"d8e1e726-7479011962517589255.mp4","0","0","0","0","0","0","1"
"330a1695-7479346198185381137.mp4","0","0","0","0","0","0","0"
"92f3518d-7479900017034022166.mp4","0","0","0","0","0","1","0"
"ca6b069d-7480137056698633480.mp4","0","0","0","0","0","0","0"
"20848212-7480568028384644360.mp4","0","0","0","0","0","0","0"
"698eb0f4-7481587155320474898.mp4","0","0","1","0","0","0","0"
"32e6d71d-7481607430674189589.mp4","0","0","0","0","0","0","0"
"b723b4b0-7481668503435545864.mp4","0","0","1","0","0","0","0"
"6ac1b0f0-7482406850764229905.mp4","0","0","0","0","0","0","0"
"017fa8b2-7483102066706107666.mp4","0","0","0","0","0","0","0"
"d29fce6e-7484601016512515350.mp4","0","0","0","0","0","0","0"
"527ba3ff-7485275775290199304.mp4","0","0","0","0","0","0","0"
"f5cd9ee0-7485781459773459720.mp4","0","0","1","0","0","0","0"
"ceb228a3-7486005772757781778.mp4","0","0","0","0","0","0","0"
"3fd0d245-7486445858016283922.mp4","0","0","0","0","0","0","0"
"2d7a9f9b-7487420346727959813.mp4","0","0","0","1","0","0","0"
"4d045b0e-7487774619210976519.mp4","0","0","0","0","0","0","1"
"530f0952-7488251712503958800.mp4","0","0","0","0","0","0","0"
"0f86bf5b-7488699593945861382.mp4","0","0","0","0","0","0","0"
"16d044c8-7489323564609424646.mp4","0","0","0","0","0","0","0"
"4324894f-7489435971348466950.mp4","0","0","0","0","0","0","0"
"b11d1d3d-7489680632675683602.mp4","0","0","0","0","0","0","0"
"52e93e04-7490093286246436104.mp4","0","0","0","0","0","0","0"
"8d281588-7491729342809017608.mp4","0","0","0","0","0","0","0"
"f3b7efe9-7492239226927435026.mp4","0","0","0","0","0","0","0"
"20ce7adc-7492417497132567816.mp4","0","0","0","0","0","0","0"
"b7b02058-7493437056337710344.mp4","0","0","0","0","0","0","0"
"5b7a69c3-7493555817052900616.mp4","0","0","1","0","0","0","0"
"f6c7b9ee-7493794154481339655.mp4","0","1","0","0","0","0","0"
"7bed1c9b-7493838120987675909.mp4","0","0","0","0","0","0","0"
"1d272f41-7493908827339803905.mp4","0","0","0","1","0","0","0"
"b6188c7e-7494533968696495378.mp4","0","0","0","0","0","0","0"
"516c14fa-7494663024926608647.mp4","0","0","0","0","0","0","0"
"3b6ab89e-7494944559625981185.mp4","0","0","0","0","0","0","0"
"ee82a7e3-7496753246451551504.mp4","0","0","0","0","0","0","0"
"1ce17e64-7496836687084014853.mp4","0","0","0","0","0","0","0"
"6661102a-7497590018769177874.mp4","0","0","0","0","0","0","0"
"a6e55c5f-7498734096009514248.mp4","0","0","0","0","0","0","0"
"57b3dcbf-7499071609433541906.mp4","0","0","0","0","0","0","0"
"7668ef44-7499508451685502216.mp4","0","0","0","0","0","0","0"
"5d78b7a4-7499825225874377992.mp4","0","0","0","0","0","0","0"
"3306f64f-7500790246251040020.mp4","0","0","0","1","0","1","0"
"f744ed6f-7502236424813448455.mp4","0","0","0","0","0","0","0"
"a4b95507-7505034641829645569.mp4","0","0","0","0","0","0","0"
"9bdb3047-7505358921725431048.mp4","0","0","0","0","0","0","0"
"c79b76da-7506482139941129480.mp4","0","0","0","0","0","0","0"
"19a33717-7507211533382847751.mp4","0","0","0","0","0","0","0"
"2e63ee39-7507857936606121246.mp4","0","0","0","0","0","0","1"
"d9ad0caf-7509057786324536584.mp4","0","0","0","0","0","0","1"
"381b73cd-7510954877749628178.mp4","0","1","0","0","0","0","1"
"81876799-7511278261016562951.mp4","0","0","0","0","0","0","0"
"b4b850f0-7511332034539687189.mp4","0","0","0","0","0","0","1"
"818d35c9-7511934180264004872.mp4","0","0","0","0","0","0","0"
"03450de7-7511993798759582983.mp4","0","0","0","0","0","0","1"
"4e468ca2-7512065965689998610.mp4","0","0","0","0","0","0","0"
"5da40066-7512408305013378350.mp4","0","0","0","0","0","0","0"
"d36f96ab-7513142644034522376.mp4","0","0","0","0","0","0","0"
"306c89e1-7513317396854148359.mp4","0","0","1","0","0","1","0"
"efef3386-7514292485263215880.mp4","0","0","0","0","0","0","0"
"ab6a012f-7514636069481155847.mp4","0","0","1","0","0","0","0"
"dd5161b1-7514895356392394002.mp4","0","0","0","0","0","0","0"
"2989cf31-7514997801672117522.mp4","0","0","1","0","0","0","0"
"f8ef6d63-7515300107533716744.mp4","1","0","0","0","0","0","0"
"ad01e41d-7515638518719352072.mp4","0","0","0","0","0","0","0"
"af812e9b-7515666536925908231.mp4","0","0","0","0","0","0","0"
"211f6e37-7515734865636003092.mp4","0","0","0","0","0","0","0"
"b7314e4c-7516102902281260306.mp4","0","0","0","0","0","0","1"
"c66c4c31-7516435673990122774.mp4","0","0","0","0","0","0","0"
"9c4ddd1a-7517281370922634504.mp4","0","0","0","1","0","1","0"
"512657c5-7518369793276169490.mp4","0","0","0","0","0","1","0"
"4938b0ff-7519290459794050318.mp4","0","0","0","0","0","0","1"
"6a99411a-7519328562277649682.mp4","0","0","0","0","0","0","0"
"0624c25f-7519466120298892575.mp4","0","0","0","0","0","0","1"
"059abfa5-7519842399133142279.mp4","0","0","0","0","0","0","0"
"c102314c-7520848211435703559.mp4","0","0","0","0","0","0","0"
"7a7ac500-7521233110495776018.mp4","0","0","0","0","0","0","0"
"5bb2ca42-7523481027403091218.mp4","0","0","0","0","0","0","0"
"08b7bf72-7523713992674643207.mp4","0","0","0","0","0","0","0"
"2e0620b1-7523894480034958613.mp4","0","0","0","0","0","0","0"
"401090ff-7524596735956618509.mp4","0","0","0","0","0","0","0"
"1f9fcb13-7524711674994101534.mp4","0","0","0","0","0","0","0"
"7e2eb840-7524935279313161479.mp4","0","0","0","0","0","0","0"
"36fbefaa-7525106088799112466.mp4","0","0","1","0","0","0","0"
"20245110-7525125725855370504.mp4","0","0","0","0","0","0","0"
"922e5925-7525239258609732871.mp4","0","0","0","1","0","0","0"
"921588f2-7588489233153772808.mp4","0","0","0","0","0","0","0"
"0280bdfe-7588501669655088402.mp4","1","0","0","0","0","0","0"
"3b9a72ad-7588655976731954452.mp4","0","0","0","0","0","0","0"
"8a131a3f-7588731596073716999.mp4","0","0","0","0","0","0","0"
"6813b8b6-7588738194515053845.mp4","0","0","0","0","0","0","1"
"fc532727-7588831994407259413.mp4","0","0","0","0","0","0","1"
"473d2d6c-7588873755225574664.mp4","0","0","0","0","0","0","0"
"f7b9dbc1-7589120063194664200.mp4","0","0","0","0","0","0","0"
"2fbe7c23-7589139611134217480.mp4","0","0","0","0","0","0","0"
"7b022bfc-7589148501502643474.mp4","0","0","0","0","0","0","0"
"1ce87394-7589166536422739207.mp4","0","0","0","0","0","0","0"
"14ccdd9f-7589188277823999250.mp4","0","0","0","0","0","0","0"
"640cfa2d-7589207771367623944.mp4","0","0","0","0","0","0","0"
"0f677e84-7589222715161136404.mp4","0","0","0","0","0","0","0"
"f0b0b277-7589249115687505170.mp4","0","1","0","0","0","0","0"
"6bdc932a-7589258806589213959.mp4","0","0","0","0","0","0","1"
"48446e5a-7589262878549544212.mp4","0","0","0","0","0","0","0"
"06c9ca8b-7589264488470580501.mp4","0","0","0","0","0","0","0"
"eb575048-7589266800144125202.mp4","0","0","0","0","0","0","0"
"95074f5c-7589268062516350216.mp4","0","0","0","0","0","0","0"
"b2745273-7587105180995308821.mp4","0","1","0","0","0","0","0"
"fdf83d89-7587367352820321556.mp4","0","0","0","0","0","0","0"
"4c7e7731-7587401715968691464.mp4","0","0","0","0","0","0","0"
"dcc50611-7587460950433926423.mp4","0","0","0","0","0","0","0"
"5b4b3dba-7587647959982984468.mp4","0","0","0","0","0","0","0"
"db4bf7a5-7587655935196269880.mp4","0","0","0","0","0","0","0"
"99755326-7587674205559278869.mp4","0","0","0","0","0","0","0"
"6aa9499c-7587747367286410516.mp4","0","0","0","0","0","0","1"
"55c1bdf9-7587758972766113032.mp4","1","0","0","0","0","0","0"
"6d2e4e60-7587951437318049032.mp4","0","0","1","0","0","0","1"
"8573763e-7588011017154661649.mp4","0","0","0","0","0","0","0"
"77ad44d6-7588059668304628999.mp4","0","0","1","0","0","0","1"
"c164283b-7588079895532539154.mp4","0","0","0","0","0","0","0"
"03fd68d3-7588221670041652501.mp4","0","0","0","0","0","0","0"
"19d41d2c-7588380284291206408.mp4","0","0","0","0","0","0","0"
"0b61be62-7588443098515180820.mp4","0","0","0","0","0","0","0"
"cc14865a-7588443662518996245.mp4","0","0","0","0","0","0","1"
"32135693-7588446066345889044.mp4","0","0","0","0","0","0","0"
"4f169a6e-7588447211013344519.mp4","0","1","0","0","0","0","0"
"6c76cb39-7588477187855011092.mp4","0","0","0","0","0","0","0"
"d90fcdee-7585036375276277012.mp4","0","0","0","0","0","0","0"
"4e1b4873-7585118377954315527.mp4","0","0","0","0","0","0","0"
"febf41c9-7585149873914170645.mp4","0","0","0","0","0","0","0"
"854e7ed4-7585397959798426898.mp4","0","1","0","0","0","0","0"
"fc45c68e-7585711212369923335.mp4","0","0","0","0","0","0","0"
"d32e080d-7585727745196363029.mp4","0","0","0","0","0","1","0"
"122497d0-7585865931029482768.mp4","0","0","0","0","0","0","0"
"14b76905-7585877928198540565.mp4","0","0","0","0","0","1","0"
"1a010e56-7585892495653866759.mp4","0","0","0","0","0","1","0"
"7fe98d0c-7586158759961988370.mp4","0","0","0","0","0","0","0"
"2f9ae31c-7586167541605666055.mp4","0","0","1","0","0","0","0"
"34695c69-7586240384213323028.mp4","0","0","0","0","0","0","0"
"1641dbf4-7586535581144861970.mp4","0","0","0","0","0","0","0"
"332bb815-7586565975907011848.mp4","0","0","0","0","0","0","0"
"6a8d42b5-7586635883059662098.mp4","0","0","0","0","0","0","0"
"754f17b1-7586955079597870356.mp4","0","0","0","0","0","0","0"
"3d4737a4-7587034542842629384.mp4","0","0","0","0","0","0","1"
"aafa7fef-7587037862239997191.mp4","0","0","0","0","0","0","0"
"6cf6edf1-7582598588258192658.mp4","0","0","0","0","0","0","1"
"cae1e5a9-7582613807474707743.mp4","0","0","0","0","0","0","1"
"681e554d-7582801061988027668.mp4","0","0","0","0","0","0","0"
"9236b4c0-7582950293407583505.mp4","0","0","0","0","0","0","0"
"f4370d29-7583156474520538398.mp4","0","0","0","0","0","0","1"
"2df32f41-7583192981100891399.mp4","0","0","0","0","0","0","0"
"ff636001-7583234596809002261.mp4","0","0","0","0","0","0","0"
"9c4d5fc2-7583283652243524884.mp4","0","0","0","0","0","0","1"
"e9810419-7583299596055547157.mp4","0","0","0","0","0","0","0"
"ce3e5ef9-7583751265868467476.mp4","0","0","1","0","0","0","0"
"496feefa-7584057256916946197.mp4","0","0","0","0","0","0","0"
"8d4298a8-7584240051291163924.mp4","0","0","0","0","1","0","0"
"80f3f520-7584243770359581972.mp4","0","0","0","0","0","0","0"
"ed2477c1-7584349740813405460.mp4","0","0","0","0","0","0","0"
"0f220f27-7584377393763126529.mp4","0","0","0","0","0","0","0"
"188f3d21-7584476697529978133.mp4","0","0","0","0","0","0","0"
"c1294d99-7584646880760761607.mp4","0","0","0","0","0","0","1"
"3a3e16b9-7584749201913875728.mp4","0","0","0","0","0","0","1"
"9e16507e-7584815646840524053.mp4","0","0","0","0","0","0","0"
"5a6112df-7585029771948559623.mp4","0","0","0","0","0","0","0"
"e4ae7ad4-7580216231236488468.mp4","0","0","0","0","0","0","0"
"6bccc0cd-7580308554993650951.mp4","0","1","0","0","0","0","0"
"bed36373-7580345215387503880.mp4","0","0","0","0","0","0","1"
"07f820cf-7580355318287240455.mp4","0","0","0","0","0","0","0"
"921cdd9f-7580565769516354823.mp4","0","0","0","0","0","0","0"
"519aa51e-7580588380421983489.mp4","0","0","0","0","0","0","1"
"3fa1359d-7580707892131646741.mp4","0","0","0","0","0","0","0"
"aa8a9db5-7580975516438564114.mp4","0","0","1","0","0","1","0"
"38a6aec6-7581024903902547220.mp4","0","0","1","0","0","1","0"
"79bcd10f-7581132870694145300.mp4","0","0","1","0","0","0","0"
"daf9f686-7581335712839044370.mp4","0","0","0","0","0","0","0"
"372ece7d-7581431882303327508.mp4","0","0","0","0","0","0","0"
"454b102e-7581800445472034066.mp4","0","0","1","0","0","0","0"
"1c3fd496-7581876248847125767.mp4","0","0","0","0","0","0","0"
"1dba1116-7581922880229887239.mp4","0","0","0","1","0","1","0"
"4c8d4b82-7582091242209611016.mp4","0","0","0","0","0","0","0"
"0276b093-7582200840849591573.mp4","0","0","1","0","0","0","0"
"a4acfaba-7582443774022847762.mp4","0","0","0","0","0","1","0"
"913a6cb3-7newsadelaide-2025-04-05_1330-EXCLUSIVE-Shocking-video-obtained-by-7NE_A7T4cuC.mp4","0","0","0","0","0","0","1"
"14c79c9c-amstories01-2023-05-04_0940-The-MAN-with-the-BLOODY-FACE-OC-flash-HORR_tDFDXwH.mp4","0","0","0","0","0","0","1"
"7305699c-bells_isme7-2025-11-11_1419-fyp-art-horror-christmas-blood-7571364074668166418.mp4","0","0","1","0","0","0","1"
"7c7faa5b-bianso13-2024-10-04_1718-Smile-Dog-Buc-anh-ma-quy-day-am-anh-bianso13-_8HCARub.mp4","0","0","1","0","0","0","1"
"dd9736f9-bloodybast1-2022-01-01_1512-bloody-fyp-fight-game-edit-2022-global-704_2MKcXs8.mp4","0","0","0","0","0","1","1"
"59814536-catsarekwol-2025-10-22_2053-halloween-make-up-xyzabc-fake-fyp-trend-ho_EyDWNoN.mp4","0","0","0","0","0","0","1"
"7d6ad1e4-cjenmvn-2025-12-09_2010-Oan-Thai-Doi-Me-Khi-wy-du-nup-bong-hai-nhi-cau_GfHRNbr.mp4","0","0","1","0","0","0","1"
"38f3953f-cl.moviee-2024-07-29_2112-Nhung-man-tr.a-t.an-kinh-khung-nao-dang-cho-_OFZPlKs.mp4","0","0","0","0","0","0","1"
"38866aaa-creepylegend0-2025-12-09_1030-INSANE-Punch-Press-KICKBACK-Whips-Back-F_DmFgUTF.mp4","0","0","0","0","0","0","1"
"df18045c-cursenix_2025-06-14_0719-BRUTALITY-blood-gore-hardbullet-metaquest3-ga_KitCL1g.mp4","0","0","0","0","0","1","1"
"001bbcb4-dangket1982-2025-04-17_1931-nhung-cuoc-hon-chien-cua-nhung-chu-cho-hoa_oF6jjG0.mp4","0","0","0","0","0","0","1"
"b2bed13c-daosisoma71-2025-01-13_1116-nguoi-phu-nu-bi-ma-nhap-tamlinh-ghost-fyb-_EkK5Rwl.mp4","0","0","1","0","0","0","1"
"bee24b74-del.brunolima-2025-09-03_0446-Esp4nc4r-um-cachorro-em-plena-luz-do-dia_ne64zGl.mp4","0","0","0","0","0","0","1"
"8ba09b3d-edwardnhieuchuyen-2025-12-16_0050-CUP-BE-BUN-LAY-NHAT-GHE-RON-NHAT-THA_pOxhkse.mp4","0","0","1","0","0","0","1"
"43ac34ed-hanquoc60s-2023-02-10_2103-Cong-vien-ma-am-dang-so-nhat-Han-Quoc-ban-c_sXkMult.mp4","0","0","0","0","0","0","1"
"65ef0814-hardwaystore-2022-09-20_1828-Tran-dau-khoc-liet-mmavietnam-muaythai-vo_3BrCFs5.mp4","0","0","0","0","0","0","1"
"4e1e39da-hocvahoi17022024-2025-01-28_1100-Cach-tan-bao-nhat-de-tra-tan-thuy-thu_2auQKMM.mp4","0","0","0","0","0","0","1"
"46a60f56-ilovetiktok.real-2025-04-05_2119-Ffake-blood-fakeblood-fakebloodwarnin_aQAyUI1.mp4","0","0","0","0","0","0","1"
"3feaa4fc-itzreih_2024-12-12_1652-Lemonade.mp4-happytreefriends-brutal-gore-bloo_GW3gC96.mp4","0","0","1","0","0","0","1"
"8075c107-jarnmoochannels-2025-11-27_1524-_cOT9o28.mp4","0","0","0","0","0","0","1"
"ac8a65ab-kenkonedgy-2023-10-01_0645-7284769251318123809.mp4","0","0","0","0","0","0","1"
"f80c4f96-lady_grinning_soul-2019-10-29_0223-Bloody-foryou-foryoupage-art-drawin_GZDhzxi.mp4","0","0","0","0","0","0","1"
"61f369b0-lilbro5415-2025-12-25_0745-7587590115661319479.mp4","0","0","0","0","0","0","1"
"12ce133e-linhluci-2024-09-29_0834-xuhuong-tinmoimoingay-tintuc-7419872412390411538.mp4","0","0","0","0","0","0","1"
"e1aead82-livingdeadgirl.666-2022-01-02_2039-bloody-photoshoot-D-fyp-alttiktok-a_c5sLAOB.mp4","0","0","0","0","0","0","1"
"a1698b78-mohammed.alazzawie.moe-2024-09-30_1902-Hinh-thuc-tra-tan-tan-nhan-nhat_mk0WTCB.mp4","0","0","0","0","0","0","1"
"76f5df89-mscarrietaylor-2023-10-20_0614-scary-carrietaylor-gonnagetintrouble-go_6HIp6dB.mp4","0","0","0","0","0","0","1"
"3611774e-narelletaa-2026-01-22_1716-percikan-darahnya-ga-terlalu-keliatan-di-ft_U4dyh7T.mp4","0","0","0","0","0","0","1"
"87689aba-neozor_htf-2025-06-28_2141-bua-tiet-sinh-nhat-day-mau-me-7521010256072150280.mp4","0","0","1","0","0","0","1"
"eba30c99-nguynngckim72-2025-10-13_1126-trend-mau-me-7560558045449817352.mp4","0","0","0","0","0","0","1"
"f964af0d-notayokrob-2026-01-09_0716-Game-Acts-of-Blood-DEMO-FULL-VIDEO-OUT-NOW-_WSSthxq.mp4","0","0","0","0","0","1","1"
"c6247774-p2nda_gaming-2023-04-20_2239-that-s-so-creepy-im-scary-jesus-jesuscryi_uCZyGr6.mp4","0","0","0","0","0","0","1"
"139fa170-sbtnews-2025-04-10_0154-Videos-que-mostram-uma-cachorrinha-da-raca-shi_qZgkTu8.mp4","0","0","0","0","0","0","1"
"bf8c76b7-shaggy_is_here-2024-10-27_0605-brutal-.-.-Outlast-Trials-.-.-outlast-o_F83sx66.mp4","0","0","0","0","0","1","1"
"ef024f9c-shinevanh2k8-2021-05-02_2114-peppapig-scary-blood-mau-me-can-nhac-truo_WqwLDwP.mp4","0","0","0","0","0","0","1"
"aa2e7ebf-shopthu0608-2023-12-15_1803-mo-phong-cac-van-de-tai-nan-lao-dong.-hay-_XQ3wqsB.mp4","0","0","0","0","0","0","1"
"91c5dc52-simpalkharel-2023-08-30_2314-FAKE-BLOOD-instagram-simpal_kharel-fakebl_z0MD7jV.mp4","0","0","0","0","0","0","1"
"f97bc52f-still_us-2025-11-26_1505-TW-BLOOD-creepy-video-he-he-he-animation-anim_GuHtSlt.mp4","0","0","1","0","0","0","1"
"5b383a8a-sugarygore-2023-10-20_2247-sending-this-baby-away-3-they-ll-be-restock_KT9mqi0.mp4","0","0","0","0","0","0","1"
"84538b6b-suthatkhoahocc-2025-06-07_0835-Ban-nghi-hinh-phat-nay-co-du-nghiem-kha_bpk7DcF.mp4","0","0","0","0","0","0","1"
"78b629d0-suthatkhoahocc-2025-06-20_1745-Banh-xe-tra-tan-co-dai-khamphakhoahoc-s_rarcLjq.mp4","0","0","0","0","0","0","1"
"95d83e05-sydneypurl-2022-06-15_0227-IB-Xowie-Jones-kryolanmakeup-eyeblood-creep_9U9gsx5.mp4","0","0","0","0","0","0","1"
"3203a6b6-t.n7900-2025-08-23_1032-Dang-sua-dien-thi-dien-cao-ap-co-dien-dungs-Si_9KtnTVb.mp4","0","0","0","0","0","0","1"
"c203dd1c-tinnong024-2023-12-15_2112-7312824062269508897.mp4","0","0","0","0","0","0","1"
"c42353ad-under.walls-2024-06-25_0916-Look-the-new-blood-system.-Wishlist-Under-_c9cnM1X.mp4","0","0","0","0","0","1","1"
"ed09abfc-user66266774216080-2025-06-06_1157-fyp-7512696051900468498.mp4","0","0","0","0","0","0","1"
"14797f3c-vanvatquanhta.88-2025-09-14_2021-7549934341871226143.mp4","0","0","0","0","0","0","1"
"fff74886-vechandungmini-2026-01-10_1059-Ve-cau-be-67-kid-bi-ma-am-Xuhuong-vetra_9gQUZlW.mp4","0","0","0","0","0","0","1"
"9491cf21-vohankienthucc-2025-08-09_1010-Diem-lai-nhung-hinh-thuc-tra-tan-tan-ba_0CdtM46.mp4","0","0","0","0","0","0","1"
"60d9d64a-yumia339-2025-08-19_2019-I-was-js-experimenting-w-my-Halloween-makeup-_ZR8hCIT.mp4","0","0","0","0","0","0","1"
"a572a508-ad-movieeeeeeeess-2025-07-09_2308-New-Zombie-Movie-Available-on-Netfli_Yw99Zrz.mp4","0","0","0","0","0","0","1"
"59009416-battlecry.nguoikesu-2021-12-29_2050-Su-Doan-Bong-Lau-Su-316-lichsuviet_ekPfs1U.mp4","0","0","0","0","0","0","0"
"9c209ba0-dauan.lichsu-2025-03-23_1204-Chien-dich-Hue-Da-Nang-1975-phan-5-.-Nguo_KtuqrJO.mp4","0","0","0","0","0","0","0"
"5ad9946f-dauan.lichsu-2025-03-28_1223-Chien-dich-Xuan-Loc-1975-phan-1-.-Nguon-B_iWv3ksY.mp4","0","0","0","0","0","0","0"
"b604c352-dauan.lichsu-2025-04-08_1651-Chien-dich-Xuan-Loc-1975-phan-2-.-Nguon-B_WbhVmTx.mp4","0","0","0","0","0","0","0"
"68b4f1a4-dauan.lichsu-2025-04-30_1916-Chien-dich-Ho-Chi-Minh-1975-phan-4-.-Nguo_sX3pPpW.mp4","0","0","0","0","0","0","0"
"50d29876-historyislife1-2022-03-07_2318-Bon-vi-than-tuong-chi-huy-quan-doi-xuat_mrxivdX.mp4","0","0","0","0","0","0","0"
"c611aac5-historyislife1-2022-04-19_1210-P1-cre-Battlecry-Nguoi-Ke-Su-lichsu-xh-_6OIAsmb.mp4","0","0","0","0","0","0","0"
"f789f2d3-lichsu.101-2025-05-26_0836-60-NAM-CHIEN-THANG-NUI-THANH-26-05-1965-26-_iwqq1dP.mp4","0","0","0","0","0","0","0"
"7a411177-thegioi.34-2025-09-08_1749-CRE-BATTLECRY-MADAME-BINH-DUOI-GOC-NHIN-CUA_KxRpE9g.mp4","0","0","0","0","0","0","0"
"5714d543-tuantienti2911-2020-12-22_2203-TAM-NHIN-VI-DAI-CUA-CHU-TICH-HO-CHI-MIN_eOAXHPK.mp4","0","0","0","0","0","0","0"
"7f7d55f0-tuantienti2911-2021-02-01_2044-NHU-NG-CUO-C-DA-U-TRI-DINH-CAO-DU-O-I-D_R6ROBQt.mp4","0","0","0","0","0","0","0"
"1e9e817f-anan00602-2023-07-21_0519-Tinh-yeu-va-thuoc-la-Con-dau-khong-the-noi-t_96AKbiU.mp4","0","0","0","0","0","1","0"
"5642652a-anh.c.crypto-2026-01-29_1747-Cot-moc-moi-sau-7-nam-pi-pinetwork-760073_GwF1Bht.mp4","0","0","0","0","1","0","0"
"036a1f15-big.shark245-2025-02-07_1547-Nguo-i-nghe-o-nen-da-u-tu-tie-n-a-o-bitco_AWMhlGh.mp4","0","0","0","0","1","0","0"
"4add7bef-breaking_news.vn-2025-09-13_2223-Qua-cam-qua-cam-qua-cam-qua-cam-qua-c_n18Tq7c.mp4","0","0","0","0","1","0","0"
"9a5e8f64-chill2001e-2022-05-26_1512-App-kiem-tien-sieu-de-cho-ae-Link-min-de-ph_EuzW3EK.mp4","0","0","0","0","1","0","0"
"fb1cc6b0-dhg.9696-2022-02-25_1047-sponsored-Tra-loi-thanhsonbui1211-huhu-k-dung_8lknypq.mp4","0","0","0","0","0","1","0"
"53bb7541-duongearth-2021-10-30_2119-Dau-tu-san-tien-ao-thoi-4.0.-Phan-2-Tai-sao_wdB7z72.mp4","0","0","0","0","1","0","0"
"1f8a9e3a-fanchautinhtrine-2025-06-15_1623-Cham-mot-dieu-thuoc-dot-nhung-dieu-kh_2G63I8Q.mp4","0","0","0","0","0","1","0"
"975dc67a-gambl4right-2025-05-05_1843-Follow-4-more-simulation-airplane-planegam_aIJ8pNb.mp4","0","0","0","0","0","1","0"
"e5c93454-hng.hin076-2025-04-06_1421-CapCut-7490096835881733381.mp4","0","0","0","0","0","1","0"
"7d252305-hoangphuc189-2024-06-16_1617-Qua-cam-lam-giau-xuhuong-viral-quacamlamg_b53oltx.mp4","0","0","0","0","1","0","0"
"b8230ecc-khanhminh390-2025-01-07_0924-lam-dieu-thuoc-lao-nang-cao-si-dien...Chu_P808XFE.mp4","0","0","0","0","0","1","0"
"108e1dc7-kirito_kiem_si-2022-11-25_1949-Cho-may-keo-mot-ngao-nay-truonggiang-Re_9PELcj4.mp4","0","0","0","0","0","1","0"
"801e4731-meii_2.06-2024-09-22_0012-7417145342480616721.mp4","0","0","0","0","0","1","0"
"70abd8e3-nami05er-2023-02-01_1942-Tra-loi-bilem8-Nghe-noi-anh-thich-mot-co-gai-_iD11JEq.mp4","0","0","0","0","0","1","0"
"fae48f9b-nguyentanhai1234-2024-06-04_1535-AE-len-thuyen-qua-cam-lam-giau-nhe-Ti_f14u35h.mp4","0","0","0","0","1","1","0"
"6702c227-nothingtltc-2025-02-05_1159-Co-ai-chung-thuyen-khong-crypto-altcoin-ti_n9mlyyn.mp4","0","0","0","0","1","0","0"
"58c568d8-seko1_01-2024-07-19_0004-Lao-thu-Ha-Tinh-chao-tat-ca-ae-ca-nuoc-thuocl_nO0FFf9.mp4","0","0","0","0","0","1","0"
"a84aef30-thatsudochai-2024-03-02_0036-hutthuoc-apluc-stress-dongluc-xuhuong-734_4snqDHO.mp4","0","0","0","0","0","1","0"
"cfa00c1b-theannh_2025-01-27_1613-Co-tien-thi-co-chapnam-het-tien-chi-co-saigon-_4uMkt5x.mp4","0","0","0","0","0","1","0"
"e6e534de-theannh_2025-01-31_2004-Co-tien-thi-co-thuoc-ngon-khong-tien-chi-co-sa_iRV0kxX.mp4","0","0","0","0","0","1","0"
"67f533a4-thebigjackpot-2025-06-09_0300-DOMINATING-DRAGON-LINK-LIKE-A-PRO-casino_jwtVR4L.mp4","0","0","0","0","0","1","0"
"5a72a438-thebigjackpot-2025-06-12_0300-Dragon-Delivers-Dazzlingly-Dramatic-BOOM_ADBbUY3.mp4","0","0","0","0","0","1","0"
"abdb7fde-thosanhu112-2026-01-13_1911-HDPE-khong-an.thua-anh-em.a-TikTokShopFUNF_BHPQcp6.mp4","0","0","0","0","0","1","0"
"c7f61dbc-tuandilinhroi-2025-09-20_2243-Tra-gop-gap-Cong-an-viral-xh-cambodia-ko_ZRTiXrK.mp4","0","0","0","0","1","0","0"
"9ec75a02-user5055555505-2025-11-03_1307-99997-7568376_dcGcQJM.mp4","0","0","0","0","0","1","0"
"6b742a46-vietboy.games-2025-05-11_1048-Kiem-tien-de-dang-hang-ngay-vietnam-game_BIz5q83.mp4","0","0","0","0","0","1","0"
"36525ea1-vochinghia26032000-2024-05-17_0225-Qua-Cam-Lam-Giau-xuhuong-cambodia-m_KimmlGU.mp4","0","0","0","0","1","0","0"
"f655ab35-_hoangfminhh-2025-10-26_1110-chuyen-gia-dinh-247cuocgoinguoilangnghe-a_y0u7j7R.mp4","0","0","1","0","0","0","0"
"8c135097-13th04.2k-2025-04-14_2117-7493172634918587665.mp4","0","0","1","0","0","0","0"
"79cfef91-baby686800-2022-12-18_1741-Ban-da-dat-toi-muc-do-nao-roi-tamtrang-tieu_v8mBBXm.mp4","0","0","1","0","0","0","0"
"4572534e-camlanh6899-2024-09-16_2110-camlanhgiuamuahe-story-7415243145065057544.mp4","0","0","1","0","0","0","0"
"9cfa98c9-camlanh6899-2025-04-15_2203-camlanhgiuamuahe-story-7493555817052900616.mp4","0","0","1","0","0","0","0"
"b1f0c6aa-cavoinesua-2024-08-16_2232-vi-toi-luon-co-gang-chiu-dung-moi-thu-nen-n_lsbU2B2.mp4","0","0","1","0","0","0","0"
"b6fe8a1c-d.duc6973-2026-01-11_2315-7594138406649597205.mp4","0","0","1","0","0","0","0"
"c896c190-gibel_06-2023-07-27_2153-Chet-roi-tha-ho-ma-ngu-goctamtrang-tamtrang-b_EdrV1lP.mp4","0","0","1","0","0","0","0"
"51781cef-gibel_06-2023-08-12_1051-Mot-mo-suy-nghi-co-the-giet-chet-minh-bat-cu-_clp8Xfa.mp4","0","0","1","0","0","0","0"
"7f27d7db-gibel_06-2023-09-01_1423-Den-chinh-ban-than-minh-con-khong-biet-on-hay_QSa43B6.mp4","0","0","1","0","0","0","0"
"ce419369-hello.phank-2023-02-24_2034-toi-tu-lam-ban-than-minh-bat-ngo-fyp-tren_umF5gT3.mp4","0","0","1","0","0","0","0"
"67e771df-hnganhluu-2024-10-07_2355-7423078279923469576.mp4","0","0","1","0","0","0","0"
"4906e40e-ko_bt_nx345-2023-09-16_2015-cau-dung-hieu...-tuithandenbatkhoc-overthi_7aI2L1L.mp4","0","0","1","0","0","0","0"
"a0ae8aa8-lilwyn_x-2025-05-16_2301-7505074333249719559.mp4","0","0","1","0","0","0","0"
"ab913716-lilwyn_x-2025-12-26_1939-7588145277983264007.mp4","0","0","1","0","0","0","0"
"32220bbd-nguoihieu.chuyen-2025-11-15_2004-7572937203651775751.mp4","0","0","1","0","0","0","0"
"1390a141-nhabap98-2024-02-08_2022-ap-luc-gia-dinh-viral-xuhuong-lyrics-ndii101__70vIqOG.mp4","0","0","1","0","0","0","0"
"b9e5f7ff-phthanh277-2024-04-14_1812-Dieu-uoc-nho-nhoi..-xuhuong-tamtrang-tieucu_EslmyvT.mp4","0","0","1","0","0","0","0"
"59608707-qhyyy_2024-04-10_2112-co-rat-nhieu-thu-khien-dan-ong-ap-luc-ma-khong-t_AIgGhdO.mp4","0","0","1","0","0","0","0"
"c79ee654-suy_24_7-2025-07-29_2327-tamtrang-foryou-suy_24_7-7532541074959600913.mp4","0","0","1","0","0","0","0"
"faac708c-tmtt._02-2025-11-05_1242-nhung-buc-tranh-nghech-ngoac-chi-nhung-ke-ove_iLXMQ6l.mp4","0","0","1","0","0","0","0"
"77b9ed8e-youknow.noo-2023-03-09_1645-apluc-stress-tieucuc-overthinking-trong-gi_Hs20psV.mp4","0","0","1","0","0","0","0"
"16e68ff2-_nguoi_ke_su_2025-08-30_0733-Su-ac-liet-cua-chien-truong-Quang-Tri-qua_2yVx29k.mp4","0","0","0","0","0","0","0"
"6a108982-b.o.s.vit-2025-05-03_1959-Drama-mo-man-trieu-tran-goi-ten-Tran-Thai-To_vyQwChx.mp4","0","0","0","0","0","0","0"
"4ca00322-b.o.s.vit-2025-06-18_1954-Chan-menh-thien-tu-Le-Thanh-Tong-lichsuvietn_mWWlbvc.mp4","0","0","0","0","0","0","0"
"18daf431-baihoc.vinhan-2025-12-23_1938-Ly-Thuong-Kiet-cung-quan-dan-nha-Ly-danh_RvdawxT.mp4","0","0","0","0","0","0","0"
"ed411526-bandongan_01-2025-08-25_0830-SU-KIEN-LICH-SU-CUA-VIET-NAM-KHONG-THE-QU_RZBaqHm.mp4","0","0","0","0","0","0","0"
"f1f1284e-bankerthichcode-2025-07-20_1708-Mau-Than-1968-tran-Thanh-co-Quang-Tri-_2kw7Lwl.mp4","0","0","0","0","0","0","0"
"c1b484bd-chng.nhn.lch.s-2025-05-04_1242-TRAN-DANH-NHO-CU-DIEM-QUANG-THANH-Tran-_sMCqkrL.mp4","0","0","0","0","0","0","0"
"3bcf2d78-dongchaysuviet-2024-05-02_1900-Chien-tranh-Dai-Viet-Chiem-Thanh-nam-10_XDvbuYc.mp4","0","0","0","0","0","0","0"
"b29e4b10-duongnoodles25-2025-10-06_2319-Ly-Thuong-Kiet-Vi-anh-hung-kiet-xuat-vo_n9iIjYH.mp4","0","0","0","0","0","0","0"
"d3466163-historyvietnam_official-2023-09-06_2111-Lich-su-Nha-Le-So-Part-1-lichs_HWM7RzY.mp4","0","0","0","0","0","0","0"
"402429b0-hoangkimloai-2025-05-02_0035-Tap-6-Bac-xay-dung-mien-Bac-chong-My-cuu-_GjDwjwp.mp4","0","0","0","0","0","0","0"
"a8defd13-hoiuclichsu_2025-07-27_1833-Rach-Doi-Son-Ha-nen-kinh-te-chua-Nguyen-va_1QVDpPs.mp4","0","0","0","0","0","0","0"
"eca8c39f-hoiucviet.ai-2025-12-27_2010-Mac-Cuu-la-ai-va-hanh-trinh-khai-sinh-vun_EhVitbX.mp4","0","0","0","0","0","0","0"
"915ed939-khanhsuthi2473-2025-03-29_1330-Cung-la-ngoai-giao-nhung-ma-no-la-lam-l_RljpunQ.mp4","0","0","0","0","0","0","0"
"a1a1e606-khoi.nguyen6437-2025-03-29_1036-Vua-HAM-NGHI-Vua-Ham-Nghi-ten-that-la-_EjJcPlp.mp4","0","0","0","0","0","0","0"
"4c993e24-kienthuclichhsuvn-2025-02-21_1130-Loi-keu-goi-chong-My-cuu-nuoc-kienth_Z5UaOZe.mp4","0","0","0","0","0","0","0"
"1c122314-kieuhungdatviet-2025-08-24_1155-Trailer-Series-phim-ngan-lich-su-Thai-_tOIw1Ah.mp4","0","0","0","0","0","0","0"
"54cbb7f3-linlinhyeulichsu-2025-03-10_1849-Bac-song-nhu-troi-dat-cua-ta-Yeu-tung_p3PO3D3.mp4","0","0","0","0","0","0","0"
"77ac135a-lthc.lsvn-2025-05-20_1901-Vua-Le-Long-Dinh-Le-Ngoa-Trieu.-Vi-vua-cuoi-_U1dZnng.mp4","0","0","0","0","0","0","0"
"dbcd1f87-lthc.lsvn-2025-07-12_1908-Phat-Hoang-Tran-Nhan-Tong-trannhantong-phath_fnK23s7.mp4","0","0","0","0","0","0","0"
"85f54d12-moc1902-2023-06-27_1330-Ho-Le-31-1-vi-vua-va-cau-chuyen-nguoi-viet-thu_0JxKX2L.mp4","0","0","0","0","0","0","0"
"fcbf5ea7-motvongsuviet-2025-03-02_2004-Nam-1400-Nha-Tran-Sup-Do-Nha-Ho-Len-Ngoi_xjTTQFl.mp4","0","0","0","0","0","0","0"
"9b6bd18b-nguoikechuyenlichsuvn-2025-09-28_1744-Ho-Chi-Minh-Tu-Thay-Giao-Ngheo-D_V3CistZ.mp4","0","0","0","0","0","0","0"
"6070392f-nhungvandedialy-2024-08-14_1300-Lanh-tho-thoi-ky-Nha-Ly-Lanh-tho-Viet-_FIJVfvs.mp4","0","0","0","0","0","0","0"
"08b4b98b-p_mt9999-2025-04-29_2109-Dai-tuong-Vo-Nguyen-Giap-ke-ve-quyet-dinh-chi_5Tjka3M.mp4","0","0","0","0","0","0","0"
"e00cc37b-quocsuquan-2025-03-17_1907-6-thang-loi-quan-trong-cua-quan-dan-ta-tron_scJUfH8.mp4","0","0","0","0","0","0","0"
"41160866-quynhgiao1270-2024-01-19_2330-Tra-loi-amthambenem2507-Qua-la-dai-hy-vo_Jb30OTP.mp4","0","0","0","0","0","0","0"
"c4f5dca9-soisuthat-2025-06-17_1056-P1-Tat-ca-cac-cuoc-chien-tai-Viet-Nam-Cre-Vu_dVy12q0.mp4","0","0","0","0","0","0","0"
"6a3251df-sth_official0-2025-09-30_1206-Ba-lan-giac-Nguyen-Mong-keo-sang-ba-lan-_5Y6aMWw.mp4","0","0","0","0","0","0","0"
"2eff6ce3-sthvskhbook_official8-2025-10-22_1200-Duc-Thanh-Tran-Hung-Dao-1228-130_REI55NJ.mp4","0","0","0","0","0","0","0"
"51ee550c-sthvskhbook_official8-2025-12-15_2006-Bien-co-thanh-Co-Long-la-su-kien_pvO0FLs.mp4","0","0","0","0","0","0","0"
"db77c3d0-sthvskhbook_official8-2025-12-18_2046-Vua-Minh-Mang-1791-1841-ten-that_SoPzOrS.mp4","0","0","0","0","0","0","0"
"90f83d9b-sutonghop-2025-05-02_1955-Thoi-Nguyen-Phan-1-Gia-Long-thong-nhat-dat-n_rWhCblA.mp4","0","0","0","0","0","0","0"
"b0717a3f-tbvsngocchau3-2025-09-23_1102-Uy-tin-cua-nha-Le-dinh-toi-muc-Mac-cuop-_duFSRZR.mp4","0","0","0","0","0","0","0"
"99ae5284-thegioithugon-2024-08-13_2052-Nhung-Quoc-Gia-da-tung-ho-tro-Viet-Nam-t_UJ5TD1C.mp4","0","0","0","0","0","0","0"
"4bb9a9ff-thongthai.bookstore-2025-10-19_2147-Mau-Than-1968-TikTokAwardsVN-thong_CbwZ0hJ.mp4","0","0","0","0","0","0","0"
"a645da57-tomtatbachsu-2024-09-18_1915-PHAN-1-TRIEU-DAI-NHA-NGUYEN-1802-1945-LA-_Evv9z0y.mp4","0","0","0","0","0","0","0"
"38128ff0-truong.dinhnam-2025-07-12_2143-Phan-biet-Tien-Le-Hau-Le-Le-So-Le-Trung_lF6wACH.mp4","0","0","0","0","0","0","0"
"434fa8ac-tuongtranquoctuandgms-2026-01-13_1502-Cu-Do-co-cong-lap-ra-nha-Tran-la_XkmkaXC.mp4","0","0","0","0","0","0","0"
"12f19823-viet.nam.anh.hung-2023-02-26_1721-Thai-Su-Tran-Thu-Do-Gian-Hung-Nhung-_bXoPM9C.mp4","0","0","0","0","0","0","0"
"d1497fd2-viet.nam.anh.hung-2023-09-01_1748-Tran-Canh-So-Menh-Buoc-Ong-Phai-Lam-_it8QXsk.mp4","0","0","0","0","0","0","0"
"ff17321f-viet.nam.anh.hung-2023-10-21_1700-Tran-Hoang-Thoi-dai-xuat-hien-nhieu-_Lf8yEmQ.mp4","0","0","0","0","0","0","0"
"dd090bec-viet.nam.anh.hung-2023-12-02_1313-Phat-Hoang-Nhan-Tong-Giong-Doc-Dat-P_deVL5li.mp4","0","0","0","0","0","0","0"
"b5578b79-vietnam.move-2026-01-10_1900-Co-the-ban-da-biet-hoac-chua-Chieu-doi-do_QtVbliy.mp4","0","0","0","0","0","0","0"
"d7980e54-vietnam_history_z-2025-04-30_1200-Khang-Chien-Chong-My-Giai-Phong-Mien_tC4fsCz.mp4","0","0","0","0","0","0","0"
"7a95f93b-vnchuyenchuake-2025-11-17_0844-13-Vi-vua-trieu-Nguyen-Ai-yeu-nuoc-Ai-h_Vszomm1.mp4","0","0","0","0","0","0","0"
"e93943f1-gamebancaonline-2023-08-07_1037-Cu-ca-to-ma-choi-ca-nho-de-an-nhung-kh_GqadBpR.mp4","0","0","0","0","0","1","0"
"af6a9e0e-hurungrinh-2025-04-04_1200-Non-to-thoi-ae-capcut-gamemaybay-huanhoahon_lyeI22o.mp4","0","0","0","0","0","1","0"
"9dcf4bda-jozzoh12-2025-12-04_0911-Being-a-Gladiator-is-not-easy-halfsword-sword_sFXFp0w.mp4","0","0","0","0","0","1","1"
"4d54045e-kingvip.68-2023-10-06_2336-Kiem-lai-moi-ngay-cung-con-game-ban-ca-nao-_2Ek9t4C.mp4","0","0","0","0","0","1","0"
"aa84c89d-stridahsangels-2025-05-01_2305-Perfect-stab-to-the-throat-ends-duel-in_lmbzzaT.mp4","0","0","0","0","0","1","1"
"71a2ccdb-threads.h.h-2024-07-26_1237-ban-ca-vui-ve-le-hoi-ban-ca-giaitri-banca-_Q6b1FuT.mp4","0","0","0","0","0","1","0"
"487f0fee-user67701184951972-2025-07-13_1346-aviamasters-gaming-aviator-fiboex-f_H0liO4c.mp4","0","0","0","0","0","1","0"
"b2dbc908-zynkss-2024-11-11_1014-Bro-just-needed-one-more-sword-trust-halfsword-_p0WjkRS.mp4","0","0","0","0","0","1","1"
"25b2fcd6-60giay.com-2025-08-18_1250-NHO-VU-NAY-MA-NHIEU-NGUOI-HAY-NOI-DUA-DAT-D_r5Zav5z.mp4","1","0","0","0","0","0","0"
"d5f03b6c-anhbaychachacha-2025-07-17_2158-Viet-Nam-Cong-Hoa-tai-cac-ky-Olympic-q_f8dU7XV.mp4","1","0","0","0","0","0","0"
"4e38d471-banhrangsuthat-2026-01-29_1131-BO-RO-NGHI-XEM-NEU-TRIEU-TIEN-PHONG-CON_mPtzt34.mp4","1","0","0","0","0","0","0"
"740daa1b-bankerthichcode-2025-11-09_2000-Trump-se-trien-khai-quan-su-va-Cach-ma_9blEo2x.mp4","1","0","0","0","0","0","0"
"daeff30b-bankerthichcode-2026-01-27_1305-Trump-se-tan-cong-Iran-hay-khong-banke_qLejzvK.mp4","1","0","0","0","0","0","0"
"a131c48f-bethel_tokk-2026-01-31_1254-BREAKING-Ee-US-is-Preparing-to-Strike-Iran_88RcBUy.mp4","1","0","0","0","0","0","0"
"b3820c72-hamrong79-2024-09-10_1713-vietnam-lichsuvietnam-bodoicuho-quandoinhand_tjSl8Eb.mp4","1","0","0","0","0","0","0"
"0350b4ce-historysecrets12-2025-12-14_2202-Cau-noi-cua-Nguyen-Van-Thieu-phan-anh_zS8ZaCm.mp4","1","0","0","0","0","0","0"
"a5e201f4-meamdaosy93-2025-09-02_1143-Chuc-Mung-Quoc-Khanh-2-9-Viet-Nam-Cong-San_Lu0p5Vu.mp4","1","0","0","0","0","0","0"
"0e61ed61-mznews_official-2025-11-10_1805-Nay-la-do-anh-huong-tu-tran-tap-kich-c_h07ckLy.mp4","1","0","0","0","0","0","0"
"1d5b1000-ngi.cng.sn309-2025-06-12_2309-Quan-diem-gay-gat-cua-cuu-Tong-Thong-Ngu_vElngjI.mp4","1","0","0","0","0","0","0"
"adcfef2e-nguoi.sai.gon.515253-2026-01-04_1256-thai-cam-chiensu-xh-7591381138590174482.mp4","1","0","0","0","0","0","0"
"256fee16-nhn.nguyn6283-2026-01-27_0918-Kiev-Ukraine-thu-phu-da-chim-trong-bong-_GvykJZj.mp4","1","0","0","0","0","0","0"
"1fcdf045-nhn.nguyn6283-2026-01-31_2049-Kiev-Ukraine-ngap-tran-nhung-chu-ong-760_xLGzqH8.mp4","1","0","0","0","0","0","0"
"8cd48bb2-quangngiy2-2025-05-22_1838-nhung-hanh-dong-nhu-ky-thi-nguoi-mien-Nam-t_LzxJqGp.mp4","1","0","0","0","0","0","0"
"eddd96bb-saigonjemmy-2024-04-13_1833-Quoc-Ca-Viet-Nam-Cong-Hoa-tren-dai-phat-th_Ev8w2H5.mp4","1","0","0","0","0","0","0"
"1f03f82a-socolichsuquansu-2026-01-06_1115-CHIEN-TRANH-HIEN-DAI-AI-KIEM-SOAT-THO_NWP3RG6.mp4","1","0","0","0","0","0","0"
"16bc2342-stevent107-2026-01-30_1705-30-1-Ong-Trump-tuyen-bo-xoa-so-Iran-neu-bi-_vNrk4nn.mp4","1","0","0","0","0","0","0"
"054960e7-stevent107-2026-01-31_1534-31-1-Israel-can-ngan-My-dung-voi-bem-Iran-l_tb5SKZg.mp4","1","0","0","0","0","0","0"
"5653b30a-tannguyenchungkhoangfb-2025-07-28_0852-Luan-ban-chien-su-Thai-cam-Nong_XgQMUIW.mp4","1","0","0","0","0","0","0"
"e647223c-thangbansachtinikun-2026-01-03_1745-Ong-Trump-tuyen-bo-My-da-khong-kic_0KsZ3nx.mp4","1","0","0","0","0","0","0"
"c4a0d6e4-thegioithaydoi-2025-10-30_0721-Ban-co-biet-tai-sao-cuoc-xung-dot-Nga-U_kP0u701.mp4","1","0","0","0","0","0","0"
"b4bc4d6f-tinhbao.thitruong-2025-03-08_1312-Den-khi-nao-cuoc-chien-giua-Nga-va-U_ZSF6V4s.mp4","1","0","0","0","0","0","0"
"7190a930-toiyeuvietnam2800-2025-12-08_1942-vietnam-cambodia-lichsuvietnam-qdndv_UOm6rU8.mp4","1","0","0","0","0","0","0"
"22d24bfd-tranphivu1983-2025-03-30_1401-Co-tong-thong-Nguyen-Van-Thieu-Viet-Nam-_7EMLMp3.mp4","1","0","0","0","0","0","0"
"20c6d4b2-vietnamnews30-2025-12-15_1151-vietnam-trungquoc-lichsuvietnam-viral-xu_ZVHCIQG.mp4","1","0","0","0","0","0","0"
"97abf1d2-vinhha1970-2025-12-27_0550-vi-sao-Thai-Cam-tranh-chap-nhung-ngoi-den-d_u3QU06R.mp4","1","0","0","0","0","0","0"
"d019472e-7397986232963222789.mp4","0","0","0","0","0","0","0"
"e9dccadc-7400251664818523425.mp4","0","0","0","0","0","0","0"
"8596b6bb-7404116044148641032.mp4","0","1","0","0","0","0","0"
"bd17d24a-7405892344748297480.mp4","0","0","0","0","0","0","0"
"cc1e5349-7406828929220168992.mp4","0","0","0","0","0","0","0"
"43d1d8c3-7406963349818199304.mp4","0","0","0","0","0","0","0"
"4d16e3b2-7356617024220548370.mp4","0","0","0","0","0","0","0"
"77ae7aef-7357117554751524139.mp4","0","0","0","0","0","0","0"
"5839afae-7360196471112666373.mp4","0","1","0","0","0","0","0"
"0f12c636-7361257935604911365.mp4","0","0","0","0","0","0","0"
"b2db9fe6-7362528568737418512.mp4","1","1","0","0","0","0","0"
"6192f0af-7366981032496729351.mp4","1","0","0","0","0","0","0"
"fddd75c7-7368829322104163602.mp4","0","0","0","0","0","0","0"
"7db903c8-7369460070184209694.mp4","0","0","0","1","0","0","1"
"06087e36-7369726283414048005.mp4","0","0","1","0","0","0","0"
"f6f163ff-7369910869980892434.mp4","0","0","0","0","0","0","0"
"15fd3827-7372058138222152967.mp4","0","0","0","0","0","0","0"
"277989c5-7375241994748071186.mp4","0","0","0","0","0","0","0"
"928f03c1-7388595711744412929.mp4","0","0","0","0","0","0","0"
"03ae387e-7389282497479068946.mp4","0","0","1","0","0","0","0"
"30d342cf-7392778916303260946.mp4","0","0","0","0","0","0","0"
"ff5d3ae0-7394095948202364178.mp4","0","1","0","0","0","0","0"
"30577637-7395956652647795975.mp4","1","0","0","0","0","0","0"
"dd5118f6-7397243958964817159.mp4","0","0","0","0","0","0","0"
"a3bc2115-7411387260194524434.mp4","0","1","0","0","0","0","0"
"9d4aff91-7413322325703085320.mp4","0","0","0","0","0","0","0"
"aec937b3-7413990215028608262.mp4","0","1","0","0","0","0","0"
"c54b8f13-7420947867327614215.mp4","0","1","0","0","0","0","0"
"5b7f9aa1-7422291861953416454.mp4","0","0","0","0","0","0","0"
"f1d5045d-7423213688305241362.mp4","0","0","0","0","0","0","0"
"85262c84-7423689086973611282.mp4","0","0","0","0","0","0","0"
"64e13ce6-7423851078661311749.mp4","0","0","1","0","0","0","0"
"df1fe36f-7425687905487572232.mp4","0","0","0","0","0","0","0"
"a3c4b386-7426389769141210375.mp4","0","0","0","0","0","0","0"
"f02e82ef-7427688377077583112.mp4","1","0","0","0","0","0","0"
"670d0a1e-7429771478507293960.mp4","0","0","0","0","0","0","0"
"ef6ff756-7429884251048332545.mp4","0","0","0","0","0","0","0"
"2ad02b6e-7430086411149233426.mp4","0","1","0","0","0","0","0"
"1d61fecd-7430480752451538184.mp4","0","0","0","0","0","0","0"
"d2a737f3-7431944364160486664.mp4","0","1","0","0","0","0","0"
"35af715d-7432646166564687146.mp4","0","0","0","0","0","1","0"
"93a9533a-7434486391955901727.mp4","0","0","0","0","0","1","0"
"db044966-7434712208396881159.mp4","0","0","0","0","0","0","1"
"208155c2-7436210654182198561.mp4","0","0","0","0","0","1","0"
"f8069b98-7438921247561485624.mp4","0","0","0","0","0","0","0"
"d9cc5ab4-7439399793664773394.mp4","0","0","0","0","0","0","0"
"e93fd834-7441549642644393223.mp4","0","0","0","0","0","0","0"
"b3ee1ca5-7442478516114869512.mp4","0","0","0","0","0","0","1"
"8148b20a-7442626020487728402.mp4","0","0","0","0","0","0","0"
"c634511f-7443226161343155473.mp4","0","0","0","0","0","0","0"
"3f9c9386-7446281520932719890.mp4","0","0","0","0","0","0","0"
"711b175a-7447023237696900370.mp4","0","1","0","0","0","0","0"
"bfe745c2-7447214454342716680.mp4","0","1","0","0","0","0","0"
"d73d88d7-7448253272449633552.mp4","0","0","0","0","0","0","0"
"e7f59b52-7449156065423330566.mp4","0","0","0","0","0","0","0"
"0fd4521a-7449320910974192914.mp4","0","0","0","0","0","0","1"
"6c3f5533-7449492087323610390.mp4","0","0","0","0","0","0","0"
"be6af689-7450694344484375828.mp4","0","0","0","0","0","0","0"
"3a0e1a96-7451093937214721310.mp4","1","0","0","0","0","0","0"
"4bb3ff08-7453440768825478407.mp4","0","0","1","0","0","0","0"
"bda62f5d-7454251862057815303.mp4","0","0","0","0","0","0","0"
"57d8ec16-7454289222871026966.mp4","0","0","0","0","0","0","0"
"e55642f5-7454580983833038126.mp4","0","0","0","0","0","0","0"
"cd1bb029-7454612084131745046.mp4","0","0","0","0","0","0","0"
"fb85b091-7455841327478164782.mp4","0","0","0","0","0","0","1"
"a901d6b8-7456350305458867476.mp4","1","0","0","0","0","0","0"
"c0362a17-7456917789174009093.mp4","0","0","0","0","0","0","0"
"f0ef170a-7457972885764754695.mp4","0","1","0","0","0","0","0"
"a8a831bc-7458247414793784622.mp4","0","0","0","0","0","0","0"
"f0eb25a4-7460115803325599018.mp4","0","0","0","0","0","1","0"
"4c3cf60f-7461178111577640210.mp4","0","0","0","0","0","0","0"
"3391097b-7461580178611834130.mp4","0","0","0","0","0","0","0"
"9eb59bc8-7462157324912807201.mp4","0","0","0","0","0","0","0"
"f482c04f-7462571207284526368.mp4","0","0","0","0","0","0","0"
"987ad255-7464578332177272082.mp4","0","0","0","0","0","1","0"
"f42c066f-7466734171436616968.mp4","0","0","0","0","0","1","0"
"a3aa816a-7467847213381668114.mp4","0","0","0","0","0","0","0"
"e4f97d95-7468177768400833798.mp4","0","1","0","0","0","0","0"
"f8724c98-7470024906327985416.mp4","0","0","0","0","0","0","0"
"0ae70920-7470858715332218130.mp4","0","1","0","0","0","0","0"
"82be8c5c-7472353129737030954.mp4","0","0","0","1","0","0","0"
"e1462a28-7472683075273510151.mp4","0","0","0","0","0","0","0"
"eb08af84-7472995510446607623.mp4","0","0","0","0","0","0","0"
"3b70ba6f-7473066900998688055.mp4","0","0","0","0","0","0","0"
"9554972d-7473477989544594696.mp4","0","0","0","0","0","0","0"
"99f82e96-7474458804600540423.mp4","1","0","0","0","0","0","0"
"a0cfb301-7474964315267714305.mp4","0","1","0","0","0","0","0"
"9d336f1a-7475354804877806856.mp4","0","0","0","0","0","0","0"
"38676d67-7475691939187150098.mp4","0","0","0","0","0","0","0"
"bded857b-7476421005636865288.mp4","0","0","0","0","0","0","0"
"193fe54e-7476491650634665262.mp4","0","0","0","0","0","0","0"
"101b7cac-7476943727085325573-100.mp4","0","1","0","0","0","0","0"
"65ac6bce-7519877178457148693.mp4","0","0","0","0","0","0","0"
"116ec0aa-7520169329317416199.mp4","1","0","0","0","0","0","0"
"73c0dc45-7520956425401683218.mp4","0","0","0","0","0","0","0"
"a0269ef7-7516385274184633618.mp4","0","0","0","0","0","0","0"
"810f6e88-7516616771277688086.mp4","0","0","0","0","0","0","0"
"a99347bd-7516665481642708255.mp4","0","0","0","0","0","0","0"
"d7eeec03-7516785304640982290.mp4","1","0","0","0","0","0","0"
"504f6df4-7516962638799179030.mp4","0","1","0","0","0","0","0"
"fa65ebb6-7517248650280488199.mp4","0","0","0","0","0","0","0"
"6bacb6d9-7517696168864795917.mp4","0","1","0","0","0","0","0"
"c5123399-7517745418659286278.mp4","0","1","0","0","0","0","0"
"bd64f2cb-7517774570586115334.mp4","0","0","1","0","0","0","0"
"46f94250-7518000792067050808.mp4","0","1","0","0","0","0","0"
"2ffadb51-7518001795575155975.mp4","0","0","0","0","0","0","1"
"f68377e2-7518137631897668882.mp4","0","0","0","0","0","0","0"
"6494ad77-7518244103583239432.mp4","0","0","0","0","0","0","0"
"9473769f-7518403060306070802.mp4","0","0","0","0","0","0","0"
"e64d5b3d-7518434317190712594.mp4","0","0","0","0","0","0","0"
"6cb500e3-7518765371428474134.mp4","0","0","0","0","0","1","0"
"90cb2819-7518971950434241810.mp4","0","0","0","0","0","0","0"
"6c1fc719-7519062286208716040.mp4","0","0","0","0","0","0","0"
"59ed5310-7525339687431441671.mp4","0","0","0","0","0","0","0"
"ab8c8046-7521030081041501458.mp4","0","0","0","0","0","0","0"
"3e89b046-7521112917509475602.mp4","0","0","0","0","0","1","0"
"7cc58a04-7521642862233062663.mp4","1","0","0","0","0","0","0"
"328cb215-7521667033017191687.mp4","0","0","0","0","0","0","0"
"8c922773-7521688221831548178.mp4","0","0","0","0","0","0","0"
"91b92bb2-7521742504283081991.mp4","0","0","0","0","0","0","0"
"dbdb1611-7522004368393030920.mp4","0","1","0","0","0","0","0"
"e40340a1-7522456528381775122.mp4","0","0","0","0","0","0","0"
"1bfbbb39-7522462524646624519.mp4","0","1","0","0","0","0","0"
"fc5d0e71-7522869071688355080.mp4","0","1","0","0","0","0","0"
"d8e8b8ef-7523061807292894471.mp4","0","0","0","0","0","0","0"
"1d061b07-7523278141050162445.mp4","0","0","0","0","0","0","0"
"16d03164-7523381330378329352.mp4","0","0","0","0","0","0","1"
"e7d17180-7523464854397537554.mp4","0","0","0","0","0","0","0"
"25190f41-7523908207912176904.mp4","0","1","0","0","0","0","0"
"e1078e79-7524201870148062472.mp4","0","0","0","0","0","0","0"
"7dd02841-7524354586690325782.mp4","0","0","0","0","0","0","0"
"aba933f1-7524370475129015583.mp4","0","0","0","0","0","1","0"
"ba9208ef-7525081953377324302.mp4","0","0","0","0","0","0","0"
"2e7b25b2-7530281969184197901.mp4","0","0","0","0","0","0","0"
"b6919187-7525418412588190983.mp4","0","0","0","0","0","0","0"
"7141b846-7525964587049454903.mp4","0","0","0","0","0","0","1"
"da75f3be-7526039166530915602.mp4","0","0","0","0","0","0","1"
"a83622e8-7526090538227944712.mp4","0","0","0","0","0","0","0"
"a92a39df-7526184871383829778.mp4","0","0","0","0","0","0","0"
"3a311f9a-7526752691154865426.mp4","0","1","0","0","0","0","0"
"d3fa59e3-7526944160285461783.mp4","0","1","0","0","0","0","0"
"a31ec65c-7527029029124295944.mp4","0","0","0","0","0","1","0"
"36a53231-7527247295847484680.mp4","0","0","0","0","0","0","0"
"6c79f2fe-7527321120421219606.mp4","0","0","0","1","0","0","0"
"c8a90a17-7527354156835802381.mp4","0","1","0","0","0","0","0"
"ad4108cb-7527643930230377742.mp4","0","0","0","0","0","0","0"
"a20e0475-7528095361332792582.mp4","0","0","0","0","0","0","0"
"2206a1d2-7528138717660318998.mp4","0","0","0","0","0","0","0"
"7b9eab24-7528211100265893128.mp4","0","0","0","1","0","1","0"
"74a538cb-7528370065935404306.mp4","0","0","0","0","0","0","0"
"1192c3c7-7528384723555519751.mp4","1","0","0","0","0","0","0"
"08883485-7529021251638086917.mp4","0","0","0","0","0","0","0"
"589dbbf5-7529138136245439751.mp4","0","0","0","0","0","1","0"
"381b3690-7529472833013943570.mp4","0","0","0","0","0","0","0"
"c816f75f-7529557145583389960.mp4","0","1","0","0","0","0","0"
"875f39e1-7529814409045167382.mp4","0","1","0","0","0","0","0"
"08e04cff-7529923126566636820.mp4","0","1","0","0","0","1","0"
"36bf4b3b-7534358828435918088.mp4","0","0","0","0","0","0","0"
"49d780c3-7535067438031883538-400.mp4","0","0","1","0","0","0","0"
"9d6f4ad6-7530636118182595848.mp4","0","0","0","0","0","0","0"
"6a2bfcfe-7530670209624083730.mp4","0","1","0","0","0","0","0"
"472df781-7531004594101538054.mp4","0","0","0","0","0","0","0"
"403b1ec1-7531158501264035094.mp4","0","0","1","0","0","0","0"
"0a24ad95-7531224524709285142.mp4","0","1","0","0","0","0","0"
"a5f56d38-7531575946235759879.mp4","0","0","0","0","0","0","0"
"5837b1d2-7531639687589465351.mp4","0","0","0","0","0","0","0"
"147c254a-7531761441800473886.mp4","0","1","0","0","0","0","0"
"d46d6228-7531917129495416072.mp4","0","0","0","0","0","0","0"
"57411fd0-7532007867818233110.mp4","0","1","0","0","0","0","0"
"0577fa7a-7532070037042121991.mp4","0","1","0","0","0","0","0"
"e0979e28-7532093265034644754.mp4","0","0","1","0","0","0","0"
"2e03a6af-7532095614662855967.mp4","0","0","0","0","0","0","0"
"4eaa5244-7532165932815371527.mp4","0","0","0","0","0","0","0"
"fff0779c-7532357320123157778.mp4","0","1","0","0","0","0","0"
"e26d2c22-7532466741205601543.mp4","0","0","0","0","0","0","0"
"7f877570-7532534531987885319.mp4","0","0","0","1","0","0","0"
"44c627a5-7532598282384674070.mp4","0","0","0","0","0","0","0"
"1ee2a565-7533314655368875271.mp4","0","0","0","0","0","0","0"
"bff0e4b6-7533486236602846482.mp4","0","0","0","0","0","0","0"
"0855c6ef-7533539902886022408.mp4","0","0","0","0","0","0","0"
"9834eff0-7533950595963669790.mp4","0","0","0","0","0","0","0"
"ad3aee1a-7534166141506358530.mp4","1","0","0","0","0","0","0"
"7cf2af80-7562688739747646728.mp4","0","1","0","0","0","0","0"
"23935c76-7562844884432964872.mp4","0","0","0","0","0","0","0"
"65473e16-7563244372641287444.mp4","0","0","0","0","0","0","0"
"052adb9e-7563248077352504587.mp4","0","0","0","0","0","0","0"
"2bd6bcea-7563267408920726802.mp4","0","0","0","0","0","0","0"
"9873cc04-7563274884319743250.mp4","0","1","0","0","0","0","0"
"4f5437b6-7563305745291218197.mp4","1","0","0","0","0","0","0"
"6fef8cf1-7559842495534861575.mp4","0","1","0","0","0","0","0"
"909dd7e9-7559869618551098631.mp4","0","0","0","0","0","0","0"
"af168f45-7559959058136976658.mp4","0","1","0","0","0","0","1"
"3079e033-7560189826226556167.mp4","0","1","0","0","0","0","0"
"891b774b-7560510985707162891.mp4","0","0","0","0","0","0","0"
"e649b98b-7560512080260910354.mp4","0","1","0","0","0","0","0"
"f2f6c6b1-7560549704044514571.mp4","0","0","0","0","0","0","0"
"cc17ca52-7560588117674069255.mp4","0","0","1","0","0","0","1"
"d541b2b0-7560644749410012424.mp4","0","1","0","0","0","0","0"
"187e1dfc-7560661166108724487.mp4","0","0","0","0","0","0","0"
"70ab34be-7560969038160039188.mp4","0","0","0","0","0","0","0"
"96f84fcc-7560997503940758814.mp4","0","1","0","0","0","0","0"
"8e788d80-7561023602007493896.mp4","0","0","0","0","0","1","0"
"f3688a69-7561177689722244372.mp4","0","1","0","0","0","0","0"
"8c5a989c-7561690194584407310.mp4","0","0","0","0","0","0","0"
"60dc8c87-7561696090030984449.mp4","0","0","0","0","0","0","0"
"d325b9b4-7561787368806599954.mp4","0","0","0","0","0","0","0"
"c18dcf32-7561854395349060882.mp4","0","0","0","0","0","0","0"
"a1ec8947-7561980638832758029.mp4","0","0","0","0","0","0","0"
"617ecdd1-7561994319230553357.mp4","0","0","0","0","0","0","0"
"a8b86161-7562019558098324748.mp4","0","1","0","0","0","0","0"
"5b4033d1-7562171880355007755.mp4","0","1","0","0","0","0","0"
"f0a90ed0-7562400947637390599.mp4","0","1","0","0","0","0","0"
"ed3a7917-7562452048453635348.mp4","0","1","0","0","0","0","0"
"215e0acf-7562531216738536712.mp4","0","0","0","0","0","0","0"
"b4ee1e93-7562576769136495892.mp4","0","0","0","0","0","0","0"
"0d3905a3-7567011584984337695.mp4","0","0","0","0","0","0","0"
"33309544-7567022505882422550.mp4","0","0","0","0","0","0","1"
"141405d0-7567057396229491975.mp4","0","1","0","0","0","0","0"
"adcdf77d-7567086917343300877.mp4","0","0","0","0","0","0","0"
"81841649-7563320948112346375.mp4","0","0","0","0","0","0","0"
"13be7a0d-7563343377069018388.mp4","0","0","0","0","0","0","0"
"3a18a724-7563362119027100936.mp4","1","0","0","1","0","0","0"
"b3fa418a-7563461993991064844.mp4","0","0","0","0","0","0","0"
"e199a2c0-7563501410030046471.mp4","0","1","0","0","0","0","0"
"517eebc6-7563549208523984148.mp4","0","0","0","0","0","0","0"
"2015563b-7563580068216229142.mp4","0","0","0","0","0","0","0"
"81a2a6c0-7563777661835726136.mp4","0","0","0","0","0","0","0"
"675ecbdc-7563911612395048200.mp4","1","0","0","0","0","0","0"
"f1fdfb85-7563982567418989855.mp4","0","0","0","0","0","0","0"
"fa864371-7564059508226395403.mp4","0","0","0","0","0","1","0"
"b2efe362-7564082028715511071.mp4","0","0","0","0","0","0","0"
"e2c0917b-7564178376614006019.mp4","0","0","0","0","0","0","0"
"d18398c5-7564193864886586680.mp4","0","1","0","0","0","0","0"
"2871bea5-7564304042810199303.mp4","0","0","0","0","0","0","1"
"73e33147-7564360198505368839.mp4","0","0","0","0","0","0","0"
"562a09d4-7564409928530808085.mp4","0","1","0","0","0","0","0"
"31d5a4bf-7564697677636586760.mp4","0","0","0","0","0","0","0"
"4cb014e3-7564759485609217302.mp4","0","1","0","1","0","0","0"
"248e42ab-7564994620510244103.mp4","0","0","0","0","0","0","0"
"82f1a1f0-7565033638941789458.mp4","0","0","0","0","0","0","0"
"344b2bd3-7565056067768569143.mp4","0","0","0","0","0","0","0"
"c08ded11-7565059894471085319.mp4","0","0","0","0","0","0","0"
"318f4ff6-7565069737047100690.mp4","0","0","0","0","0","0","0"
"cf370341-7565076416295947533.mp4","0","0","0","0","0","0","0"
"33c557b1-7565273136720055570.mp4","0","1","0","0","0","0","0"
"c6dbf3e5-7565440765200043271.mp4","1","0","0","0","0","0","0"
"4fe5f102-7565556603789806855.mp4","0","1","0","0","0","0","0"
"25f208c9-7565703444921617678.mp4","0","1","0","0","0","0","0"
"8b39be3b-7565764064601853185.mp4","0","0","0","0","0","0","0"
"9e53784f-7565933315568504078.mp4","0","1","0","0","0","0","0"
"210633e3-7566060306724556052.mp4","0","0","0","0","0","0","0"
"1b3bfe49-7566241048666606849.mp4","0","1","0","0","0","0","0"
"66141cdb-7566333458696473869.mp4","0","0","0","0","0","0","1"
"ff750d80-7566498739494620423.mp4","0","0","0","0","0","0","0"
"efb27738-7566642951988825366.mp4","0","0","0","0","0","0","0"
"1216687d-7566644028633025799.mp4","0","1","0","0","0","0","0"
"3d6c9d64-7566728493933858059.mp4","0","1","0","0","0","0","0"
"5ceebb54-7566809079063104775.mp4","0","0","0","0","0","0","0"
"d3737942-7566866684112440578.mp4","0","0","0","0","0","0","0"
"6f2b5bc6-7566972616225983752.mp4","0","0","0","0","0","0","0"
"d146cd78-7569242801012002056.mp4","0","0","0","0","0","0","0"
"9ec2d2ac-7569250475627842834.mp4","0","0","0","0","0","0","0"
"170b62cd-7569274160019524872.mp4","0","0","0","0","0","0","0"
"47cec6d8-7569377270180105485.mp4","0","0","0","0","0","0","0"
"31f51e42-7569419186754080030.mp4","0","1","0","0","0","0","1"
"1eee82bf-7569611818482617621.mp4","0","0","0","0","0","0","0"
"d36ee314-7569757401595825421.mp4","0","0","0","0","0","0","0"
"277cef06-7567378317700042015.mp4","0","0","0","0","0","1","0"
"3c6356dc-7567492350851697928.mp4","0","1","0","0","0","0","0"
"8aca354e-7567550862097190166.mp4","0","0","0","0","0","0","0"
"4a3cbc8c-7567574674171759888.mp4","0","1","0","0","0","0","0"
"fce7ea8e-7567577003092741394.mp4","0","0","0","0","0","0","0"
"0207c193-7567752496978873622.mp4","0","0","0","0","0","0","0"
"0eb55da3-7567754176399265045.mp4","0","0","0","0","0","0","0"
"3aa7dc99-7568043463636258068.mp4","0","1","0","0","0","0","0"
"8c75e81f-7568045743211040022.mp4","0","0","0","0","0","0","0"
"b3049ca1-7568057828439575829.mp4","1","0","0","0","0","0","0"
"32cc2b55-7568102687057743117.mp4","0","0","0","0","0","0","0"
"7f5b92d4-7568108489873067286.mp4","0","0","0","0","0","0","0"
"3413c1cd-7568124594385587463.mp4","0","0","0","0","0","0","0"
"138ba3fb-7568165433652596023.mp4","0","0","0","0","0","0","0"
"df64512d-7568174724472130838.mp4","0","0","0","0","0","0","0"
"7347a767-7568233540274359583.mp4","0","0","0","0","0","0","0"
"aefb287e-7568280588382211336.mp4","0","1","0","0","0","0","0"
"73f0f125-7568415335125142802.mp4","0","0","0","0","0","0","0"
"664a55f8-7568435210031762709.mp4","0","0","0","0","0","0","0"
"3ea87970-7568531550996811063.mp4","0","0","0","0","0","0","0"
"faf185ea-7568640174192872712.mp4","0","0","0","0","0","0","0"
"45121dc6-7568856419055832338.mp4","0","0","0","0","0","0","1"
"5ca336a5-7568931197972221205.mp4","0","0","0","0","0","0","0"
"014a5efa-7568949424362130699.mp4","0","0","0","0","0","0","0"
"95fd83bc-7568980479379016990.mp4","0","0","0","0","0","0","0"
"2c1438be-7569219118809828616.mp4","0","0","0","0","0","0","0"
"35548372-7571357525031914770.mp4","0","0","0","0","0","0","0"
"c6f20563-7571366055696780545.mp4","0","0","0","0","0","0","0"
"f0f67c13-7571561324845600008.mp4","0","1","0","0","0","0","0"
"3dcec31b-7571619780222897438.mp4","0","0","0","0","0","0","0"
"1b1fcad8-7571620839217548551.mp4","0","1","0","0","0","0","0"
"f9a74d0f-7571689695076306231.mp4","0","0","0","0","0","0","0"
"7bf7a850-7571706912048205074.mp4","0","0","0","0","0","0","0"
"32c537e3-7571728000006343943.mp4","0","1","0","0","0","0","0"
"1bd0052e-7571781012426984726.mp4","0","0","0","0","0","0","0"
"f4c01859-7571812512631393554.mp4","0","0","0","0","0","0","0"
"b01e62db-7571833637058923807.mp4","0","0","0","0","0","0","0"
"df632168-7569865031286803733.mp4","0","0","0","0","0","0","0"
"5714b811-7569872080515239175.mp4","0","0","0","0","0","0","0"
"64e51182-7570259540000754966.mp4","0","0","0","0","0","0","0"
"882585c9-7570279391024925970.mp4","0","0","0","0","0","0","0"
"0d3d3f4f-7570323201977273608.mp4","0","1","0","0","0","0","0"
"e69128bd-7570474576044444929.mp4","0","0","0","1","0","0","0"
"2286df6a-7570639829524942088.mp4","0","0","0","0","0","0","0"
"52b997be-7570640292219538710.mp4","0","0","0","0","0","0","0"
"d0c53b90-7570731280132885790.mp4","0","0","0","0","0","0","0"
"d1dd95b4-7570797118319791367.mp4","0","0","0","0","0","0","0"
"fb3d8345-7570814959228079391.mp4","0","1","0","0","0","0","0"
"7dbbfb6d-7570827005969681694.mp4","0","0","0","0","0","0","0"
"ae1ca512-7570835232568577298.mp4","0","1","0","0","0","0","0"
"558168e8-7570885642184330512.mp4","0","1","0","0","0","0","0"
"7d046760-7570925736614284551.mp4","0","0","0","0","0","0","0"
"774042c6-7570954002075110676.mp4","0","0","0","0","0","0","0"
"c0a1b9b2-7570987671028387089.mp4","0","0","0","0","0","0","0"
"e08d55ed-7571049640984890642.mp4","0","0","0","0","0","0","0"
"246b20ed-7571064111128186119.mp4","0","0","0","0","0","0","0"
"8ea823c4-7571114383145798920.mp4","0","1","0","0","0","0","0"
"22ecf502-7571209655246949646.mp4","0","1","0","0","0","0","0"
"bf977de5-7571283762399415560.mp4","0","1","0","0","0","0","0"
"13621a3f-7573343709006269710.mp4","0","0","0","0","0","1","0"
"ed97e6b3-7573393460066127135.mp4","0","0","0","0","0","0","0"
"ed84b519-7573400396975050015.mp4","0","0","0","1","0","0","0"
"f7e8b63b-7573588899696626951.mp4","1","0","0","0","0","0","0"
"bd826f25-7573617453629050133.mp4","0","1","0","0","0","0","0"
"80286331-7571895094710734100.mp4","0","1","0","0","0","0","0"
"887bae8f-7571954000610987266.mp4","0","0","1","0","0","0","0"
"7793f2ec-7572046302591061278.mp4","0","1","0","0","1","0","0"
"605f499c-7572055956268387591.mp4","0","0","0","0","0","1","0"
"efb062ff-7572130632197836063.mp4","0","0","0","0","0","0","0"
"718974ff-7572154703786626312.mp4","0","0","0","0","0","0","0"
"e190dbca-7572173544868842760.mp4","0","1","0","0","0","0","0"
"e9efde4c-7572286822286462215.mp4","0","0","0","0","0","0","0"
"7ef9ce47-7572387860452527368.mp4","0","1","0","0","0","0","0"
"a7883b13-7572447822822362375.mp4","0","0","0","0","0","0","0"
"f30a1052-7572509494064827669.mp4","0","0","0","0","0","0","0"
"5451ecd0-7572563312773287199.mp4","0","0","0","0","0","0","0"
"e1168ee8-7572627466582314256.mp4","0","0","0","1","0","0","0"
"749fb908-7572655629823757586.mp4","0","0","0","0","0","0","0"
"36a9b67c-7572807485556378888.mp4","0","1","0","0","0","0","0"
"f627725c-7572846743415524628.mp4","0","0","0","0","0","0","0"
"07f94cd5-7572911500302552338.mp4","0","0","0","0","0","0","0"
"f4b3ac20-7572933596298611988.mp4","0","0","0","0","0","0","1"
"02fbeb20-7572980237546343697.mp4","0","0","0","1","0","0","0"
"ab957d9a-7572986824398867734.mp4","0","0","1","0","0","0","0"
"758ebd61-7573009964772412705.mp4","0","1","0","0","0","0","0"
"c0d78e67-7573019356335017230.mp4","0","0","0","0","0","0","0"
"763902f7-7573123080847985927.mp4","1","0","0","0","0","0","0"
"7be76eb3-7573154317494963467.mp4","0","0","0","0","0","0","0"
"d423e35b-7573232603013090578.mp4","0","0","0","0","0","0","0"
"a6d5e13e-7573248954767346962.mp4","0","0","0","0","0","0","0"
"8e8cb8d0-7573281701204430101.mp4","0","0","0","0","0","0","1"
"b703780d-7573994450289003807-800.mp4","0","0","0","1","0","0","0"
"5a89b097-7573653833746861343.mp4","0","1","0","0","0","0","0"
"d48aca36-7573668730761252118.mp4","0","1","0","0","0","0","0"
"168a8034-7573680741725277470.mp4","0","1","0","0","0","0","0"
"12d3d186-7573852369704832276.mp4","0","0","0","0","0","0","0"
"5297be76-7573872970456780050.mp4","0","1","0","0","0","0","0"
"cd1efe1e-7573905379826961684.mp4","1","0","0","0","0","0","0"
"b826fe8b-7575338302706945288.mp4","0","0","0","0","0","0","0"
"92d6cb4e-7575378175920704781.mp4","0","0","0","0","0","0","0"
"261c0a79-7574080049201138947.mp4","0","0","0","0","0","0","0"
"7f3bdf00-7574084482072988935.mp4","0","0","0","0","0","0","0"
"064eb52f-7574088047268990226.mp4","0","0","0","0","0","0","0"
"43d4ce8f-7574300508895120670.mp4","0","0","0","0","0","0","0"
"63e2b4d7-7574392724296633618.mp4","0","0","0","0","0","0","0"
"a9e23f76-7574443106360118546.mp4","0","1","0","0","0","0","0"
"0b0efac9-7574651097034345749.mp4","0","0","0","0","0","0","0"
"f20937fd-7574659037095054610.mp4","0","0","0","0","0","0","0"
"858aead5-7574671538780228919.mp4","0","0","0","0","0","0","0"
"64fa6bf6-7574699949900795157.mp4","0","0","0","0","0","0","0"
"64d5f2b2-7574709810881465607.mp4","0","0","0","0","0","0","0"
"36029016-7574729428727549192.mp4","0","0","0","0","0","0","0"
"f775a942-7574739456557616392.mp4","0","0","0","0","0","0","0"
"904fb392-7574805799495601415.mp4","0","0","0","0","0","0","0"
"18d15adb-7574808137824324871.mp4","0","0","1","0","0","0","0"
"123f5ea7-7574969285810949406.mp4","0","1","0","0","0","0","0"
"d2cd2f83-7575039974769184008.mp4","0","0","0","0","0","0","0"
"c0d75d9b-7575107147801955604.mp4","0","0","0","0","0","0","0"
"665eb22c-7575122863456324885.mp4","0","0","0","0","0","0","0"
"8087d901-7575178639021444365.mp4","0","1","0","0","0","0","0"
"b8a317a5-7575221981969124626.mp4","0","0","0","0","0","0","0"
"e5b5f7ad-7575225560951966984.mp4","0","1","0","0","0","0","0"
"6f5ecb9b-7576611103329766674.mp4","0","1","0","0","0","0","0"
"bdb6cfd1-7576643833425972502.mp4","0","1","0","0","0","0","0"
"4dafd17a-7575393313910525204.mp4","0","0","0","0","0","0","0"
"434f6aea-7575415394819656968.mp4","0","0","0","0","0","0","0"
"8193e626-7575432794944376082.mp4","0","1","0","0","0","0","0"
"3b1d5ff3-7575459389977546001.mp4","0","0","0","0","0","0","0"
"f2b9d008-7575524458870344990.mp4","0","0","0","0","0","0","0"
"51e9b9ec-7575539290067717394.mp4","0","0","0","0","0","0","0"
"f496c018-7575541790682533127.mp4","0","0","0","0","0","0","1"
"603dfb42-7575840479971970312.mp4","0","0","0","1","0","0","0"
"d5da181c-7575866573647367437.mp4","0","1","0","0","0","0","0"
"0190f32c-7575868625433742600.mp4","0","0","0","0","0","1","0"
"16847204-7575889010908826898.mp4","0","0","0","0","0","0","0"
"81866b1b-7575919741508783380.mp4","0","0","0","0","0","0","0"
"5fc0ee44-7576038698697886984.mp4","0","0","0","0","0","0","0"
"f60b59cf-7576066028623367431.mp4","0","0","0","0","0","0","0"
"d64b410b-7576067468783881480.mp4","0","0","0","0","0","0","0"
"58c4c573-7576231701639204104.mp4","0","0","0","0","0","0","0"
"69cfb301-7576242715411746078.mp4","0","0","0","0","0","0","0"
"c771d2b3-7576451843933375751.mp4","0","0","0","0","0","0","0"
"2d783e9e-7576564274772954423.mp4","0","0","0","0","0","0","0"
"4be89724-7576575673926470928.mp4","0","0","0","0","0","0","0"
"c2936f2f-7576589760911641863.mp4","0","0","0","0","0","0","0"
"f87c826e-7576607455199644958.mp4","0","0","0","0","0","0","0"
"a97bd7c4-7577768181163429142.mp4","0","0","0","0","0","0","0"
"b0999690-7577785624099327246.mp4","0","0","0","1","0","0","0"
"2727261c-7577879270597348611.mp4","0","0","0","0","0","0","0"
"23aef584-7577964034608123144.mp4","0","0","0","1","0","0","1"
"1926934f-7578032820052856080.mp4","1","0","0","0","0","0","0"
"f2c17703-7578118325729905928.mp4","0","0","1","0","0","0","0"
"035473f7-7578211038684859662.mp4","0","0","0","0","0","0","0"
"a5b1375b-7576659327360961799.mp4","0","1","0","0","0","0","0"
"fc2986cc-7576903095754427666.mp4","0","0","0","0","0","0","0"
"847cdd23-7576905701088431382.mp4","0","0","0","0","0","0","0"
"0690f9f5-7576927151484620053.mp4","0","0","0","0","0","0","0"
"5dbb142c-7576994128643394836.mp4","0","0","0","0","0","0","0"
"c727f0ab-7577125673391721750.mp4","0","0","0","0","0","0","0"
"bc90d2f2-7577268285931080967.mp4","0","0","0","0","0","0","0"
"88fe5170-7577313790803332383.mp4","0","0","0","0","0","0","0"
"387103af-7577326699193355534.mp4","0","0","0","0","0","0","0"
"249c77ad-7577333690888424717.mp4","0","0","0","0","0","0","0"
"c8e0bae0-7577357624308469010.mp4","0","0","0","0","0","0","0"
"f4d15c23-7577503170159529234.mp4","0","0","0","0","0","0","0"
"62526662-7577568161168510216.mp4","0","0","0","0","0","0","0"
"6dd232ec-7577578066671668491.mp4","0","0","0","0","0","0","0"
"9ba5f943-7577708976171781394.mp4","0","0","0","0","0","0","0"
"8e6e49a7-7577714209627081992.mp4","0","1","0","0","0","0","0"
"bd26dcc4-7578929701473848589.mp4","0","1","0","0","0","0","0"
"95c094a8-7579054705863658770.mp4","1","0","0","0","0","0","0"
"329e29ed-7579104499092950294.mp4","0","0","0","0","0","0","0"
"92d636f0-7579154267953433867.mp4","0","0","0","0","0","0","0"
"eef11eba-7579200734500080903.mp4","0","1","0","0","0","0","0"
"8f5a610c-7579229763689106706.mp4","0","0","0","0","0","0","1"
"2b0c09d4-7578221201697328415.mp4","0","0","0","0","0","0","0"
"0d3a8f67-7578348028445068562.mp4","0","0","0","0","0","0","0"
"c011f460-7578350736203926792.mp4","0","0","0","0","0","0","0"
"c067b948-7578375073447349559.mp4","0","0","0","0","0","0","0"
"b8c31c8b-7578425903642873095.mp4","0","0","0","0","0","0","0"
"829f1614-7578454573187206402.mp4","0","0","0","0","0","0","0"
"b7bc80d7-7578474503924157717.mp4","0","0","0","0","0","0","0"
"76723dc1-7578504151898918146.mp4","0","1","0","0","0","0","0"
"6299bc28-7578537078569340168.mp4","0","1","0","0","0","0","0"
"810c9f7d-7578636009286487318.mp4","0","0","0","0","0","0","0"
"8b206de9-7578722197116701965.mp4","0","0","0","0","0","0","0"
"bcff5509-7578765411693399317.mp4","0","0","0","0","0","0","0"
"0b6a185a-7578799975748865302.mp4","0","0","0","0","0","0","0"
"5824b8dc-7578836109317131575.mp4","0","0","0","0","0","0","0"
"65ce379f-7578867036923628807.mp4","0","0","0","0","0","1","0"
"3e47b7a9-7578884727524969746.mp4","0","1","0","0","0","0","0"
"52d188bd-7578887740721270034.mp4","0","0","0","0","0","0","0"
"6e053170-7578907685786078472.mp4","0","1","0","0","0","0","0"
"406dd955-7578928699295157526.mp4","0","0","0","0","0","0","1"
"5991113c-7579901560780606727.mp4","0","0","0","0","0","0","0"
"bf507c86-7579972067999714567.mp4","0","0","0","0","0","1","0"
"29de9e58-7579987474122804500.mp4","0","0","0","0","0","0","0"
"85f87524-7580017598499228950.mp4","0","0","0","0","0","1","1"
"0b6465b2-7580175434126609671.mp4","1","0","0","0","0","0","0"
"2f9b3974-7579242235473005842.mp4","0","0","0","0","0","0","0"
"c4932290-7579488594625039634.mp4","0","0","1","0","0","0","0"
"878d60e5-7579499956864683271.mp4","0","0","0","0","0","0","0"
"cff09c45-7579533279817141511.mp4","0","0","0","0","0","0","0"
"e3cb23cb-7579543136972655879.mp4","0","0","0","0","0","0","0"
"0eef09fb-7579544623165607176.mp4","0","0","0","0","0","0","0"
"3dddb634-7579581559032876296.mp4","0","0","0","0","0","0","0"
"18601cf4-7579587429133192455.mp4","0","0","0","0","0","0","0"
"a97df554-7579597839009959190.mp4","0","1","0","0","0","0","0"
"308d9568-7579597948313455880.mp4","0","0","0","0","0","1","0"
"adfbad2e-7579603042761198866.mp4","0","0","0","0","0","0","0"
"be460ced-7579617576037240085.mp4","0","1","0","0","0","0","0"
"d24dfdda-7579625837381668114.mp4","0","0","0","0","0","0","0"
"011d8b70-7579635291435060501.mp4","0","1","0","0","0","0","0"
"eaa5f74d-7579647014577736981.mp4","0","0","0","0","0","0","0"
"25db4daf-7579694690740587789.mp4","0","0","1","0","0","0","0"
"2fbedc4b-7579701688039460118.mp4","0","0","0","0","0","0","0"
"cf6462e5-7579785527222734135.mp4","0","0","0","0","0","0","0"
"d41fdfc4-7579897758832659733.mp4","0","0","0","0","0","0","1"
"014bcae1-7580823734706130197.mp4","1","0","0","0","0","0","0"
"51e6ba90-7580831959417457940.mp4","0","0","0","0","0","0","0"
"1efde706-7580941944184917269.mp4","0","0","0","0","0","0","0"
"fc8fb740-7581092510857022741.mp4","0","0","0","0","0","0","0"
"3b310b78-7581100207190838548.mp4","0","0","0","0","0","0","0"
"25f331c0-7581103660050959634.mp4","0","0","0","0","0","0","0"
"39b71c3c-7580218803745803541.mp4","0","0","0","0","0","1","0"
"c597dbd2-7580231010223197460.mp4","0","0","0","0","0","0","0"
"06e46f2d-7580231737909759252.mp4","0","0","0","0","0","0","0"
"98943de1-7580275830018952469.mp4","0","0","0","0","0","0","0"
"35986139-7580335273276460296.mp4","0","0","0","0","0","0","0"
"34b2b0c0-7580360742776491284.mp4","0","0","0","0","0","0","0"
"097f1e26-7580446177963871506.mp4","1","1","0","0","0","0","0"
"1d7a38bc-7580481665101827349.mp4","0","0","0","0","0","0","0"
"834d348d-7580560664742153479.mp4","0","0","1","0","0","0","0"
"191c4ac3-7580583125378518292.mp4","0","0","0","0","0","0","0"
"13dc1fe0-7580600125911846199.mp4","0","0","0","0","0","0","0"
"1aab51ec-7580672211506236679.mp4","1","0","0","0","0","0","0"
"7f79ef7d-7580673339757169942.mp4","0","0","0","0","0","0","0"
"7091651e-7580686857193803015.mp4","0","0","0","0","0","0","0"
"3844f755-7580720746532457746.mp4","0","0","0","0","0","0","0"
"0203a801-7581808776064322823.mp4","0","0","0","0","0","0","0"
"5d23f109-7580736464225389844.mp4","0","0","0","0","0","0","0"
"50da14a8-7580746540944215304.mp4","1","0","0","0","0","0","0"
"0db8574f-7581828329968356616.mp4","0","1","0","0","0","0","0"
"3aaa5b51-7581831940316204318.mp4","0","0","0","0","0","0","0"
"60a56cd1-7581835681169804562.mp4","1","0","0","0","0","0","0"
"11be35e2-7581121430763343112.mp4","0","1","0","0","0","0","0"
"189e8779-7581165796118777096.mp4","0","1","0","0","0","0","0"
"8f058af1-7581187992430120205.mp4","0","0","0","0","0","0","0"
"d5599aff-7581340471918742791.mp4","0","0","0","0","0","0","0"
"ce18e1f3-7581396517961960722.mp4","0","1","0","0","0","0","0"
"e5be4fb5-7581435949993725205.mp4","0","0","0","0","0","0","0"
"267a5eba-7581458010317278486.mp4","0","0","0","0","0","0","0"
"311dea97-7581532585939979542.mp4","0","0","0","0","0","0","0"
"3af62945-7581533140217367841.mp4","0","0","1","0","0","0","0"
"6590ebfb-7581574448327757078.mp4","0","0","0","0","0","0","0"
"3f619a30-7581595147578952972.mp4","0","0","0","0","0","0","0"
"3fd762cb-7581625667217935636.mp4","0","0","0","0","0","0","0"
"23f1d80d-7581652249353424135.mp4","0","1","0","0","0","0","0"
"4d0e351d-7581681355805756685.mp4","0","0","0","0","0","0","0"
"cca3a7d7-7581707998943399189.mp4","1","0","0","1","0","0","0"
"88546b2f-7581727028966100245.mp4","0","1","0","0","0","0","0"
"aea6af07-7581731047721733397.mp4","0","0","0","0","0","0","0"
"5315973f-7581778575938850068.mp4","0","0","0","0","0","0","0"
"7ea870ec-7581785362624810262.mp4","0","0","0","0","0","0","0"
"4a43dd94-7582079128271097109.mp4","0","0","0","0","0","0","0"
"675df6bd-7582085574685723905.mp4","1","0","0","0","0","0","0"
"3a44d2c2-7582123024875425042.mp4","0","0","0","0","0","0","1"
"cbfe3c4b-7582140232691141918.mp4","0","0","0","0","0","0","1"
"0f249fc0-7582154391461940494.mp4","0","0","0","0","0","0","0"
"f5f4a4f6-7582167616538676500.mp4","0","0","0","0","0","0","0"
"e0106842-7582273795373747474.mp4","0","0","0","0","0","1","0"
"fbc392cd-7582426690534657300.mp4","0","0","0","0","0","0","0"
"55c9d3cb-7582434012702969109.mp4","0","0","0","0","0","0","0"
"83cf02b5-7581840122308529429.mp4","0","0","0","0","0","0","0"
"e024fc9d-7581878110736829716.mp4","0","0","1","0","0","0","0"
"cff9a8ee-7581959004004289812.mp4","0","0","0","0","0","0","0"
"129878de-7581971790868532487.mp4","0","0","0","0","0","0","0"
"133e76c2-7582057177263672583.mp4","0","1","0","0","0","0","0"
"df6e19d4-7582062386564189458.mp4","0","0","0","0","0","0","0"
"df59c7a8-7582067021731335432.mp4","0","0","0","0","0","0","0"
"7e9f6365-7131996988437990682.mp4","0","0","0","0","0","1","0"
"4e8c4f05-7135115341566364929.mp4","0","0","0","0","0","0","0"
"9a7d59cb-7142835902358785306.mp4","0","0","0","0","0","0","0"
"ea8a2763-7149116735373708571.mp4","0","0","0","0","0","0","0"
"c7e82933-7151006429455961346.mp4","0","0","0","0","0","0","0"
"8bc3128c-7151994489941265690.mp4","0","0","0","0","0","0","0"
"02bcb07e-7152082724579249435.mp4","0","0","1","0","0","1","0"
"7028d3d1-7160675255583853826.mp4","0","0","0","0","0","0","0"
"e7bab784-6872924623298759937.mp4","0","0","0","0","0","0","0"
"45fb9081-6904290562032061697.mp4","0","0","0","1","0","0","0"
"a7b88b98-6930625388401986818.mp4","0","0","0","1","0","0","0"
"09b0e598-6950715160919100678.mp4","0","0","1","0","0","0","0"
"257b62b1-6953112164714482945.mp4","0","0","0","0","1","0","0"
"897ae899-6965644147571150081.mp4","0","0","0","0","0","1","0"
"58a85355-7021467635959287042.mp4","0","0","0","0","0","1","0"
"115b5dce-7024074773877574914.mp4","0","0","0","0","0","0","0"
"f9e9ede5-7028426729832156442.mp4","0","1","0","0","0","0","0"
"f049ad66-7031923356786117915.mp4","0","0","0","1","0","1","0"
"22083e1b-7044536563790908673.mp4","0","0","0","0","0","0","0"
"c975b850-7062303891148262657.mp4","0","0","0","0","0","0","0"
"b276ecbd-7067128995766226202.mp4","1","0","0","0","0","0","0"
"daefd868-7103170112420580635.mp4","0","0","0","0","0","0","1"
"1d567f05-7103934605870337307.mp4","0","0","0","0","0","0","0"
"f596f62a-7105411213839879451.mp4","0","0","0","0","0","0","0"
"e546be15-7112792563324669210.mp4","0","0","0","0","0","0","0"
"af0609da-7119053286405049601.mp4","0","0","0","0","0","0","0"
"874e61fb-7260511701894728962.mp4","0","0","1","0","0","0","0"
"1464bceb-7260666957727403266.mp4","0","0","0","0","0","0","0"
"93241150-7261043660551163137.mp4","0","0","0","0","0","0","0"
"8f78d02a-7262694521698356488.mp4","0","0","0","1","0","1","0"
"1fa447d7-7262702453303348498.mp4","0","0","0","0","0","0","0"
"96ae531e-7163486721810730267.mp4","0","0","0","0","0","1","0"
"adbf0589-7172502095403224347.mp4","0","0","0","0","0","0","0"
"3a7b1a9a-7178709731375074562.mp4","0","0","0","1","0","1","0"
"c6451fe5-7178847531676241178.mp4","0","0","0","0","0","0","0"
"59fc2eda-7192868248302423323.mp4","0","0","0","0","0","0","0"
"aa3113d0-7196893276207615238.mp4","0","0","0","0","0","0","0"
"e6826bcf-7203113197186862382.mp4","0","0","0","0","0","0","0"
"4d7ccbb2-7205412787986779394.mp4","0","0","0","0","0","0","0"
"79bc97a1-7210261530128993563.mp4","0","0","0","0","0","0","0"
"bf196353-7216643352576527621.mp4","0","0","0","1","0","0","0"
"a34c5606-7219713979671645441.mp4","0","0","0","0","0","0","0"
"32cb8d9c-7227810245001710854.mp4","0","0","0","0","0","0","1"
"9400cd41-7234858279363448069.mp4","0","0","1","0","0","0","0"
"f9461e96-7243056206334430469.mp4","0","0","0","0","0","0","0"
"2260b0a4-7250759929710005510.mp4","0","0","0","1","0","0","0"
"76654060-7251192920634674438.mp4","0","0","0","0","0","0","0"
"cb767f68-7253722837054262533.mp4","0","0","0","0","0","0","0"
"fc7bf9b9-7253799907197275397.mp4","0","0","0","0","0","0","0"
"b1e8bc6e-7294418100361907474.mp4","0","0","0","1","0","1","0"
"914333eb-7294525943329180929.mp4","0","0","0","0","0","0","0"
"462c7687-7297693804570709250.mp4","0","0","0","0","0","0","0"
"1dcd87c3-7298145753384455457.mp4","0","0","0","1","0","0","0"
"d1ac2a06-7263118990841580801.mp4","0","0","0","0","0","0","0"
"d32703f5-7264058083616230658.mp4","0","0","0","1","0","1","0"
"f8464c2d-7264589237419396358.mp4","0","0","0","0","0","0","0"
"a24bf013-7265247189356662018.mp4","0","0","0","0","0","0","0"
"9d557519-7269335274193243397.mp4","0","0","0","0","0","0","0"
"70ee55b4-7270566277100424454.mp4","0","0","0","0","0","0","0"
"9c9d7cce-7271248594739432710.mp4","0","0","0","1","0","0","0"
"6b877b33-7273744679567510785.mp4","0","0","0","0","0","0","0"
"db0f8d68-7276471498179644674.mp4","0","0","0","0","0","0","0"
"efd5b697-7276731186200792338.mp4","0","0","0","0","0","0","0"
"5d56d2dc-7277007001215929601.mp4","0","0","0","1","0","0","0"
"a5554cc5-7280338811106643201.mp4","0","0","0","0","0","0","0"
"50bb75d0-7283472861346467073.mp4","0","0","1","0","0","0","0"
"c0ab617c-7285946950808096001.mp4","0","0","0","0","0","0","0"
"0aa676e4-7286335848117783826.mp4","0","0","0","0","0","0","0"
"41928aaf-7286447541439253778.mp4","0","0","0","0","0","0","0"
"6a433fc7-7287617127744425223.mp4","0","0","0","0","0","0","0"
"853768f0-7288906700113923336.mp4","0","0","0","0","0","0","0"
"2b5e4481-7290417396295290113.mp4","0","0","0","0","0","1","0"
"220f626b-7290489986120436994.mp4","0","0","0","0","0","0","0"
"46c4004b-7291232928498011394.mp4","0","0","0","0","0","0","0"
"39109a88-7294228107014180098.mp4","0","0","0","0","0","0","0"
"87f3ea88-7325143940942859552-100.mp4","0","0","0","0","0","1","1"
"c6a8d307-7298184563547835680.mp4","0","0","0","0","0","0","1"
"07309252-7299793257532312850.mp4","0","0","0","1","0","0","0"
"0d70099d-7300000511577705729.mp4","0","0","0","0","0","0","1"
"4bf83fd5-7300519662012337409.mp4","0","0","0","0","0","0","0"
"948200b3-7307866633165475090.mp4","0","0","0","0","0","1","0"
"f9511a88-7309047685464493314.mp4","0","0","0","0","0","0","0"
"d5a3acd1-7309065163099966728.mp4","0","0","0","0","0","0","0"
"6700c7e3-7309822212024831274.mp4","0","0","0","0","0","0","0"
"a25f7a7a-7309893228097064193.mp4","0","0","0","0","0","0","0"
"bc704007-7310600419837889825.mp4","0","0","0","0","0","0","0"
"56a41ebe-7312698387558665477.mp4","0","0","0","0","0","1","0"
"460e6ca0-7313052691788401927.mp4","0","0","0","0","0","0","0"
"55ae4f77-7314339897949703432.mp4","0","0","0","0","0","0","0"
"2049a337-7314563471159332098.mp4","0","0","0","0","0","0","0"
"c22d4211-7314851066829376776.mp4","0","0","0","0","0","0","0"
"868e3798-7315352099582151938.mp4","0","0","0","0","0","0","0"
"b8dc8943-7320255010808368385.mp4","0","0","0","0","0","0","0"
"dd6a4979-7320385120957943041.mp4","0","0","0","0","0","0","0"
"90c7504d-7321342870600813842.mp4","0","0","0","0","0","0","0"
"293db535-7321605994914663681.mp4","0","0","0","1","0","0","0"
"6903cebb-7324656496581561605.mp4","0","0","0","1","0","1","0"
"f119d1ee-7525264022246149394.mp4","0","0","0","0","0","0","0"
"b213c4ec-7525669059698953479.mp4","0","0","0","0","0","0","0"
"b1751f9c-7525671540185206023.mp4","0","0","0","0","0","0","0"
"954b8f63-7525761585122462984.mp4","0","0","0","0","0","0","0"
"f4b0c2e0-7525877695788387606.mp4","0","0","0","0","0","0","0"
"174b2429-7526348344428465415.mp4","0","0","0","0","0","0","0"
"5ea434e2-7526575167036869896.mp4","0","0","0","1","0","0","1"
"7f3d8289-7527107029857488142.mp4","0","0","1","0","0","1","1"
"6967a3b7-7528071307666263303.mp4","0","0","0","0","0","0","0"
"7d45720b-7528326217783594258.mp4","0","0","0","0","0","0","0"
"4eee980d-7529591104681970962.mp4","0","0","0","0","0","0","0"
"3335d81b-7530192941898370305.mp4","0","0","0","0","0","0","1"
"c86035ea-7530608030254255378.mp4","0","0","0","0","0","0","0"
"7cee0ad5-7531704002476608776.mp4","0","0","0","0","0","0","0"
"a75bb680-7531808031454022919.mp4","0","0","0","0","0","0","1"
"9c5d0622-7532510474340994322.mp4","0","0","0","1","0","0","0"
"387a6629-7533573896675659016.mp4","0","0","0","0","0","0","0"
"eaedc0e6-7534317233242213652.mp4","0","0","0","0","0","0","0"
"8ebb526d-7534333978061327634.mp4","0","0","0","0","0","0","0"
"e48d05ec-7534557264007417095.mp4","0","0","0","0","0","0","0"
"70c94d1d-7534748599582739719.mp4","0","0","0","0","0","1","0"
"9c0edd54-7535029848570350866.mp4","0","0","0","0","0","0","0"
"f7a5fad8-7543178453386874132.mp4","0","0","0","0","0","0","0"
"9cbd19b5-7543496675902475538.mp4","0","0","0","0","0","0","0"
"a0783807-7535648913185852679.mp4","0","0","0","0","0","0","0"
"54dd8604-7535686105178426642.mp4","0","0","0","0","0","0","0"
"1a1cf1cb-7535715143640976647.mp4","0","0","0","0","0","0","0"
"ca7dc013-7536064778331032848.mp4","0","0","0","0","0","0","0"
"9d2097f6-7536155299372207367.mp4","1","0","0","0","0","0","0"
"e2ea56b0-7536302462580428045.mp4","0","0","0","0","0","0","0"
"7c9e06c2-7536384363236297998.mp4","0","0","0","0","0","0","1"
"044949a8-7536497081360469256.mp4","0","0","0","0","0","0","0"
"d1cf471c-7536517908952845575.mp4","0","0","0","0","0","0","0"
"12ffe9b0-7537630787915566344.mp4","0","0","0","0","0","0","0"
"eb4e0111-7537991757536005394.mp4","0","0","0","0","0","0","0"
"a541e274-7538425203102125334.mp4","0","0","0","0","0","0","0"
"e986ebf1-7538712429610487056.mp4","0","0","1","0","0","0","0"
"de2bfaa6-7539168314900188424.mp4","0","0","0","0","0","0","0"
"59cb9750-7539431227552435463.mp4","0","0","0","0","0","0","0"
"a5540495-7539763155044404487.mp4","0","0","0","0","0","0","0"
"d7f76708-7539869008682667285.mp4","0","0","0","0","0","0","0"
"679050d3-7539935628423597313.mp4","0","0","0","0","0","0","0"
"648344e8-7540470055037979912.mp4","0","0","0","0","0","0","0"
"90ad1785-7540653385662369042.mp4","0","0","0","0","0","0","0"
"5c3b4631-7542146509727599895.mp4","0","0","0","0","0","0","0"
"f7ca2d03-7552087273005780232.mp4","0","0","0","0","0","0","0"
"f2b12b64-7544379839315250439.mp4","0","0","0","0","0","0","0"
"d1f11be4-7544869034563734786.mp4","0","0","0","1","0","0","0"
"4079c800-7545364285384445191.mp4","0","0","0","0","0","0","0"
"501b099b-7545383630961495303.mp4","0","0","0","0","0","0","0"
"7475d41e-7545459258050022674.mp4","0","0","0","0","0","0","0"
"b5dbb7c3-7546233172904774919.mp4","0","0","0","0","1","0","0"
"1a3d6dd3-7546619641251122453.mp4","0","0","0","0","0","0","0"
"fe7ce776-7548750884654664967.mp4","0","0","0","0","0","0","0"
"7377b12f-7548822006704180488.mp4","0","0","0","0","0","0","0"
"4dad766c-7549076029801778439.mp4","0","0","0","0","0","0","0"
"2b46fb2d-7549166210814987533.mp4","0","0","0","1","0","0","1"
"9752e6e9-7549417837798935816.mp4","0","0","0","0","0","0","0"
"e3055913-7549475162450709815.mp4","0","0","0","0","0","1","0"
"8497fd9b-7549757812591709458.mp4","0","0","0","0","0","1","0"
"7d109bfc-7550238486276705554.mp4","0","0","0","0","0","0","0"
"b2f7d6dc-7550590753983040775.mp4","0","0","0","0","0","0","0"
"46973717-7550616861382118663.mp4","0","0","0","0","0","0","0"
"b23b124f-7550619631501741319.mp4","0","0","0","0","0","0","0"
"9f68254c-7550894306559544594.mp4","0","0","0","0","0","0","0"
"4e437897-7551030345970371847.mp4","0","0","0","0","0","0","0"
"9f9d1164-7551400796861009173.mp4","0","0","0","0","0","1","0"
"46087b59-7551404843055746359.mp4","0","0","0","1","0","0","1"
"45e1b585-7551424459991829767.mp4","0","0","0","0","0","0","0"
"ec750a42-7551799207305268487.mp4","0","0","0","0","0","0","0"
"d93f4b4a-7552046752333909255.mp4","0","0","0","0","0","0","0"
"cd197a8f-7555094089599831314.mp4","0","0","0","0","0","0","0"
"2ccec372-7555158582556380446.mp4","0","0","1","0","0","1","1"
"3025218b-7555336062122413330.mp4","0","0","0","0","0","0","0"
"7394323f-7555494421911866632.mp4","0","0","0","0","0","0","0"
"8c0d8ace-7555731467700014343.mp4","0","0","0","1","0","0","0"
"309ad7d5-7555818037191003414.mp4","0","0","0","0","0","0","0"
"3a58d7d5-7556485019888340242.mp4","0","0","0","0","0","0","0"
"92d49582-7556596500437011732.mp4","0","0","0","0","0","0","0"
"f8a89486-7556793678438599954.mp4","0","0","0","1","0","0","1"
"52675ba1-7557190996186893584.mp4","0","0","0","0","0","1","0"
"bd29a66a-7557236070820220167.mp4","0","0","0","0","0","0","0"
"0cfbe85d-7552095595574332689.mp4","0","1","0","0","0","1","0"
"179d0c56-7552133762826456334.mp4","0","0","0","1","0","0","1"
"35a776f7-7552465787768835335.mp4","0","0","0","0","0","0","0"
"53fa68ea-7552890756927671565.mp4","0","0","0","1","0","0","1"
"6cc9a43e-7553075765563198728.mp4","0","0","0","0","0","0","0"
"55aa93ee-7553947593303198994.mp4","0","0","0","0","0","0","0"
"f6f37a7f-7554062413985844496.mp4","0","0","0","0","0","0","0"
"edb0dd15-7554587139938340103.mp4","0","1","0","0","0","0","0"
"c2555618-7554939073899613460.mp4","0","0","0","0","0","0","0"
"ecbba83b-7563606101913062664.mp4","0","1","0","0","0","0","0"
"8c03566c-7563672893247327508.mp4","0","0","0","0","0","0","0"
"332f16d4-7557319175903956232.mp4","0","0","0","1","0","1","0"
"cb94e56b-7557646304512363783.mp4","0","0","0","0","0","1","0"
"52fc847e-7557738370944847111.mp4","0","0","0","0","0","0","0"
"09084c6c-7557740240635481362.mp4","0","0","0","0","0","0","0"
"0bbd9845-7557759677740715272.mp4","0","0","0","0","1","0","0"
"a1d75575-7558065065421753618.mp4","0","0","0","0","0","0","0"
"1553534f-7558261598188555538.mp4","0","0","0","0","0","0","0"
"6b5415fd-7559066615279537416.mp4","0","0","0","0","0","0","0"
"56b86618-7559216729251974418.mp4","0","0","0","0","0","0","0"
"82bea63f-7559239855587314951.mp4","0","0","0","0","0","0","0"
"44feda16-7559598082510376212.mp4","0","0","0","0","0","0","0"
"600856d9-7559830797847366919.mp4","0","0","0","0","0","0","0"
"4ae7ae85-7560315542960082184.mp4","0","0","0","0","0","0","0"
"0acaa2a4-7561021909140344066.mp4","0","0","0","0","0","0","0"
"cd67ac0f-7561027030330936583.mp4","0","0","0","0","0","1","0"
"b2cbb1a5-7562051490555219218.mp4","0","0","0","0","0","0","0"
"5ed36192-7562197791884332306.mp4","0","0","1","0","0","0","0"
"2e769be5-7562451671213788424.mp4","0","0","0","0","0","0","0"
"62a419a5-7562468371803933960.mp4","0","0","0","0","0","0","0"
"3dd21212-7562764918215281938.mp4","0","0","0","0","0","0","0"
"913ced3e-7563119592395115794.mp4","0","0","1","0","0","0","0"
"2f709fd5-7563361282896825618.mp4","0","0","0","1","0","0","0"
"21eaefd1-7563590188992089352.mp4","0","0","0","0","0","0","0"
"2f95567d-7566140632134143250.mp4","0","0","0","0","0","0","0"
"d74fb768-7566223146244656405.mp4","0","0","0","0","0","0","0"
"66e122ef-7563895128054861063.mp4","0","0","0","0","0","0","0"
"48db1679-7564442919403310356.mp4","0","0","0","0","0","0","0"
"05d629ba-7564648545840614663.mp4","0","0","0","0","0","0","0"
"19ce15b3-7564695609068899602.mp4","0","0","0","0","0","0","0"
"7321e0fd-7564711419942571271.mp4","0","0","0","0","0","0","0"
"65b5d9f1-7565092578509475079.mp4","0","0","0","0","0","0","0"
"6b5cf051-7565102665223474439.mp4","0","0","0","0","0","0","0"
"f1864614-7565113240984898834.mp4","0","0","0","0","0","1","0"
"2f6e17f4-7565413188452502802.mp4","0","1","0","0","0","0","0"
"b499ef82-7565520763319569684.mp4","0","0","0","0","0","1","0"
"8518d37f-7565550486988803346.mp4","0","0","0","0","0","0","0"
"018fe923-7565726336111725841.mp4","0","0","0","0","0","0","0"
"efc40f31-7565766311742147847.mp4","0","0","0","0","0","0","0"
"89184e9a-7565773445389110536.mp4","0","0","0","0","0","0","0"
"57fb7f38-7565816054182628615.mp4","0","0","0","0","0","0","0"
"9a5ea34c-7565863790575684872.mp4","0","0","0","0","0","0","0"
"a347d09a-7565882119071796487.mp4","0","0","0","0","0","0","0"
"13766f7e-7565919090183916808.mp4","0","0","0","0","0","0","0"
"6f0ad996-7565948483086077202.mp4","0","0","0","0","0","0","0"
"ee389943-7565956623202618638.mp4","0","0","0","0","0","0","0"
"56ff5e3c-7566036406443838740.mp4","0","0","0","0","0","0","0"
"9fb8eea5-7566075133215902994.mp4","0","0","0","0","0","0","0"
"11faf2f4-7566106727716867336.mp4","0","0","0","0","0","0","0"
"6dcbb0b6-7566119748249996564.mp4","0","1","0","1","0","0","0"
"06cb1889-7569655453618048277.mp4","0","0","0","1","0","0","0"
"6a7ce578-7569884871212961042.mp4","0","0","0","0","0","0","0"
"70796e03-7566247623196298503.mp4","0","0","0","0","0","0","0"
"10598b6f-7566533677346295056.mp4","0","0","0","0","0","0","0"
"b002fe45-7567009048441212178.mp4","0","0","0","0","0","0","0"
"8444ae3e-7567189705620475156.mp4","0","0","0","0","0","0","0"
"1a31b3a6-7567241108716064008.mp4","0","0","0","0","0","0","0"
"8ca8d004-7567487195871710485.mp4","0","0","0","0","0","0","0"
"31a40c74-7567559772967374098.mp4","0","1","0","0","0","0","0"
"1a06c950-7567563669819657480.mp4","0","0","0","0","0","0","0"
"baca4bf6-7567743974371298580.mp4","0","0","0","0","0","0","0"
"117325e8-7567749654083833106.mp4","0","0","0","0","0","0","0"
"9a848c22-7567939821574950165.mp4","0","0","0","0","0","0","0"
"82020708-7567967413485030677.mp4","0","0","0","0","0","0","0"
"5491b9cb-7568051661273337109.mp4","0","0","0","0","0","0","0"
"ae44ed2e-7568158815514938625.mp4","0","0","0","0","0","0","0"
"c2eb333c-7568349828661447944.mp4","0","0","0","0","0","0","0"
"379f275f-7568689587912969479.mp4","0","0","0","0","0","0","0"
"73a16c96-7568722885263609106.mp4","0","0","0","0","0","0","0"
"845ec0cf-7568738406855937298.mp4","0","0","0","0","0","0","0"
"daa62596-7568790561214188820.mp4","0","0","0","0","0","0","0"
"df83baba-7569055863151938824.mp4","0","0","0","0","0","0","0"
"344afa49-7569080693536378132.mp4","0","0","0","0","0","0","0"
"5c4e68cb-7569112467419319570.mp4","0","0","1","0","0","0","0"
"e86cab74-7569557060363291912.mp4","0","0","1","0","0","0","0"
"19474e87-7572159807046634760-500.mp4","0","0","0","0","0","0","0"
"5cb7d80a-7569928697822645525.mp4","0","0","0","0","0","0","0"
"1b1ea5dc-7570085387960470792.mp4","0","0","0","0","0","0","0"
"56a4ac21-7570177830772903169.mp4","0","0","0","0","0","0","0"
"296b3f07-7570208099513011473.mp4","0","0","0","0","0","0","0"
"bb89327d-7570209890766032148.mp4","0","0","0","0","0","0","0"
"cbdcc515-7570273453748571410.mp4","1","0","0","0","0","0","0"
"c66258a4-7570357385039334677.mp4","0","0","0","1","0","0","0"
"788f9999-7570578099440487698.mp4","0","0","1","0","0","0","0"
"1bc2f83f-7570690197185187079.mp4","0","0","0","0","0","0","0"
"47267169-7571065942810103048.mp4","0","0","0","1","0","1","0"
"6f5ee6d4-7571320379331939591.mp4","0","0","0","0","0","0","0"
"a2753132-7571351921307421973.mp4","1","1","0","0","0","0","0"
"f54823db-7571406800616951048.mp4","0","0","0","1","0","0","0"
"6522f0f6-7571457365199932692.mp4","0","0","0","0","0","0","0"
"bce78588-7571691472852946184.mp4","0","0","0","0","0","0","0"
"3ebf32fa-7571715551916018965.mp4","0","0","0","0","0","0","0"
"76d11f44-7572016738242432264.mp4","0","0","0","0","0","0","0"
"3bc39c1d-7572076100793224468.mp4","0","0","0","0","0","0","0"
"306fe0fe-7572086544173993234.mp4","0","0","0","1","0","0","0"
"170e6e2e-7572156934896241976.mp4","0","0","0","0","0","0","0"
"6d61fffc-7573525664775671058.mp4","0","0","0","0","0","0","0"
"50008e50-7573546517244513543.mp4","0","0","0","0","0","0","0"
"fb75cf71-7573577728016928007.mp4","0","0","0","0","0","0","1"
"27cbda5c-7573591521782484231.mp4","0","0","0","0","0","0","0"
"74ffa158-7572212043722394901.mp4","0","0","0","0","0","0","0"
"73bc6610-7572228662951611664.mp4","0","0","0","0","0","0","0"
"1d59a88c-7572386309407313182.mp4","0","0","0","0","0","0","0"
"2dfc46d9-7572414857052458261.mp4","0","0","1","0","0","0","0"
"2736da44-7572460844135615765.mp4","0","0","0","1","0","0","0"
"73d0b312-7572510904705682708.mp4","0","0","0","0","0","0","0"
"180cb986-7572531207351766280.mp4","0","0","0","0","0","1","0"
"7766d16d-7572612283080346888.mp4","0","0","1","0","0","0","0"
"159dd0ec-7572622219608608018.mp4","0","0","1","0","0","0","0"
"d5f9663e-7572628305422093584.mp4","1","0","0","0","0","1","0"
"bb867113-7572837983917821205.mp4","0","0","0","0","0","0","0"
"48703f64-7572869690314345736.mp4","0","0","0","0","0","0","0"
"0fdf8bdb-7572888703165533460.mp4","0","0","0","0","0","0","0"
"ba37aed4-7573004486445108497.mp4","1","0","0","0","0","0","0"
"44f95918-7573116297614003477.mp4","0","0","0","0","0","0","1"
"6ea61f53-7573164230946475271.mp4","0","0","0","0","0","0","0"
"97ad92a6-7573180272217279762.mp4","0","0","1","0","0","0","0"
"1a3359d0-7573248761061854480.mp4","0","0","0","0","0","0","0"
"431ddea9-7573263229971893522.mp4","0","0","0","0","0","0","0"
"a926b36f-7573321250055998727.mp4","0","0","0","1","0","0","0"
"3bacbb02-7573472484280913168.mp4","0","0","0","0","0","0","0"
"1164ee7a-7576561041354607892.mp4","0","1","0","0","0","0","0"
"1e52a229-7573613290715090184.mp4","0","0","0","0","0","0","0"
"01cf63f0-7573613517903760648.mp4","0","0","0","0","0","0","0"
"f3632b4f-7573622822539463954.mp4","0","0","0","0","0","0","0"
"0aac236f-7573898899782372615.mp4","0","0","0","0","0","0","0"
"7539dc75-7573934287230127368.mp4","0","0","0","0","0","0","0"
"54764fca-7573945406745365768.mp4","0","0","0","0","0","0","0"
"823d170c-7574024335598357780.mp4","0","0","1","0","0","0","0"
"706edf92-7574125135054114056.mp4","0","1","0","0","0","0","0"
"f09cbd90-7574361254412832021.mp4","0","0","0","0","0","0","0"
"6d763585-7574362722092076296.mp4","0","0","0","0","0","0","0"
"1d1648fe-7574639010010762504.mp4","0","0","0","0","0","0","0"
"76873955-7574700419570552082.mp4","0","0","0","0","0","1","0"
"5b11cc43-7574730919282707733.mp4","0","0","0","0","0","0","0"
"969e336b-7574859674995019009.mp4","0","0","0","0","0","0","0"
"e5abad1b-7575475063441411346.mp4","0","0","1","0","0","0","0"
"751c2e56-7575475188079398165.mp4","0","0","0","0","0","0","0"
"6245435b-7575541230906445063.mp4","0","0","0","0","0","0","0"
"6bd61c3e-7575550271032446226.mp4","0","0","0","0","0","0","0"
"491e8aa0-7575926504815709447.mp4","0","0","0","1","0","0","0"
"a0a599d4-7576185805325077776.mp4","0","0","0","0","0","0","0"
"4eb2a765-7576209538790018324.mp4","0","0","0","0","0","0","0"
"7710f57e-Download_-_2026-01-10T190015.115.mp4","0","0","1","0","0","0","0"
"6b32a44c-Download_-_2026-01-10T171124.511.mp4","0","0","0","0","1","0","0"
"8c6d0145-Download_-_2026-01-10T171208.323.mp4","0","0","0","0","1","0","0"
"2d3deab0-Download_-_2026-01-10T171453.369.mp4","0","1","0","0","0","0","0"
"cc8aee18-Download_-_2026-01-10T171611.887.mp4","0","1","0","0","0","0","0"
"4e9f93b8-Download_-_2026-01-10T171633.734.mp4","0","0","0","0","0","0","0"
"c0555860-Download_-_2026-01-10T171821.548.mp4","0","0","0","0","1","0","0"
"a25b25de-Download_-_2026-01-10T171846.843.mp4","0","0","0","0","1","0","0"
"ed299fbc-Download_-_2026-01-10T171941.120.mp4","0","0","0","0","1","0","0"
"dbf308ec-Download_-_2026-01-10T172023.127.mp4","0","0","0","0","0","0","0"
"00cfcaa9-Download_-_2026-01-10T172123.161.mp4","0","0","0","0","1","0","0"
"657168bf-Download_-_2026-01-10T172224.916.mp4","0","0","0","0","0","0","0"
"67f8d961-Download_-_2026-01-10T172426.847.mp4","0","0","0","0","1","0","0"
"a982d77a-Download_-_2026-01-10T172456.313.mp4","0","0","0","0","1","0","0"
"18ae3d6d-Download_-_2026-01-10T172510.142.mp4","0","0","0","0","1","0","0"
"49d6ee09-Download_-_2026-01-10T173348.402.mp4","0","0","0","0","1","0","0"
"577a8cb3-Download_-_2026-01-10T180252.426.mp4","0","0","0","0","1","0","0"
"f80f90d6-Download_-_2026-01-10T180305.977.mp4","0","0","0","0","1","0","0"
"3311098a-Download_-_2026-01-10T180439.629.mp4","0","0","0","0","1","0","0"
"0b87dddf-Download_-_2026-01-10T180508.530.mp4","0","0","0","0","1","0","0"
"43468bb0-Download_-_2026-01-10T180552.850.mp4","0","0","0","0","1","0","0"
"bd88517a-Download_-_2026-01-10T180609.472.mp4","0","0","0","0","1","0","0"
"d341cbab-Download_-_2026-01-10T180638.066.mp4","0","0","0","0","1","0","0"
"234f6e88-Download_-_2026-01-10T180643.169.mp4","0","0","0","0","1","0","0"
"0ddb5320-Download_-_2026-01-10T180657.585.mp4","0","0","0","0","1","0","0"
"2d10cdc6-Download_-_2026-01-10T180732.321.mp4","0","0","0","0","0","0","0"
"055fc1ea-Download_-_2026-01-10T180856.627.mp4","0","0","0","1","1","0","0"
"e248fb4a-Download_-_2026-01-10T180927.739.mp4","0","0","0","0","1","0","0"
"96cdc119-Download_-_2026-01-10T181426.209.mp4","0","0","0","0","1","0","0"
"f88c74de-Download_-_2026-01-10T181437.513.mp4","0","0","0","0","1","0","0"
"29b8d2bb-Download_-_2026-01-10T181449.285.mp4","0","0","0","0","1","0","0"
"48500243-Download_-_2026-01-10T181504.950.mp4","0","0","0","0","1","0","0"
"7651fca2-Download_-_2026-01-10T181522.465.mp4","0","0","0","0","1","0","0"
"39ad7958-Download_-_2026-01-10T184935.975.mp4","1","0","0","0","0","0","0"
"615e4e1b-Download_-_2026-01-10T185127.380.mp4","1","0","0","0","0","0","0"
"95934c1c-Download_-_2026-01-10T185309.529.mp4","0","1","0","0","0","0","0"
"5578996f-Download_-_2026-01-10T185904.889.mp4","1","0","0","0","0","0","0"
"eee6aca5-Download_-_2026-01-10T191357.514.mp4","0","1","0","0","0","0","0"
"9aa403be-Download_-_2026-01-10T191358.853.mp4","0","1","0","0","0","0","0"
"bfceafa5-Download_-_2026-01-11T141723.225.mp4","0","0","0","0","0","0","0"
"0865473f-Download_-_2026-01-11T141911.300.mp4","0","0","0","0","0","0","0"
"2140312c-Download_-_2026-01-11T141938.277.mp4","0","0","0","0","0","0","0"
"04861c2d-Download_-_2026-01-11T142112.927.mp4","0","0","0","0","0","0","0"
"563b4549-Download_-_2026-01-10T190211.584.mp4","0","0","0","0","1","0","0"
"4347f086-Download_-_2026-01-10T190227.935.mp4","0","0","0","0","0","0","0"
"e2cb19ca-Download_-_2026-01-10T190232.466.mp4","1","0","0","0","1","0","0"
"e99eae71-Download_-_2026-01-10T190236.728.mp4","0","0","1","0","0","0","0"
"05202ad9-Download_-_2026-01-10T190242.104.mp4","0","0","0","0","0","0","0"
"c5b61236-Download_-_2026-01-10T190253.413.mp4","0","0","0","0","1","0","0"
"0c0361b8-Download_-_2026-01-10T190258.926.mp4","0","0","0","0","0","0","0"
"5668b410-Download_-_2026-01-10T190319.611.mp4","0","0","1","0","0","0","0"
"fe2a33a2-Download_-_2026-01-10T190329.436.mp4","0","0","0","0","1","0","0"
"2e18aafc-Download_-_2026-01-10T190357.944.mp4","0","0","1","0","0","0","0"
"2da1e94d-Download_-_2026-01-10T190507.983.mp4","0","1","0","0","0","0","0"
"253a0484-Download_-_2026-01-10T190525.912.mp4","0","1","0","0","0","0","0"
"ff4d8a30-Download_-_2026-01-10T190532.162.mp4","0","1","0","0","0","0","0"
"4cc19f77-Download_-_2026-01-10T190543.229.mp4","0","1","0","0","0","0","0"
"e19838ec-Download_-_2026-01-10T190608.069.mp4","0","0","0","0","0","0","0"
"31a34e09-Download_-_2026-01-10T190612.218.mp4","0","0","0","0","0","0","0"
"2bff4682-Download_-_2026-01-10T190625.548.mp4","0","1","0","0","0","0","0"
"ce086f85-Download_-_2026-01-10T190819.200.mp4","0","1","0","0","0","0","0"
"8c02614b-Download_-_2026-01-10T190830.461.mp4","0","1","0","0","0","0","0"
"5d8ff35c-Download_-_2026-01-10T190834.596.mp4","0","1","0","0","0","0","0"
"65d06c3b-Download_-_2026-01-10T190906.177.mp4","0","1","0","0","0","0","0"
"273c913c-Download_-_2026-01-10T190916.699.mp4","0","1","0","0","0","0","0"
"b9ff37db-Download_-_2026-01-10T190931.528.mp4","0","1","0","0","0","0","0"
"e7f0c75a-Download_-_2026-01-10T190943.456.mp4","0","0","0","0","0","0","0"
"eb773421-Download_-_2026-01-10T191001.356.mp4","0","1","0","0","0","0","0"
"d3233069-Download_-_2026-01-10T191014.956.mp4","0","0","0","0","0","0","0"
"ea82d94e-Download_-_2026-01-10T191034.964.mp4","0","1","1","0","0","0","0"
"f0b977b4-Download_-_2026-01-10T191049.519.mp4","0","1","0","0","0","0","0"
"7b5644e3-Download_-_2026-01-10T191230.933.mp4","0","1","0","0","0","0","0"
"c5047964-Download_-_2026-01-10T191238.065.mp4","0","1","0","0","0","0","0"
"ca38cd9a-Download_-_2026-01-10T191239.765.mp4","0","1","0","0","0","0","0"
"0e6326c8-Download_-_2026-01-10T191246.233.mp4","0","1","0","0","0","0","0"
"fc1cdc83-Download_-_2026-01-11T144628.960.mp4","0","0","0","0","0","0","0"
"6291d83b-Download_-_2026-01-11T144900.206.mp4","0","0","0","1","0","0","0"
"382cce61-Download_-_2026-01-11T145152.162.mp4","0","0","0","0","0","0","0"
"5a3558e5-Download_-_2026-01-11T142348.137.mp4","0","0","0","0","0","0","0"
"b6b0a15d-Download_-_2026-01-11T142703.426.mp4","0","0","0","0","0","0","0"
"ad1bb39e-Download_-_2026-01-11T143149.355.mp4","0","1","0","0","0","0","0"
"bb5c3130-Download_-_2026-01-11T143203.063.mp4","0","0","0","0","0","0","1"
"c3061a55-Download_-_2026-01-11T143346.965.mp4","0","0","0","0","0","0","0"
"d233561a-Download_-_2026-01-11T143411.018.mp4","0","0","0","0","0","0","0"
"732efb43-Download_-_2026-01-11T143515.683.mp4","0","1","0","0","0","0","0"
"a842ae43-Download_-_2026-01-11T143610.281.mp4","0","0","0","1","0","0","0"
"12ff903f-Download_-_2026-01-11T143628.712.mp4","0","0","0","0","0","0","1"
"739c3b89-Download_-_2026-01-11T143642.998.mp4","0","0","0","0","0","0","0"
"e00cbe68-Download_-_2026-01-11T143655.710.mp4","0","0","0","0","0","0","0"
"796f2805-Download_-_2026-01-11T143735.961.mp4","0","0","0","0","0","0","0"
"22d8a9c0-Download_-_2026-01-11T143748.506.mp4","0","0","0","0","0","1","0"
"cb6828d7-Download_-_2026-01-11T143813.010.mp4","0","0","0","0","0","0","0"
"73ba186a-Download_-_2026-01-11T143851.662.mp4","0","0","0","1","0","0","0"
"3407dc81-Download_-_2026-01-11T143903.766.mp4","0","0","0","0","0","0","0"
"faff52e5-Download_-_2026-01-11T143921.221.mp4","0","0","0","1","0","0","0"
"76b869fc-Download_-_2026-01-11T144031.066.mp4","0","0","0","1","0","0","1"
"a60254b3-Download_-_2026-01-11T144037.728.mp4","0","0","0","0","0","0","0"
"59a13390-Download_-_2026-01-11T144129.039.mp4","0","0","0","0","0","0","0"
"fd843c1b-Download_-_2026-01-11T144235.363.mp4","0","0","0","0","0","0","0"
"9e8ac5ec-Download_-_2026-01-11T144342.822.mp4","0","0","0","1","0","0","0"
"175b23c8-Download_-_2026-01-11T151233.344.mp4","0","0","0","0","0","0","0"
"dc24df1b-Download_-_2026-01-11T145256.094.mp4","0","0","0","0","0","0","0"
"8488670a-Download_-_2026-01-11T145546.327.mp4","0","0","0","1","0","0","0"
"2ade7db6-Download_-_2026-01-11T145555.745.mp4","0","0","0","0","0","0","0"
"501885f5-Download_-_2026-01-11T150105.647.mp4","0","0","0","0","0","0","0"
"e35bdabf-Download_-_2026-01-11T150121.568.mp4","0","0","0","0","0","0","0"
"88f9bfe6-Download_-_2026-01-11T150707.343.mp4","0","0","0","0","0","0","0"
"50fc11c8-Download_-_2026-01-11T150917.734.mp4","0","0","0","1","0","0","0"
"9cc47b24-Download_-_2026-01-11T150931.747.mp4","0","1","0","0","0","0","0"
"2acf6750-Download_-_2026-01-11T151101.393.mp4","0","0","0","0","0","0","1"
"bce389b3-Download_-_2026-01-11T151208.242.mp4","0","0","0","0","0","0","1"
"bb7dbefc-Download_-_2026-01-11T151223.661.mp4","0","0","0","0","0","0","1"
"2792c4fe-Download_-_2026-01-11T151416.547.mp4","0","0","0","0","0","0","1"
"b3e99d87-Download_-_2026-01-11T151451.070.mp4","0","0","0","0","0","0","0"
"1ac96696-Download_-_2026-01-11T151453.995.mp4","0","0","0","0","0","0","1"
"a023c539-Download_-_2026-01-11T151457.501.mp4","0","0","0","0","0","0","0"
"9a6d29be-Download_-_2026-01-11T151244.526.mp4","0","0","0","0","0","0","1"
"1691a407-Download_-_2026-01-11T151319.036.mp4","0","0","0","0","0","0","1"
"97c509e0-Download_-_2026-01-11T151341.348.mp4","0","0","0","0","0","0","1"
"a0f5a4cf-Download_-_2026-01-11T151341.667.mp4","0","0","0","0","0","0","0"
"aa8acb52-Download_-_2026-01-11T151345.545.mp4","0","0","0","0","0","0","1"
"d925718b-Download_-_2026-01-11T151356.731.mp4","0","0","0","0","0","0","1"
"17adf52a-Download_-_2026-01-11T151408.132.mp4","0","0","0","0","0","0","1"
"91bb35ec-Download_-_2026-01-11T152751.631.mp4","0","0","1","0","0","0","0"
"93e2ecf7-Download_-_2026-01-11T152757.137.mp4","0","0","0","0","0","0","0"
"d1c2dae5-Download_-_2026-01-11T152951.886.mp4","0","0","1","0","0","0","0"
"62583f1f-Download_-_2026-01-11T153027.254.mp4","0","0","0","0","0","0","0"
"8ff11075-Download_-_2026-01-11T151555.687.mp4","0","0","0","0","0","0","1"
"dfd6dde0-Download_-_2026-01-11T151632.373.mp4","0","0","0","0","0","0","1"
"8bf817cd-Download_-_2026-01-11T151656.582.mp4","0","0","0","0","0","0","1"
"2f1a87d3-Download_-_2026-01-11T151657.478.mp4","0","0","0","0","0","0","1"
"9318399c-Download_-_2026-01-11T151657.625.mp4","0","0","0","0","0","0","1"
"0b9f2abd-Download_-_2026-01-11T151659.238.mp4","0","0","0","0","0","0","0"
"3beeb608-Download_-_2026-01-11T151720.034.mp4","0","0","0","0","0","0","1"
"a61b8b5c-Download_-_2026-01-11T151736.259.mp4","0","0","0","0","0","0","1"
"75dff127-Download_-_2026-01-11T151737.836.mp4","0","0","0","0","0","0","1"
"d42e175b-Download_-_2026-01-11T151748.023.mp4","0","0","0","0","0","0","1"
"a467c583-Download_-_2026-01-11T151748.260.mp4","0","0","0","0","0","0","1"
"24e2dc5d-Download_-_2026-01-11T151931.990.mp4","0","0","0","0","0","0","1"
"70f65249-Download_-_2026-01-11T152028.533.mp4","0","0","0","0","0","0","1"
"7fecf311-Download_-_2026-01-11T152045.553.mp4","0","0","0","0","1","0","1"
"5b6290ae-Download_-_2026-01-11T152130.331.mp4","0","0","0","0","0","0","1"
"38cdf701-Download_-_2026-01-11T152207.782.mp4","0","0","0","0","1","0","0"
"fd765ba7-Download_-_2026-01-11T152222.170.mp4","0","0","0","0","0","0","0"
"0d4a9ff1-Download_-_2026-01-11T152243.386.mp4","0","0","0","0","0","0","0"
"d41faca0-Download_-_2026-01-11T152331.774.mp4","0","0","0","0","0","0","0"
"ecfb7205-Download_-_2026-01-11T152333.068.mp4","0","0","0","0","0","0","0"
"2e315a39-Download_-_2026-01-11T152346.785.mp4","0","0","0","0","0","0","1"
"4a4fba19-Download_-_2026-01-11T152439.224.mp4","0","0","0","0","0","0","0"
"a448ef84-Download_-_2026-01-12T091337.937.mp4","0","0","0","0","0","0","0"
"636c67f8-Download_-_2026-01-12T091419.680.mp4","0","0","0","0","0","0","1"
"9cd3313b-Download_-_2026-01-12T091434.768.mp4","0","0","0","0","0","0","1"
"5cd22192-Download_-_2026-01-12T091436.385.mp4","0","0","1","0","0","0","0"
"18eaa0ff-Download_-_2026-01-12T091448.752.mp4","0","0","0","0","0","0","0"
"3ef67943-Download_-_2026-01-12T091511.829.mp4","0","0","0","0","0","0","0"
"38db0815-Download_-_2026-01-12T091533.902.mp4","0","0","0","0","0","0","1"
"55cbaa6e-Download_-_2026-01-11T153054.276.mp4","0","0","0","0","0","0","0"
"4a283513-Download_-_2026-01-11T153100.708.mp4","0","0","1","0","0","0","0"
"6ad33f22-Download_-_2026-01-11T153125.399.mp4","0","0","1","0","0","0","0"
"ae83bc5f-Download_-_2026-01-11T153139.566.mp4","0","0","0","0","0","0","0"
"87198895-Download_-_2026-01-11T153202.495.mp4","0","0","0","0","0","0","0"
"4fabf80c-Download_-_2026-01-11T153212.663.mp4","0","0","0","1","0","0","0"
"4c323e08-Download_-_2026-01-11T153257.991.mp4","0","0","1","0","0","0","0"
"951529dc-Download_-_2026-01-11T153304.230.mp4","0","0","1","0","0","0","0"
"8852ddc5-Download_-_2026-01-11T153409.841.mp4","0","0","0","1","0","0","0"
"d64738a8-Download_-_2026-01-11T153423.738.mp4","0","0","0","1","0","0","0"
"36be208f-Download_-_2026-01-11T153555.085.mp4","0","0","0","0","0","0","0"
"690d248c-Download_-_2026-01-11T153621.934.mp4","0","0","1","0","1","0","0"
"90b4725a-Download_-_2026-01-11T153712.334.mp4","0","0","1","0","0","0","0"
"73116bd0-Download_-_2026-01-11T153817.342.mp4","0","0","0","0","0","0","0"
"d8f2404e-Download_-_2026-01-11T153832.614.mp4","0","0","1","0","0","0","0"
"47da8f2a-Download_-_2026-01-11T161344.193.mp4","0","0","0","0","0","0","0"
"9e1b452f-Download_-_2026-01-11T161401.397.mp4","0","0","1","0","0","0","0"
"699eefd7-Download_-_2026-01-11T161410.418.mp4","0","0","1","0","0","0","0"
"3f3fe167-Download_-_2026-01-11T161544.410.mp4","0","0","0","0","0","0","0"
"ae0a939a-Download_-_2026-01-12T092314.132.mp4","0","0","0","0","0","0","0"
"7a110cd2-Download_-_2026-01-12T092401.772.mp4","0","0","0","0","0","1","0"
"82e76274-Download_-_2026-01-12T092439.291.mp4","0","0","0","1","0","0","0"
"f2a358d5-Download_-_2026-01-12T092448.665.mp4","0","0","0","0","0","0","0"
"80efad43-Download_-_2026-01-12T092532.478.mp4","0","0","0","1","0","0","0"
"385dcb93-Download_-_2026-01-12T092608.579.mp4","0","0","0","0","0","0","0"
"93c83404-Download_-_2026-01-12T092720.998.mp4","0","0","0","0","0","0","0"
"3908d217-Download_-_2026-01-12T092732.545.mp4","0","0","0","0","0","0","0"
"c0474495-Download_-_2026-01-12T091555.075.mp4","0","0","0","1","0","0","0"
"92bcb2e5-Download_-_2026-01-12T091638.165.mp4","0","0","0","1","0","0","0"
"8cfa94af-Download_-_2026-01-12T091708.052.mp4","0","0","0","0","0","0","0"
"60b37608-Download_-_2026-01-12T091726.241.mp4","0","0","0","0","0","0","0"
"7efebda1-Download_-_2026-01-12T091733.213.mp4","0","0","0","0","0","0","0"
"719b7e3e-Download_-_2026-01-12T091825.185.mp4","0","0","0","0","0","0","0"
"4366c4a8-Download_-_2026-01-12T091913.187.mp4","0","0","1","0","0","0","0"
"955932a5-Download_-_2026-01-12T091920.500.mp4","0","0","0","0","0","0","0"
"f82b099f-Download_-_2026-01-12T091937.625.mp4","0","0","0","0","0","0","0"
"c54f5d1d-Download_-_2026-01-12T091959.671.mp4","0","0","0","0","0","0","0"
"718e892d-Download_-_2026-01-12T092021.481.mp4","0","0","0","0","0","0","0"
"8d60bfa5-Download_-_2026-01-12T092042.618.mp4","0","0","0","1","0","0","0"
"7a788f10-Download_-_2026-01-12T092109.685.mp4","0","0","0","0","0","0","1"
"c67980ff-Download_-_2026-01-12T092117.682.mp4","0","0","0","0","0","0","0"
"8e8d6f27-Download_-_2026-01-12T092123.139.mp4","0","0","0","0","0","0","0"
"8477d173-Download_-_2026-01-12T092132.097.mp4","0","0","0","0","0","0","0"
"db4bca56-Download_-_2026-01-12T092242.367.mp4","0","0","0","0","0","0","0"
"f1330dd8-Download_-_2026-01-12T092255.190.mp4","0","0","0","1","0","0","0"
"0378eadc-Download_-_2026-01-12T094527.495.mp4","0","0","1","0","0","0","0"
"6eafad14-Download_-_2026-01-12T094630.230.mp4","0","0","1","0","0","0","0"
"dab4b839-Download_-_2026-01-12T094646.404.mp4","0","0","1","0","0","0","0"
"9df18895-Download_-_2026-01-12T094649.642.mp4","0","0","1","0","0","0","0"
"24c46894-Download_-_2026-01-12T094729.755.mp4","0","1","0","0","0","0","0"
"d9f07235-Download_-_2026-01-12T095030.435.mp4","0","0","0","0","0","0","1"
"5827662d-Download_-_2026-01-12T095100.546.mp4","0","0","1","0","1","0","0"
"33266cef-Download_-_2026-01-12T092747.375.mp4","0","0","1","0","0","0","0"
"7368ab88-Download_-_2026-01-12T092927.538.mp4","0","0","0","0","0","0","1"
"1b5fab14-Download_-_2026-01-12T093025.140.mp4","0","0","0","1","0","0","0"
"b2caebad-Download_-_2026-01-12T093147.720.mp4","0","0","0","1","0","0","0"
"cb87a8d4-Download_-_2026-01-12T093418.560.mp4","0","0","0","0","0","0","0"
"f2e33175-Download_-_2026-01-12T093633.961.mp4","0","0","0","0","0","0","0"
"7f910075-Download_-_2026-01-12T094050.300.mp4","0","0","0","1","0","0","0"
"3d23b8f9-Download_-_2026-01-12T094151.811.mp4","0","0","1","0","0","0","0"
"4d3f012d-Download_-_2026-01-12T094154.948.mp4","0","0","1","0","0","0","0"
"1d595930-Download_-_2026-01-12T094216.630.mp4","0","0","0","0","0","0","0"
"1a8e03a8-Download_-_2026-01-12T094231.627.mp4","0","0","1","0","0","0","0"
"297c826d-Download_-_2026-01-12T094316.793.mp4","0","0","1","0","0","0","0"
"ba4fc721-Download_-_2026-01-12T094347.705.mp4","0","0","1","0","0","0","0"
"b70b58b2-Download_-_2026-01-12T094355.264.mp4","0","0","1","0","0","0","0"
"70a35f88-Download_-_2026-01-12T094405.205.mp4","0","0","1","0","0","0","0"
"871e92be-Download_-_2026-01-12T094448.435.mp4","0","0","1","0","0","0","0"
"cc280dbf-Download_-_2026-01-12T094504.833.mp4","0","0","1","0","1","0","0"
"93cec29f-Download_-_2026-01-12T094511.554.mp4","0","0","1","0","0","0","0"
"4694f5cd-Download_-_2026-01-12T094520.061.mp4","0","0","1","0","0","0","0"
"fda5f86b-Download_-_2026-01-12T101413.649.mp4","0","0","0","0","0","0","0"
"f99149e8-Download_-_2026-01-12T101501.125.mp4","0","0","0","0","1","1","0"
"c6072086-Download_-_2026-01-12T101521.159.mp4","0","0","0","0","0","1","0"
"1e55c7a2-Download_-_2026-01-12T101542.246.mp4","0","0","0","0","0","1","0"
"95d50c3a-Download_-_2026-01-12T095118.047.mp4","0","0","1","0","0","0","0"
"591f388e-Download_-_2026-01-12T095135.704.mp4","0","0","1","0","0","0","0"
"71f62a47-Download_-_2026-01-12T095252.983.mp4","0","0","0","0","0","0","0"
"4cbec5c2-Download_-_2026-01-12T095407.509.mp4","0","0","0","0","0","0","1"
"de1e99a2-Download_-_2026-01-12T095425.713.mp4","0","0","0","0","0","0","0"
"9c13d2e2-Download_-_2026-01-12T095609.711.mp4","0","0","0","0","0","0","1"
"b634c728-Download_-_2026-01-12T095641.762.mp4","0","0","0","0","0","1","0"
"a41aa194-Download_-_2026-01-12T100003.089.mp4","1","0","0","1","0","0","0"
"653791d5-Download_-_2026-01-12T100237.314.mp4","0","0","0","0","0","0","0"
"312a384f-Download_-_2026-01-12T100302.883.mp4","0","0","0","0","0","0","1"
"30fb4a43-Download_-_2026-01-12T100338.789.mp4","0","1","0","0","0","0","0"
"e4f44101-Download_-_2026-01-12T100605.619.mp4","0","0","0","0","0","1","0"
"ecc869de-Download_-_2026-01-12T100815.398.mp4","0","0","0","0","0","1","0"
"0bd6471e-Download_-_2026-01-12T100839.901.mp4","0","0","0","0","0","1","0"
"4a390a76-Download_-_2026-01-12T100914.143.mp4","0","0","0","0","0","0","0"
"fda3a6a0-Download_-_2026-01-12T101058.478.mp4","0","0","0","1","0","0","0"
"becf4ae8-Download_-_2026-01-12T101107.771.mp4","0","1","0","0","0","0","0"
"0c23e9c0-Download_-_2026-01-12T101126.006.mp4","0","1","0","0","0","0","0"
"97085f13-Download_-_2026-01-12T101135.933.mp4","0","0","1","0","0","0","0"
"0c688e84-Download_-_2026-01-12T101325.680.mp4","0","0","0","1","0","0","0"
"eff24392-Download_-_2026-01-12T101352.863.mp4","0","0","0","0","0","0","0"
"31ae1d74-Download_-_2026-01-12T101402.116.mp4","0","1","0","0","0","0","0"
"d3483354-Download_-_2026-01-12T223721.722.mp4","0","0","0","0","1","0","0"
"08226ae3-Download_-_2026-01-12T101556.794.mp4","0","0","1","0","0","1","0"
"5b5e0c52-Download_-_2026-01-12T101602.303.mp4","0","0","1","0","0","1","0"
"f9843715-Download_-_2026-01-12T101623.303.mp4","0","0","1","0","0","1","0"
"9225aa88-Download_-_2026-01-12T101650.678.mp4","0","1","0","0","0","1","0"
"6d739138-Download_-_2026-01-12T101702.145.mp4","0","1","0","0","0","1","0"
"589716ba-Download_-_2026-01-12T101740.259.mp4","0","0","1","0","0","0","0"
"7ee39d2c-Download_-_2026-01-12T103541.918.mp4","0","0","0","1","0","0","0"
"b3752e82-Download_-_2026-01-12T103627.442.mp4","0","0","0","1","0","0","0"
"ececc58f-Download_-_2026-01-12T181255.968.mp4","0","0","0","1","0","0","0"
"2f1d49c5-Download_-_2026-01-12T220647.822.mp4","0","1","0","0","0","0","0"
"337370be-Download_-_2026-01-12T221231.425.mp4","0","0","0","0","1","0","0"
"5e82bb8f-Download_-_2026-01-12T221311.773.mp4","0","0","0","0","1","0","0"
"851cb1c2-Download_-_2026-01-12T221313.721.mp4","0","0","0","0","1","0","0"
"1519a751-Download_-_2026-01-12T221405.540.mp4","0","0","0","0","1","0","0"
"63a404da-Download_-_2026-01-12T221846.876.mp4","0","0","0","0","1","0","0"
"d421ffe5-Download_-_2026-01-12T223029.687.mp4","0","0","0","0","1","0","0"
"70e03514-Download_-_2026-01-12T223431.924.mp4","0","0","0","0","1","0","0"
"0f8067ac-Download_-_2026-01-12T223433.383.mp4","0","0","0","0","1","0","0"
"d6e2cf73-Download_-_2026-01-12T223718.061.mp4","0","0","0","0","1","0","0"
"40f4132b-Download_11.mp4","0","0","0","0","0","0","0"
"e63ff226-Download_12.mp4","0","0","0","0","0","0","0"
"0d84f0f3-Download_13.mp4","0","0","0","0","0","0","0"
"2915488f-Download_14.mp4","0","0","0","0","0","0","0"
"b2589c4b-Download_16.mp4","0","0","0","0","0","0","0"
"c8f59d3e-Download_22.mp4","0","0","0","0","0","0","0"
"8adb3090-Download_53.mp4","0","1","0","0","0","0","0"
"50fe8a81-Download_54.mp4","0","1","0","0","0","0","0"
"92114f38-Download_55.mp4","0","0","0","0","1","0","0"
"ec9babad-Download_56.mp4","0","0","0","1","0","0","0"
"bd866b98-Download_47.mp4","0","1","0","0","0","0","0"
"33de16c5-Download_50.mp4","0","1","0","0","0","0","0"
"a375ec9c-Download_51.mp4","0","0","0","1","0","0","0"
"824ddf12-Download_52.mp4","0","0","0","1","0","0","0"
"faff9ace-Download_79.mp4","0","0","0","0","1","0","0"
"d5f6ed33-Download_80.mp4","0","0","0","0","1","0","0"
"872ffd8c-Download_81.mp4","0","0","0","0","1","0","0"
"d25577c4-Download_82.mp4","0","0","0","0","1","0","0"
"743233bf-Download_83.mp4","0","0","0","0","1","0","0"
"e63d769a-Download_58.mp4","0","0","0","1","0","1","0"
"9c32df81-Download_59.mp4","0","0","0","1","0","1","0"
"d5241d0e-Download_60.mp4","0","0","0","1","0","1","0"
"59b802ce-Download_61.mp4","0","0","0","1","0","1","0"
"744ac5bb-Download_62.mp4","0","0","0","1","0","1","0"
"73073f03-Download_63.mp4","0","0","0","1","0","1","0"
"e4eeec78-Download_64.mp4","0","0","0","1","0","1","0"
"df44d894-Download_65.mp4","0","0","0","1","0","0","0"
"b75d8bdd-Download_66.mp4","0","0","0","1","0","1","0"
"21252468-Download_67.mp4","0","0","0","1","0","0","0"
"7e25fd69-Download_68.mp4","0","0","0","1","0","0","0"
"81d750fa-Download_69.mp4","0","0","0","1","0","1","0"
"ba821720-Download_70.mp4","0","0","0","0","0","1","0"
"060dc9f3-Download_71.mp4","0","0","0","1","0","1","0"
"c974c1ab-Download_72.mp4","0","0","0","1","0","1","0"
"6a37f7d9-Download_73.mp4","0","0","0","1","0","0","0"
"88c1dfd2-Download_74.mp4","0","0","0","1","0","1","0"
"51fbd4fd-Download_75.mp4","0","0","0","1","0","0","0"
"3dee1b0e-Download_76.mp4","0","0","0","1","0","1","0"
"0332b863-Download_77.mp4","0","0","0","0","1","0","0"
"8589b63a-Download_78.mp4","0","0","0","0","1","0","0"
"f17d9465-DownTik.Io_7591127446653586708.mp4","0","0","0","1","0","1","0"
"9e25b345-Savetik-Net_7470176553972829448_v2.mp4","0","0","1","0","0","0","0"
"cbd3df60-Savetik-Net_7588912954171460885_v2.mp4","0","0","1","0","0","1","0"
"81c1aa17-TikDown.com_TikTok_Media_001_9df3c03743b826fccee47bf90a4593d6.mp4","0","0","0","0","1","0","0"
"0952bc0b-Download_84.mp4","0","0","0","0","0","0","0"
"bdbad380-Download_85.mp4","0","0","0","0","0","0","0"
"d5ba1335-Download_86.mp4","0","0","0","0","1","0","0"
"8dd99b93-Download_87.mp4","0","0","0","0","0","0","0"
"94ea2bc0-Download_88.mp4","0","0","0","0","1","0","0"
"c0759fb5-Download_89.mp4","0","0","0","0","1","0","0"
"3b508572-Download_90.mp4","0","0","0","0","1","0","0"
"009c9cf2-Download_91.mp4","0","0","0","0","0","0","0"
"adbe9916-Download_92.mp4","0","0","0","0","1","0","0"
"204d8799-Download_93.mp4","0","0","0","0","1","0","0"
"0b6f5096-Download_94.mp4","0","0","0","0","1","0","0"
"f6d6f79c-Download_95.mp4","0","0","0","0","1","0","0"
"0390dfeb-Download_96.mp4","0","0","0","0","0","0","0"
"f4643499-Download_97.mp4","0","0","0","0","0","0","0"
"e6af729b-Download_98.mp4","0","0","0","0","1","0","0"
"1225d32a-Download_99.mp4","0","0","0","0","1","0","0"
"eaff464c-Download_100.mp4","0","0","0","0","0","0","0"
"74a40cd4-DownTik.Io_7567759249510534422.mp4","0","1","0","0","0","0","0"
"7a8ce14d-TikTok_Downloader-1768118417.mp4","0","0","0","0","0","0","0"
"8c97c700-TikTok_Downloader-1768119973.mp4","0","0","0","0","0","0","0"
"d958fc4d-TikDown.com_TikTok_Media_001_47bf29da555e095cb2003f00bddd5511.mp4","0","0","0","0","1","0","0"
"4a25a8bb-TikDown.com_TikTok_Media_001_3262d9dff45f028734987c85d63ec056.mp4","0","0","0","0","1","0","0"
"2a876ee5-TikDown.com_TikTok_Media_001_56863d5268d9c0147f662b98fda65b22.mp4","0","0","1","0","1","0","0"
"a1499c33-TikDown.com_TikTok_Media_001_2910587a771934913314219f9a9d57cf.mp4","0","0","0","0","0","0","1"
"1b94ee09-TikDown.com_TikTok_Media_001_c01c5f04c59d159e33b378a79406d450.mp4","0","1","0","0","0","0","0"
"d8f054df-TikDown.com_TikTok_Media_001_f6beb602fe8f9d688bb6d3cdc5982534.mp4","0","0","0","0","1","0","0"
"235c8d9e-TikDown.com_TikTok_Media_001_fdc573dcde91809673cb8b86113cc698.mp4","0","1","0","0","0","0","1"
"d5dd0d7a-TikTok_Downloader-1768116808.mp4","0","0","0","0","0","0","1"
"62ffa62c-vio15.mp4","0","0","0","0","0","0","1"
"097079c7-vio1.mp4","0","0","0","0","0","0","1"
"d4cb7d51-vio2.mp4","0","0","0","0","0","0","1"
"f221f341-vio3.mp4","0","0","0","0","0","0","1"
"eb53044d-vio4.mp4","0","0","0","0","0","0","1"
"b4587e1c-vio5.mp4","0","0","0","0","0","0","1"
"6e4d5630-vio6.mp4","0","0","0","0","0","0","1"
"a56caaaf-vio7.mp4","0","0","0","0","0","0","1"
"967bbeda-vio8.mp4","0","0","0","0","0","0","1"
"77d79890-vio9.mp4","0","0","0","0","0","0","1"
"a6eeb6ec-vio10.mp4","0","0","0","0","0","0","1"
"6b3f5eee-vio11.mp4","0","0","0","0","0","0","1"
"a188f257-vio12.mp4","0","0","0","0","0","0","1"
"3b426c22-vio13.mp4","0","0","0","0","0","0","1"
"faa66741-vio14.mp4","0","0","0","0","0","0","1"
"abe54301-sc3.mp4","0","0","0","0","1","0","0"
"3842ff89-sc4.mp4","0","0","0","0","1","0","0"
"565279fc-sc5.mp4","0","0","0","0","1","0","0"
"791def7d-sc6.mp4","0","0","0","0","1","0","0"
"c859e86a-sc7.mp4","0","0","0","0","1","0","0"
"fb9212c5-sc8.mp4","0","0","0","0","1","0","0"
"184cf570-sc1.mp4","0","0","0","0","1","0","0"
"b43306d4-sc2.mp4","0","0","0","0","1","0","0"
"fc41edc9-glambing_42525.mp4","0","0","0","0","0","1","0"
"6e727b9a-glambing_42787.mp4","0","0","0","0","0","1","0"
"fd65438d-glambing_44852.mp4","0","0","0","0","0","1","0"
"1ebe9dfc-glambing_12572.mp4","0","0","0","0","0","0","1"
"dbbf6886-glambing_12834.mp4","0","0","0","0","0","1","0"
"2a98cc10-glambing_13725.mp4","0","0","0","0","0","1","0"
"c80093fe-glambing_15318.mp4","0","0","0","0","1","1","0"
"234b4135-glambing_18470.mp4","0","0","0","0","0","1","0"
"a77ad1dd-glambing_19272.mp4","0","0","0","0","0","1","0"
"d4a30ccd-glambing_19862.mp4","0","0","0","0","0","1","0"
"0b3bb167-glambing_21563.mp4","0","0","0","0","0","1","0"
"780247cb-glambing_23215.mp4","0","0","0","0","0","1","0"
"b2d2bc7b-glambing_28261.mp4","0","0","0","0","0","1","0"
"3ec81ebb-glambing_34574.mp4","0","0","0","0","0","1","0"
"c284a588-glambing_35325.mp4","0","0","0","0","0","1","0"
"a25f10e3-glambing_35961.mp4","0","0","0","0","0","1","0"
"b2104cc7-glambing_36540.mp4","0","0","0","0","0","1","0"
"ab761e0c-glambing_37114.mp4","0","0","0","0","0","1","0"
"011753e5-glambing_38585.mp4","0","0","0","0","0","1","0"
"390fb9af-glambing_38709.mp4","0","0","0","0","1","1","0"
"0812768e-glambing_38800.mp4","0","0","0","0","0","1","0"
"aa5adde3-glambing_40395.mp4","0","0","0","0","0","1","0"
"88bae340-glambing_40872.mp4","0","0","0","0","0","1","0"
"b7c50eba-glambing_42271.mp4","0","0","0","0","0","1","0"
"8a092d9a-glambing_42425.mp4","0","0","0","0","0","1","0"
"f65345c1-glambing_71969.mp4","0","0","0","0","0","1","0"
"b7a9b9a4-glambing_77336.mp4","0","0","0","0","0","1","0"
"aca32d1e-glambing_77460.mp4","0","1","0","0","0","1","0"
"b35c9569-glambing_78621.mp4","0","0","0","1","0","0","0"
"0f376e25-glambing_44895.mp4","0","0","0","0","0","1","0"
"6573fd97-glambing_45779.mp4","1","0","0","0","0","0","0"
"fb6b733b-glambing_46308.mp4","0","0","0","0","0","1","0"
"fe2c0a8e-glambing_46670.mp4","0","0","0","0","0","1","0"
"ef419708-glambing_49938.mp4","0","0","0","0","0","1","0"
"16a87b7c-glambing_51840.mp4","0","0","0","0","0","1","0"
"ea4ecf99-glambing_52667.mp4","0","0","0","0","0","1","0"
"70cbe031-glambing_52683.mp4","0","0","0","0","0","1","0"
"8a1b7ff7-glambing_55134.mp4","0","0","0","0","0","1","0"
"f6be8248-glambing_58135.mp4","0","0","0","0","0","1","0"
"398ff5f1-glambing_58649.mp4","0","0","0","0","0","1","0"
"5d99c582-glambing_59763.mp4","0","0","0","0","1","1","0"
"383c5ba6-glambing_60846.mp4","0","0","0","0","0","1","0"
"d37ecc8b-glambing_61156.mp4","0","0","0","1","0","0","0"
"b488d5c0-glambing_63398.mp4","0","0","0","0","0","1","0"
"f3b0c265-glambing_64234.mp4","0","0","0","0","0","1","0"
"45aa8aae-glambing_66107.mp4","0","0","0","0","0","1","0"
"caa4dcad-glambing_66221.mp4","0","0","0","0","0","1","0"
"836af834-glambing_66995.mp4","0","0","0","0","0","1","0"
"c5a3fdd7-glambing_70795.mp4","0","0","0","0","1","1","0"
"2bc8e8f3-glambing_71662.mp4","0","0","0","0","0","1","0"
"6d61cb6c-glambing_88996.mp4","0","1","1","0","0","1","0"
"ed12de15-glambing_89654.mp4","0","0","0","0","0","1","0"
"814e751b-glambing_91202.mp4","0","1","0","0","0","0","0"
"771be337-glambing_91349.mp4","0","0","0","0","0","1","0"
"b400002b-glambing_91611.mp4","0","0","0","0","0","1","0"
"0b03ea64-glambing_94364.mp4","0","0","0","0","0","1","0"
"5bd47818-glambing_96458.mp4","0","0","0","0","0","1","0"
"d20daaef-glambing_96530.mp4","0","0","0","0","0","0","0"
"e729132b-glambing_97683.mp4","0","0","0","0","0","1","0"
"c624c15a-snaptik.vn_j5bQ9.mp4","0","0","0","0","0","1","0"
"d0078753-glambing_78997.mp4","0","0","0","0","1","1","0"
"421dcc81-glambing_79364.mp4","0","0","0","0","0","1","0"
"b54ce6e2-glambing_80463.mp4","0","0","0","0","0","0","1"
"9a5d5ce3-glambing_82430.mp4","0","0","0","0","0","1","0"
"c35aa504-glambing_83331.mp4","0","0","0","0","1","1","0"
"8848b741-glambing_87556.mp4","0","0","0","0","0","1","0"
"e414bc0d-culture-edge-3781.mp4","0","0","0","0","1","0","0"
"35430ce1-culture-edge-3936.mp4","0","0","0","0","1","0","0"
"02aa9da5-culture-edge-4168.mp4","0","0","0","0","0","0","1"
"c8183967-culture-edge-4201.mp4","0","1","0","0","0","0","0"
"9c16e510-culture-edge-4481.mp4","0","0","0","0","0","0","1"
"d0c6eedd-culture-edge-4650.mp4","0","0","0","0","0","0","0"
"7fe38130-culture-edge-1062.mp4","0","1","0","0","0","0","0"
"0c8af4a3-culture-edge-1188.mp4","0","1","0","0","0","0","0"
"1d21749d-culture-edge-1198.mp4","0","0","0","0","0","0","0"
"cb06d4ce-culture-edge-1235.mp4","0","0","0","0","0","0","0"
"89521444-culture-edge-1485.mp4","0","0","0","0","0","0","1"
"10653902-culture-edge-1503.mp4","0","0","0","0","1","0","0"
"272217c4-culture-edge-1600.mp4","0","0","0","0","1","0","0"
"f2ef743b-culture-edge-2015.mp4","0","1","0","0","0","0","0"
"6daff0cb-culture-edge-2100.mp4","0","0","0","0","0","0","1"
"11561a35-culture-edge-2552.mp4","0","0","0","1","0","0","0"
"a9850372-culture-edge-2783.mp4","0","1","0","0","0","0","0"
"d2d2470f-culture-edge-2893.mp4","0","0","0","0","0","0","1"
"4400a058-culture-edge-3075.mp4","0","0","0","0","0","0","1"
"87586a89-culture-edge-3374.mp4","0","0","0","0","0","0","1"
"0df005c3-culture-edge-3404.mp4","0","0","0","0","1","0","0"
"81f9ec0b-culture-edge-3429.mp4","0","0","0","0","1","0","0"
"d27e1ad2-culture-edge-3537.mp4","0","0","0","0","0","0","1"
"d6f46dda-culture-edge-3563.mp4","0","0","0","0","0","0","1"
"e227fedf-culture-edge-3622.mp4","0","0","0","0","0","0","1"
"c4cbfaf2-culture-edge-9558.mp4","0","0","1","0","1","0","0"
"0ff66eb7-culture-edge-9575.mp4","0","0","0","0","0","0","1"
"17961ad8-culture-edge-5025.mp4","0","1","0","0","0","0","0"
"71aa7189-culture-edge-5041.mp4","0","0","0","0","0","0","1"
"ee4fe03f-culture-edge-5119.mp4","0","0","0","0","0","0","1"
"745ce09d-culture-edge-5184.mp4","0","0","0","0","1","0","0"
"5d77cca6-culture-edge-5550.mp4","0","0","0","0","1","0","0"
"e7d16d7d-culture-edge-5570.mp4","0","0","0","0","0","0","1"
"535a983f-culture-edge-5878.mp4","0","0","0","0","0","0","0"
"2ddeceb2-culture-edge-6084.mp4","0","0","0","0","1","0","0"
"15b7c45a-culture-edge-6094.mp4","0","0","0","0","1","0","0"
"cc3c72c6-culture-edge-6345.mp4","0","0","0","0","0","0","0"
"28d8e88c-culture-edge-6411.mp4","0","1","0","0","0","0","0"
"3b5e874b-culture-edge-6428.mp4","0","1","0","0","0","0","0"
"397d0acb-culture-edge-6495.mp4","0","0","0","0","0","0","1"
"a10ec656-culture-edge-6712.mp4","0","0","0","0","0","0","1"
"72c4b794-culture-edge-6895.mp4","0","0","0","0","0","0","1"
"1e8f3993-culture-edge-7154.mp4","0","0","0","0","0","0","1"
"cda345f6-culture-edge-7203.mp4","0","0","0","0","0","0","1"
"0a057f5c-culture-edge-7701.mp4","0","0","0","0","0","0","0"
"eea97384-culture-edge-7907.mp4","0","0","0","0","0","0","1"
"cc3c6960-culture-edge-7997.mp4","0","0","0","0","0","0","1"
"dc8d2d4d-culture-edge-8092.mp4","0","0","0","0","0","0","0"
"3f860a72-culture-edge-8730.mp4","0","0","0","0","1","0","0"
"3c2abe01-culture-edge-9112.mp4","0","0","0","0","0","0","0"
"022956ef-culture-edge-9341.mp4","0","0","0","0","0","0","1"
"fbabaf67-TikDown.com_TikTok_Media_001_e841574fde749c8c0a75829475fd89ab.mp4","0","0","0","0","1","0","0"
"a4badbe4-culture-edge-9794.mp4","0","0","0","0","0","0","0"
"a99e28b9-culture-edge-9834.mp4","0","0","0","0","0","0","1"
"9d8d8095-culture-edge-9920.mp4","0","0","0","0","0","1","0"
"2f390cf4-culture-edge-9961.mp4","0","1","0","0","0","0","0"
"4c34154d-TikDown.com_TikTok_Media_001_1f440af14fcb7f4abdd104eac1ae0a97_1.mp4","0","0","0","0","1","0","0"
"be8a6c58-TikDown.com_TikTok_Media_001_2db8ea8ca26bce95cd53a299e573572a.mp4","0","0","0","0","1","0","0"
"84e70dfc-TikDown.com_TikTok_Media_001_5a1530f375f06df69882443b1dcdbc0d.mp4","0","0","0","0","0","0","1"
"8ab6376b-TikDown.com_TikTok_Media_001_8e4dabe1e2bf358010004dc7d5ced86d.mp4","0","0","0","0","0","0","1"
"0bc688cf-TikDown.com_TikTok_Media_001_8e106cb6929f2982434d711c30a920fa.mp4","0","0","0","0","0","0","1"
"8cb6639b-TikDown.com_TikTok_Media_001_92b68564daafa7d98c686e5cc6474b2a.mp4","0","0","0","0","0","0","1"
"e2481e71-TikDown.com_TikTok_Media_001_470eaeeaaa1043fe052df3e7b989bf02.mp4","0","1","0","0","0","0","0"
"56b9f50a-TikDown.com_TikTok_Media_001_683dbf63f88820d0ba0ad77d7e96d733.mp4","0","0","0","0","1","0","0"
"384c598a-TikDown.com_TikTok_Media_001_9504d2be7c81c353655be6ee568f6ba4.mp4","0","0","0","0","0","0","1"
"8bf70b73-TikDown.com_TikTok_Media_001_26460b97ec535df9eb16c0d61cde7f89.mp4","0","0","0","0","0","0","0"
"e71eeb55-TikDown.com_TikTok_Media_001_58551a5d7c3ba54faa6f304c21d106ee.mp4","0","0","0","0","0","0","1"
"05c5bdd6-TikDown.com_TikTok_Media_001_ab2025b54595a21f3180ba0d144192e7.mp4","0","0","0","0","0","0","1"
"1fda1114-TikDown.com_TikTok_Media_001_df360d39e9e2e03c27bd2c20cf790e1a.mp4","0","0","0","0","0","0","1"
"1f324c03-cul1.mp4","0","0","0","0","1","0","0"
"055d5937-cul2.mp4","0","0","0","0","1","0","0"
"bf261455-cul3.mp4","0","0","0","0","1","0","0"
"ef2dcaf8-cul4.mp4","0","0","0","0","1","0","0"
"92b47f4f-cul5.mp4","0","0","0","0","0","0","0"
"6bc2d5db-cul6.mp4","0","0","0","1","0","0","0"
"0f1d22f7-cul7.mp4","0","0","0","0","1","0","0"
"634a43e7-cul8.mp4","0","0","0","0","1","0","0"
"e9fa2708-cul9.mp4","0","0","0","0","1","0","0"
"6345d1bb-cul10.mp4","0","0","0","0","1","0","0"
"2142c895-cul11.mp4","0","0","0","0","1","0","0"
"0bd9f759-cul12.mp4","0","0","0","0","1","0","0"
"d05cf791-cul13.mp4","0","0","0","0","1","0","0"
"932f4c08-cul14.mp4","0","0","0","0","1","0","0"
"0526f76b-cul15.mp4","0","0","0","0","1","0","0"
"966313e6-cul16.mp4","0","0","0","0","0","0","0"
"7dc678b9-cul17.mp4","0","0","0","0","1","0","0"
"9e7243b8-Download_-_2026-01-31T171240.826.mp4","0","0","0","0","0","0","1"
"fdc0b9fb-Download_-_2026-01-31T170332.776.mp4","0","0","0","0","0","0","1"
"e8d4cc35-Download_-_2026-01-31T170351.931.mp4","0","0","0","0","0","0","1"
"5a785d99-Download_-_2026-01-31T170405.283.mp4","0","0","0","0","0","0","1"
"52ccafc0-Download_-_2026-01-31T170436.089.mp4","0","0","0","0","0","0","1"
"4d6971cf-Download_-_2026-01-31T170448.303.mp4","0","0","0","0","0","0","1"
"3017adcc-Download_-_2026-01-31T170510.146.mp4","0","0","0","0","0","0","1"
"5878a2d5-Download_-_2026-01-31T170836.592.mp4","0","0","0","0","0","0","1"
"19221886-Download_-_2026-01-31T170859.143.mp4","0","0","0","0","0","0","1"
"dfd4308f-Download_-_2026-01-31T170918.664.mp4","0","0","1","0","0","0","0"
"f2161b25-Download_-_2026-01-31T170940.215.mp4","0","0","1","0","0","0","0"
"e726be23-Download_-_2026-01-31T170959.810.mp4","0","0","0","0","0","0","1"
"3e4102a8-Download_-_2026-01-31T171026.663.mp4","0","0","0","0","0","0","1"
"83cbe34f-Download_-_2026-01-31T171042.055.mp4","0","0","0","0","0","0","1"
"c454446f-Download_-_2026-01-31T171116.144.mp4","0","0","0","0","0","0","1"
"231b80c0-Download_-_2026-01-31T171117.244.mp4","0","0","0","0","0","0","1"
"c0e0d494-Download_-_2026-01-31T171120.397.mp4","0","0","0","0","0","0","1"
"9c1b984c-Download_-_2026-01-31T171150.634.mp4","0","0","0","0","0","0","1"
"fee2eb85-Download_-_2026-01-31T171158.017.mp4","0","0","0","0","0","0","1"
"037198af-Download_-_2026-01-31T171220.030.mp4","0","0","0","0","0","0","1"
"291528c0-Download_-_2026-01-31T171229.100.mp4","0","0","0","0","0","0","1"
"01f9f061-Download_-_2026-01-31T171258.919.mp4","0","0","0","0","0","0","1"
"3d534b4b-Download_-_2026-01-31T171311.463.mp4","0","0","0","0","0","0","1"
"cf0e92b3-Download_-_2026-01-31T171405.618.mp4","0","0","1","0","0","0","0"
"cef55ba0-Download_-_2026-01-31T172545.905.mp4","0","0","0","0","0","0","1"
"60c15312-Download_-_2026-01-31T172658.853.mp4","0","0","0","0","0","0","1"
"9ed90445-Download_-_2026-01-31T172722.157.mp4","0","0","0","0","0","0","1"
"a2b59ec6-Download_-_2026-01-31T172806.704.mp4","0","0","0","0","0","0","1"
"56513120-Download_-_2026-01-31T172846.421.mp4","0","0","0","0","0","0","1"
"78bfb0b3-Download_-_2026-01-31T172906.456.mp4","0","0","0","0","0","0","1"
"1c43640c-Download_-_2026-01-31T172913.039.mp4","0","0","0","0","0","0","1"
"1f79106d-Download_-_2026-01-31T172931.492.mp4","0","0","0","0","0","0","1"
"abf54b52-Download_-_2026-01-31T172952.072.mp4","0","0","0","0","0","0","1"
"e04e1b2e-Download_-_2026-01-31T173015.639.mp4","0","0","0","0","0","0","1"
"4e6ac3fc-Download_-_2026-01-31T173049.330.mp4","0","0","0","0","0","0","1"
"cb744f41-Download_-_2026-01-31T173052.528.mp4","0","0","0","0","0","0","1"
"26f832a8-Download_-_2026-01-31T174542.649.mp4","0","0","0","0","0","0","1"
"df4e45c3-Download_-_2026-01-31T173135.608.mp4","0","0","0","0","0","0","1"
"cea1be99-Download_-_2026-01-31T173145.461.mp4","0","0","0","0","0","0","1"
"748543fe-Download_-_2026-01-31T173243.198.mp4","0","0","0","0","0","0","1"
"0bf738f5-Download_-_2026-01-31T173258.142.mp4","0","0","0","0","0","0","1"
"366c18a2-Download_-_2026-01-31T173451.768.mp4","0","0","0","0","0","0","1"
"30740fc7-Download_-_2026-01-31T173506.934.mp4","0","0","0","0","0","0","1"
"f9ca2be7-Download_-_2026-01-31T173528.473.mp4","0","0","0","0","0","0","1"
"59ab10a8-Download_-_2026-01-31T173725.689.mp4","0","0","0","0","0","0","1"
"1a12e4d7-Download_-_2026-01-31T174400.151.mp4","0","0","0","0","0","0","1"
"2d542681-Download_-_2026-01-31T174422.354.mp4","0","0","0","0","0","0","1"
"2ef98f13-Download_3.mp4","0","0","0","0","0","0","1"
"46b13452-Download_-_2026-01-31T174611.036.mp4","0","0","0","0","0","0","1"
"1a6185cc-Download_-_2026-01-31T174647.641.mp4","0","0","0","0","0","0","1"
"e1349e3c-Download_-_2026-01-31T174823.797.mp4","0","0","0","0","0","0","1"
"65393887-Download_-_2026-01-31T175049.685.mp4","0","0","1","0","0","0","0"
"ca9c46d6-Download_-_2026-01-31T175104.775.mp4","0","0","1","0","0","0","0"
"c99a2fe2-Download_-_2026-01-31T175552.479.mp4","0","0","0","0","0","1","0"
"c8dbadb1-Download_-_2026-01-31T175752.749.mp4","0","1","0","0","0","1","0"
"484d6571-Download_1.mp4","0","0","0","0","0","0","1"
"59a3150f-Download_2.mp4","0","0","1","0","0","0","0"
"fb8072ee-Download_23.mp4","0","0","1","0","0","0","0"
"98e548dc-Download_4.mp4","0","0","0","0","0","1","1"
"82463baf-Download_5.mp4","0","0","1","0","0","0","0"
"822ee4ca-Download_6.mp4","0","0","1","0","0","0","0"
"7d627fc5-Download_7.mp4","0","0","0","0","0","0","1"
"5ce6eaad-Download_8.mp4","0","0","0","0","0","0","1"
"49461a1d-Download_9.mp4","0","0","0","0","0","0","1"
"eb6e65ec-Download_11.mp4","0","0","0","0","0","0","1"
"7e0e4a0b-Download_12.mp4","0","0","0","0","0","0","1"
"e1893038-Download_13.mp4","0","0","0","0","0","0","1"
"d2bb0cf3-Download_14.mp4","0","0","0","0","0","0","1"
"03f7c46e-Download_15.mp4","0","0","0","0","0","0","1"
"cd0973db-Download_16.mp4","0","0","1","0","0","0","0"
"8eae7e78-Download_17.mp4","0","0","1","0","0","0","0"
"8282fbc6-Download_19.mp4","0","0","0","0","0","0","1"
"854741da-Download_20.mp4","0","0","1","0","0","0","0"
"eb4c5b16-Download_21.mp4","0","0","1","0","0","0","0"
"f6c98902-Download_22.mp4","0","0","1","0","0","0","0"
"a0103ec1-Download_43.mp4","0","0","0","0","0","0","1"
"33be4b68-Download_24.mp4","0","0","0","0","0","0","1"
"372bba31-Download_25.mp4","0","0","1","0","0","0","0"
"cdf7dcb1-Download_26.mp4","0","0","0","0","0","0","1"
"34c8a2c4-Download_27.mp4","0","0","0","0","0","0","1"
"d07c6834-Download_28.mp4","0","0","0","0","0","0","1"
"6a4d7f17-Download_29.mp4","0","0","1","0","0","0","0"
"061c0e06-Download_30.mp4","0","0","0","0","0","0","1"
"e9c37e6a-Download_31.mp4","0","0","0","0","0","0","1"
"63c70280-Download_32.mp4","0","0","0","0","0","0","1"
"478bfddf-Download_33.mp4","0","0","0","0","0","0","1"
"1da4c177-Download_34.mp4","0","0","1","0","0","0","0"
"5a32fac2-Download_35.mp4","0","0","1","0","0","0","0"
"ad4c73d9-Download_36.mp4","0","0","1","0","0","0","0"
"dc34d9a3-Download_37.mp4","0","0","0","0","0","0","1"
"d232c527-Download_38.mp4","0","0","0","0","0","0","1"
"f4fa6ca7-Download_39.mp4","0","0","1","0","0","0","0"
"23eae243-Download_40.mp4","0","0","1","0","0","0","0"
"07b4641a-Download_41.mp4","0","0","1","0","0","0","0"
"20715c52-Download_42.mp4","0","0","1","0","0","0","0"
"cd249188-Download_63.mp4","0","0","0","0","0","0","1"
"dadcdadc-Download_48.mp4","0","0","1","0","0","0","0"
"1be3aec6-Download_49.mp4","0","0","0","0","0","0","1"
"ba0962ed-Download_50.mp4","0","0","0","0","0","0","1"
"71341b7b-Download_51.mp4","0","0","0","0","0","0","1"
"6783bade-Download_52.mp4","0","0","1","0","0","0","0"
"55279819-Download_53.mp4","0","0","0","0","0","0","1"
"54bd85ff-Download_54.mp4","0","0","0","0","0","0","1"
"05ff6288-Download_55.mp4","0","0","0","0","0","0","1"
"32eec676-Download_56.mp4","0","0","1","0","0","0","0"
"bea9a48c-Download_57.mp4","0","0","0","0","0","0","1"
"58fc72be-Download_58.mp4","0","0","0","0","0","0","1"
"53b466f5-Download_59.mp4","0","0","1","0","0","0","0"
"b174baed-Download_83.mp4","0","0","0","0","0","0","1"
"38b21f15-Download_64.mp4","0","0","1","0","0","1","0"
"c73e96c0-Download_65.mp4","0","0","0","0","0","1","1"
"5e697c30-Download_66.mp4","0","0","0","0","0","1","1"
"8340fe26-Download_67.mp4","0","0","0","0","0","1","1"
"0dd4bdce-Download_68.mp4","0","0","0","0","0","1","1"
"722361f3-Download_69.mp4","0","0","0","0","0","1","1"
"04b20893-Download_70.mp4","0","0","0","0","0","1","1"
"df3271f1-Download_71.mp4","0","0","1","0","0","0","0"
"a2bf620b-Download_72.mp4","0","0","0","0","0","1","1"
"7acae83d-Download_73.mp4","0","0","0","1","0","0","0"
"2108b2d8-Download_74.mp4","0","0","0","1","0","0","0"
"b4b62366-Download_75.mp4","0","0","0","0","0","0","1"
"2238de32-Download_76.mp4","0","0","0","0","0","1","1"
"9bd13a8c-Download_77.mp4","0","0","0","0","0","1","1"
"b93afc3a-Download_78.mp4","0","0","0","0","0","0","1"
"254c7e97-Download_79.mp4","0","0","0","0","0","0","1"
"f2bf1173-Download_80.mp4","0","0","0","0","0","0","1"
"3df596cb-Download_81.mp4","0","0","0","0","0","0","1"
"1dbf9d42-Download_82.mp4","0","0","0","0","0","0","1"
"749068bd-snaptik.vn_8CtUP.mp4","0","0","0","0","0","0","1"
"614b0cfd-Download_84.mp4","0","0","0","0","0","0","1"
"68aeb3a3-Download_85.mp4","0","0","0","0","0","0","1"
"3404297b-Download_86.mp4","0","0","1","0","0","0","0"
"1f9d81ac-Download_87.mp4","0","0","0","0","0","1","0"
"8f99796f-Download_88.mp4","0","0","0","0","0","1","1"
"d62b01b0-Download_89.mp4","0","0","0","0","0","0","1"
"511934c8-Download_90.mp4","0","0","0","0","0","1","1"
"bd0fd0fa-Download_91.mp4","0","0","0","0","0","0","0"
"e5582236-Download_92.mp4","0","0","1","0","0","0","0"
"7f40abc4-Download_93.mp4","0","0","1","0","0","0","0"
"648759e8-Download_94.mp4","0","0","0","0","0","0","1"
"ec7b7b77-Download_95.mp4","0","0","1","0","0","0","0"
"f042426a-Download_96.mp4","0","0","0","0","0","0","1"
"91b34382-Download_97.mp4","0","0","0","0","0","0","1"
"eb85e625-Download_98.mp4","0","0","0","0","0","1","1"
"3138fb57-Download_99.mp4","0","0","0","0","0","0","1"
"2c4473ad-Download_100.mp4","0","0","0","0","0","0","1"
"8d1f21b9-Download.mp4","0","0","0","1","0","0","1"
"1344050e-snaptik.vn_8BHnr.mp4","0","0","1","0","0","0","0"
"5762c7be-TikDown.com_TikTok_Media_001_fc622eaf17a194a4aa1ecb64493b35a4.mp4","0","0","0","0","1","0","0"
"a885c3b8-snaptik.vn_axIuW.mp4","0","0","0","0","0","0","1"
"d29afdf9-snaptik.vn_BNPJx.mp4","0","0","0","0","0","0","1"
"40b32c13-snaptik.vn_cEqbK.mp4","0","0","1","0","0","0","0"
"647e0169-snaptik.vn_e8dFM.mp4","0","0","1","0","0","0","0"
"60b8b8fb-snaptik.vn_eAVBn.mp4","0","0","1","0","0","0","0"
"ac907722-snaptik.vn_GK6kg.mp4","0","0","0","0","0","0","1"
"ab58e25d-snaptik.vn_pXC11.mp4","0","0","0","0","0","0","1"
"819324c6-snaptik.vn_rf94I.mp4","0","0","0","0","0","0","1"
"aac1de85-snaptik.vn_TpPre.mp4","0","0","0","0","0","0","1"
"04923aab-snaptik.vn_VTIOc.mp4","0","0","0","0","0","0","1"
"5104728f-TikDown.com_TikTok_Media_001_0c5f7dafc57154b93986fe4f3324a8fe.mp4","0","0","0","0","0","1","0"
"38d3879e-TikDown.com_TikTok_Media_001_6d38e06a5dbddb2536a18a5382e5712d.mp4","0","0","0","0","0","0","1"
"44024cef-TikDown.com_TikTok_Media_001_7d011d02fcf2da274a560398ba091d6c.mp4","0","0","0","0","0","1","0"
"7379f28c-TikDown.com_TikTok_Media_001_31a70f75ea01e24c6d225e959c7afee8.mp4","0","0","0","0","0","0","1"
"08e94d06-TikDown.com_TikTok_Media_001_8579a623ae9566c6bf4d1904edbb28c8.mp4","0","0","0","0","1","0","0"
"4648e9a0-TikDown.com_TikTok_Media_001_aa3f12e7353f539bcdc6bbc540f2d6d0.mp4","0","0","0","0","0","0","0"
"7bfba62c-TikDown.com_TikTok_Media_001_b28d83254771f86c92d0bfdaaf489e54.mp4","0","0","0","0","1","1","0"
"0e15c46b-TikDown.com_TikTok_Media_001_b356df1ce660941dc4cc499a4bb8e1b2.mp4","0","0","0","0","0","0","1"
"901496c3-TikDown.com_TikTok_Media_001_d6bc26c6c2808d38809ed4cec22b5a31.mp4","0","0","0","0","0","1","0"
"7743febb-TikDown.com_TikTok_Media_001_e2cb22a843a9eec0e6a9ac570c5ef5f2.mp4","0","0","0","0","0","0","1"
"44570245-TikDown.com_TikTok_Media_001_f0bf496c9f3bc851063f913b8f5232b5.mp4","0","0","0","0","0","1","0"
"93030e6a-ce108ef2-0a23c94f-glambing_70480.mp4","0","0","0","0","0","1","0"
"0008f27d-7571807250499652884.mp4","0","0","1","0","0","0","0"
"0018559b-7536954002601184519.mp4","0","0","1","0","0","0","0"
"0074b069-7437131563529243925.mp4","0","0","1","0","0","0","0"
"00b32502-7373915749049437458.mp4","0","0","1","0","0","0","0"
"0157232c-7574450904254975263.mp4","0","0","1","0","0","0","0"
"034968f2-7556869581483019527.mp4","0","0","1","0","0","0","0"
"03e03918-7563241082134220063.mp4","0","0","1","0","0","0","0"
"04495e8c-7514597663766105365.mp4","0","0","1","0","0","0","0"
"04fdaef2-7571421243648380167.mp4","0","0","1","0","0","0","0"
"05830a8f-7516539763759877394.mp4","0","0","1","0","0","0","0"
"06856012-7502021651836521746.mp4","0","0","1","0","0","0","0"
"068eee8e-7506574265915870471.mp4","0","0","1","0","0","0","0"
"06a91f9e-7614320867782184212.mp4","0","0","1","0","0","0","0"
"079e037b-7516786889920154887.mp4","0","0","1","0","0","0","0"
"0823ab00-7548857639803817234.mp4","0","0","1","0","0","0","0"
"082d2600-7570578378521185544.mp4","0","0","1","0","0","0","0"
"0872318e-7561076712117767431.mp4","0","0","1","0","0","0","0"
"08dc3a06-7570578279350930695.mp4","0","0","1","0","0","0","0"
"0a16ec9c-7492011046136204564.mp4","0","0","1","0","0","0","0"
"0a1af155-7565113837301533970.mp4","0","0","1","0","0","0","0"
"0aaaba3d-7580577453228231954.mp4","0","0","1","0","0","0","0"
"0c47176d-7535872151648341266.mp4","0","0","1","0","0","0","0"
"0dc84f5c-7566269688028630290.mp4","0","0","1","0","0","0","0"
"0de1222a-7208480470663695642.mp4","0","0","1","0","0","0","0"
"0de87377-7614034117960797458.mp4","0","0","1","0","0","0","0"
"0ef69b04-7607294579414535431.mp4","0","0","1","0","0","0","0"
"10785eaa-7480511086995852551.mp4","0","0","1","0","0","0","0"
"11005a21-7442905074671684872.mp4","0","0","1","1","0","0","0"
"11458918-7562403030784691474.mp4","0","0","1","0","0","0","0"
"1179152e-7572139892214598919.mp4","0","0","1","0","0","0","0"
"126fa7c4-7565052135176604936.mp4","0","0","1","0","0","0","0"
"127c6669-7488707762096983351.mp4","0","0","1","0","0","0","0"
"1332c143-7574868610586381584.mp4","0","0","1","0","0","0","0"
"134fdc59-7565496046554500359.mp4","0","0","1","1","0","0","0"
"1439d5c5-7571082006969306389.mp4","0","0","1","0","0","0","0"
"1447b9b0-7494295129902058760.mp4","0","0","1","0","0","0","0"
"15cd9d80-7608219320262462741.mp4","0","0","1","0","0","0","0"
"15fc3592-7566593693705129236.mp4","0","0","1","0","0","0","0"
"1628a094-7607446914749058324.mp4","0","0","1","1","0","0","0"
"1646a36c-7590993864723385608.mp4","0","0","1","0","0","0","0"
"1693676a-7215605384952761627.mp4","0","0","1","0","0","0","0"
"16fb8c52-7572795191594061064.mp4","0","0","1","0","0","0","0"
"1729981c-7467904976984083730.mp4","0","0","1","0","0","0","0"
"1886cf74-7504277665084460309.mp4","0","0","1","0","0","0","0"
"18d7caa3-7597031510994144532.mp4","0","0","1","0","0","0","0"
"18f5ef94-7508223390688300296.mp4","0","0","1","0","0","0","0"
"1945a758-7577053461959675156.mp4","0","0","1","0","0","0","0"
"19b78ed3-7572141331120688402.mp4","0","0","1","0","0","0","0"
"1a25f6af-7609905821308292360.mp4","0","0","1","0","0","0","0"
"1af5ae9c-7559015496658603271.mp4","0","0","1","0","0","0","0"
"1b1a124e-7508183756902010120.mp4","0","0","1","0","0","0","0"
"1b379561-7612710498265500946.mp4","0","0","0","1","0","0","0"
"1c3831f6-7532832033068895506.mp4","0","0","1","1","0","0","0"
"1d5f009b-7544951487705763080.mp4","0","0","1","0","0","0","0"
"1f625fbd-7599649578308111636.mp4","0","0","1","0","0","0","0"
"2028e197-7522505606062738706.mp4","0","0","1","0","0","0","0"
"21d4b8d0-7476444888041573640.mp4","0","0","1","1","0","0","0"
"22af0f42-7574083915938467079.mp4","0","1","1","0","0","0","0"
"22c7a749-7494669504715296008.mp4","0","0","1","0","0","0","0"
"23262eb0-6984768433581837570.mp4","0","0","1","1","0","0","0"
"24c5e497-7567000677067541767.mp4","0","1","0","0","0","0","0"
"258bdc57-7011667342560136450.mp4","0","0","1","0","0","0","0"
"289de31e-7497638155625958664.mp4","0","0","1","0","0","0","0"
"29cf5274-7594051613048802578.mp4","0","0","1","0","0","0","0"
"2b301fbf-7538627973763583240.mp4","0","0","1","1","0","0","0"
"2b48cf85-7585141960940227860.mp4","0","0","1","0","0","0","0"
"2b4dcc83-7404107474162306305.mp4","0","0","1","0","0","0","0"
"2bb83189-7333220913548250369.mp4","0","0","1","1","0","0","0"
"2bca645a-7568373039960821010.mp4","0","0","1","0","0","0","0"
"2c8a769e-7614177465136581895.mp4","0","0","1","0","0","0","0"
"2d530be7-7591855455673011476.mp4","0","0","1","0","0","0","0"
"2dd5c118-7581822887674334482.mp4","0","0","1","0","0","0","0"
"2e6d20e4-7570403956476661013.mp4","0","0","1","0","0","0","0"
"2f8430ce-7505453415728745735.mp4","0","0","1","0","0","0","0"
"2fa00db0-7589488862494215444.mp4","0","0","1","0","0","0","0"
"2fef4d46-7165357358896532762.mp4","0","0","1","0","0","0","0"
"30346189-7610000967932677397.mp4","0","0","1","0","0","1","0"
"30517ded-7541400676170026248.mp4","0","0","1","0","0","0","0"
"30a7fd7a-7548025653518454024.mp4","0","0","1","0","0","0","0"
"30cf645b-7309068521718222087.mp4","0","0","1","0","0","0","0"
"30f23b84-7414909997584289032.mp4","0","0","1","0","0","0","0"
"315f9bf5-7578905174412922130.mp4","0","0","1","0","0","0","0"
"327f71fd-7313409276179926290.mp4","0","0","1","0","0","0","0"
"33593ca6-7504988512089885970.mp4","0","0","1","0","0","0","0"
"33f5a96d-7512054279310478599.mp4","0","0","1","0","0","0","0"
"34b46f71-7098565576657800474.mp4","0","0","1","0","0","0","0"
"35072213-7575739604741983509.mp4","0","0","1","0","0","0","0"
"35c9a152-7583328384617581845.mp4","0","0","1","0","0","0","0"
"36a961a6-7591544603954695442.mp4","0","0","1","0","0","0","0"
"378cd0de-7610818452483378452.mp4","0","0","1","0","0","0","0"
"38319aec-7595137989341105426.mp4","0","0","1","0","0","0","0"
"38e04213-7447529547475504391.mp4","0","0","1","1","0","0","0"
"38ef1701-7526465332064619783.mp4","0","0","1","0","0","0","0"
"3a213e9c-7252660179240504581.mp4","0","0","1","0","0","0","0"
"3a58627d-7542496139195469063.mp4","0","0","1","0","0","0","0"
"3a8b090a-7611123526082333970.mp4","0","0","1","0","0","0","0"
"3aab554f-7451627728291335431.mp4","0","0","1","0","0","0","0"
"3b4c3663-7613029254460280071.mp4","0","0","1","0","0","0","0"
"3c0737ca-7528268466948705543.mp4","0","0","1","0","0","0","0"
"3d2a9c95-7297597870973259015.mp4","0","0","1","0","0","0","0"
"3f5aa297-7497229528280960274.mp4","0","0","1","0","0","0","0"
"40715f15-7575898841476500757.mp4","0","0","1","0","0","0","0"
"413f374a-7240310975755259163.mp4","0","0","1","0","0","0","0"
"41795a99-7602255937587432711.mp4","0","0","1","0","0","0","0"
"43c52fb6-7613627488408702229.mp4","0","0","0","1","0","1","0"
"443f2d4f-7599286220522360084.mp4","0","0","1","0","0","0","0"
"4534f351-7504582464120065288.mp4","0","0","1","0","0","0","0"
"45805de4-7600812729410080020.mp4","0","0","1","0","0","0","0"
"4621c1bc-7517680951443344658.mp4","0","0","1","0","0","0","0"
"46fc793c-7472000057227676936.mp4","0","0","1","0","0","0","0"
"4798a8b4-7203217178143788315.mp4","0","0","1","0","0","0","0"
"4895881d-7195772473583930667.mp4","0","0","1","0","0","0","0"
"495a2b77-7560335420064533777.mp4","0","0","1","0","0","0","0"
"49e1d705-7557638661773348114.mp4","0","0","1","0","0","0","0"
"4a80c11a-7560722121169685778.mp4","0","0","1","0","0","0","0"
"4c8fc188-7562754781836627218.mp4","0","0","1","0","0","0","0"
"4df17fa5-7615991027815550229.mp4","0","0","1","0","0","0","0"
"50577614-7578374950222974226.mp4","0","0","1","0","0","0","0"
"50a92423-7613242843435502869.mp4","0","0","1","0","0","0","0"
"5175962d-7346576841131461906.mp4","0","0","1","0","0","0","0"
"52b6d3eb-7581451937023823125.mp4","0","0","1","1","0","0","0"
"53297663-7454163781095116039.mp4","0","0","1","0","0","0","0"
"53bce438-7579844418081918215.mp4","0","0","1","0","0","0","0"
"53d80ac1-7616888471843589396.mp4","0","0","1","0","0","0","0"
"53ead8ad-7250092462168067333.mp4","0","0","1","0","0","0","0"
"5410bf00-7296433827206008065.mp4","0","0","1","0","0","0","0"
"54bb4b9f-7588065550035684628.mp4","0","0","1","0","0","0","0"
"567647a6-7584106610994253077.mp4","0","0","1","0","0","0","0"
"567ec23f-7616930724741991701.mp4","0","0","1","0","0","0","0"
"584a00b9-7578849399619554581.mp4","0","0","0","1","0","0","0"
"5c2839e4-7380227887682587920.mp4","0","0","1","0","0","0","0"
"5d704e3f-7311238123688611074.mp4","0","0","1","0","0","0","0"
"5e0baf63-7604246756087319829.mp4","0","0","1","0","0","0","0"
"5f1595e0-7551756787830017288.mp4","0","0","1","0","0","0","0"
"5f2aae3f-7375937406463151367.mp4","0","0","1","0","0","0","0"
"5f35780e-7583356526207732999.mp4","0","0","1","0","0","0","0"
"5fa925e1-7525511705548360967.mp4","0","0","1","0","0","0","0"
"61148bf5-7591304896079498516.mp4","0","0","1","0","0","0","0"
"62514ef1-7520576280467688712.mp4","0","0","1","0","0","0","0"
"62654383-7510891965140192520.mp4","0","0","1","0","0","0","0"
"6274ccde-7503546653526265106.mp4","0","0","1","0","0","0","0"
"63ae76ba-7508215339805609223.mp4","0","0","1","0","0","0","0"
"6407788a-7604412125900999943.mp4","0","0","1","0","0","0","0"
"64a49491-7551005450322480392.mp4","0","0","1","0","0","0","0"
"64b152be-7200746279528451354.mp4","0","0","1","0","0","0","0"
"659dd513-7324291380535168264.mp4","0","0","1","0","0","0","0"
"677ed7a9-7611407929278876936.mp4","0","0","1","0","0","0","0"
"68253d26-7603367274610806037.mp4","0","0","1","1","0","0","0"
"6b013d70-7520327914227911954.mp4","0","0","1","0","0","0","0"
"6c9b19ec-7538414237698231569.mp4","0","0","1","0","0","0","0"
"6dfccc35-7583713902974799122.mp4","0","0","1","0","0","0","0"
"6e337591-6989454049787546906.mp4","0","0","1","0","0","0","0"
"6ed36efc-7268888212636994821.mp4","0","0","1","0","0","0","0"
"6ee54e83-7280496901517085960.mp4","0","0","1","0","0","0","0"
"6f494bcd-7504656356788473096.mp4","0","0","1","0","0","0","0"
"7017207f-7596690381052464385.mp4","0","0","1","0","0","0","0"
"70b60cae-7287778014421683463.mp4","0","0","1","0","0","0","0"
"70b94fd3-7541387037048442128.mp4","0","0","1","0","0","0","0"
"70c74650-7606429943404219669.mp4","0","0","1","0","0","0","0"
"71a0a665-7518021674625748231.mp4","0","0","1","0","0","0","0"
"71d9b772-7536769078820752647.mp4","0","0","1","0","0","0","0"
"71dfd2b8-7398226585800772882.mp4","0","0","1","0","0","0","0"
"72258392-7339174958951566594.mp4","0","0","1","0","0","0","0"
"73bd289f-7572545164913151240.mp4","0","0","1","0","0","0","0"
"745cd4d7-7586687909445618951.mp4","0","0","1","0","0","0","0"
"74ef68dd-7562169148764097810.mp4","0","0","1","0","0","0","0"
"75c3dc62-7511005495256288530.mp4","0","0","1","0","0","0","0"
"76b562a2-7495735489303940360.mp4","0","0","1","0","0","0","0"
"774d34b9-7512329478069177608.mp4","0","0","1","0","0","0","0"
"797efd87-7412224607811407112.mp4","0","0","1","0","0","0","0"
"7b5ba37b-7346628230054563079.mp4","0","0","1","0","0","0","0"
"7c053e0d-7576263827973623047.mp4","0","0","1","0","0","0","0"
"7c5aacca-7597769373687876884.mp4","0","0","1","0","0","0","0"
"7c84bd83-6972724354769620226.mp4","0","0","1","0","0","0","0"
"7ce76c72-7592623069005450514.mp4","0","0","1","0","0","0","0"
"7e11874e-7510418997737819400.mp4","0","0","1","0","0","0","0"
"7f768cf6-7528821652558253319.mp4","0","0","1","0","0","0","0"
"80e10076-7611509029675928853.mp4","0","0","1","0","0","0","0"
"836d9722-7615936259243986184.mp4","0","0","1","0","0","0","0"
"84df45ad-7593612262686919944.mp4","0","0","1","0","0","0","0"
"858b3244-7614056542203153682.mp4","0","0","1","0","0","0","0"
"85d4fe07-7599159073698893077.mp4","0","0","1","0","0","0","0"
"85f4921e-7570296391591906568.mp4","0","0","1","0","0","0","0"
"86ff5513-7601796766614179092.mp4","0","0","1","0","0","0","0"
"871b08f3-7208498981238869274.mp4","0","0","1","0","0","0","0"
"871f8c8b-6602406354076306689.mp4","0","0","1","0","0","0","0"
"872f9968-7466798725319494930.mp4","0","0","1","0","0","0","0"
"87f23841-7545810470465228039.mp4","0","0","1","0","0","0","0"
"88239441-7571061669162519816.mp4","0","0","1","0","0","0","0"
"884029b6-7482393078993603848.mp4","0","0","1","0","0","0","0"
"8844decf-7573312542424960264.mp4","0","0","1","0","0","1","0"
"89483d1e-7604670263120219408.mp4","0","0","1","0","0","0","0"
"89e9be63-7563724412181040405.mp4","0","0","1","0","0","0","0"
"8aab6a23-7284915035359546625.mp4","0","0","1","0","0","0","0"
"8ab45646-7513972758846393607.mp4","0","0","1","1","0","0","0"
"8b7b88a4-7592923403078667541.mp4","0","0","1","0","0","0","0"
"8b932a77-7274080125929426177.mp4","0","0","1","0","0","0","0"
"8bd4c7ed-7051922957916015873.mp4","0","0","1","0","0","0","0"
"8c204c99-7549554608243232021.mp4","0","0","1","0","0","0","0"
"8c30a014-7261631488066653445.mp4","0","0","1","0","0","0","0"
"8c3a9e7f-7609231269863394581.mp4","0","0","1","0","0","0","0"
"8c5c5de4-7289225248526961927.mp4","0","1","0","0","0","0","0"
"8cddc4ed-7506088971324116242.mp4","0","0","1","0","0","0","0"
"8ce50e37-7588451092212485393.mp4","0","0","1","0","0","0","0"
"8d66a1a5-7575764477631597832.mp4","0","0","1","0","0","0","0"
"8d7a53d3-7497581899259448594.mp4","0","0","1","0","0","0","0"
"8e92add0-7477100174242811154.mp4","0","0","1","0","0","0","0"
"93549e74-7556304606087761169.mp4","0","0","1","0","0","0","0"
"946941c1-7106673572491447557.mp4","0","0","1","0","0","0","0"
"9593d047-7497590290706861329.mp4","0","0","1","1","0","0","0"
"95aa70c5-7601097957093477639.mp4","0","0","1","0","0","0","0"
"95bb98db-7586006472299973896.mp4","0","0","1","0","0","0","0"
"96641e3d-7541606210005519623.mp4","0","0","1","1","0","0","0"
"96747876-7584318837726694676.mp4","0","0","1","0","0","0","0"
"9687a323-7591375130211798279.mp4","0","0","1","0","0","0","0"
"976134d4-7579247486066363656.mp4","0","0","1","0","0","0","0"
"97e0db8a-7615941843305483541.mp4","0","0","1","0","0","0","0"
"980a706d-7541789150991715591.mp4","0","0","1","0","0","0","0"
"98f51dcc-7599920631244770567.mp4","0","0","1","0","0","0","0"
"9919e5a6-7574654593330613524.mp4","0","0","1","0","0","0","0"
"9a841783-7435146906520636690.mp4","0","0","1","0","0","0","0"
"9a9e9982-7532202885136862482.mp4","0","0","1","0","0","0","0"
"9afcc242-7580001986255375634.mp4","0","0","1","0","0","0","0"
"9b7aaa6c-7603321468910325012.mp4","0","0","1","0","0","0","0"
"9cccb3c7-7607451684884843794.mp4","0","0","1","0","0","0","0"
"9df68a11-7602956570711952661.mp4","0","0","1","0","0","0","0"
"9f2b6b0b-7347194554417810689.mp4","0","0","1","0","0","0","0"
"9f2e789a-7603714436779625748.mp4","0","0","1","0","0","0","0"
"a071a663-7361925691253755153.mp4","0","0","1","0","0","0","0"
"a0e448f6-7460326862514867464.mp4","0","0","1","0","0","0","0"
"a130d2d1-7539765092112403730.mp4","0","0","1","0","0","0","0"
"a26cff96-7588145133338529031.mp4","0","0","1","0","0","0","0"
"a281d265-7417141139041422613.mp4","0","0","1","0","0","0","0"
"a2a4ecc2-7541343113160248594.mp4","0","0","1","0","0","0","0"
"a2de9c50-7586896155351502088.mp4","0","0","1","0","0","0","0"
"a4adbbb4-7611358164218416398.mp4","0","0","1","0","0","0","0"
"a5293e89-6902461746812865794.mp4","0","0","1","0","0","0","0"
"a60030a9-7336429744893857042.mp4","0","0","1","0","0","0","0"
"a65ae802-7615130760311229714.mp4","0","0","1","0","0","0","0"
"a67389dd-7554347973765762326.mp4","0","0","0","0","0","0","1"
"a79623fc-7570280942317735189.mp4","0","0","1","0","0","0","0"
"a7f1473e-7571758508530584853.mp4","0","0","1","0","0","0","0"
"a86a6db3-7613538222064323871.mp4","0","0","1","0","0","0","0"
"a884d624-7585532656935292181.mp4","0","0","1","0","0","0","0"
"a8f920d6-7566303905286507784.mp4","0","0","1","0","0","0","0"
"a96140ea-7612307530303180050.mp4","0","0","1","0","0","0","0"
"a989ea63-7578527186781555975.mp4","0","0","1","0","0","0","0"
"aa1444e9-7532169308655340818.mp4","0","0","1","0","0","0","0"
"ab0dcfae-7358386881723125025.mp4","0","0","1","0","0","0","0"
"ab370c37-7414104815011187976.mp4","0","0","1","0","0","0","0"
"abd9787b-7099674505055898906.mp4","0","0","1","0","0","0","0"
"abe4b589-7555941443962031367.mp4","0","0","1","0","0","0","0"
"ac3bd6c3-7559937484881186069.mp4","0","0","1","0","0","0","0"
"ad8afbd7-7509521211752271111.mp4","0","0","1","0","0","0","0"
"adc5052a-7488680653685345541.mp4","0","0","1","0","0","0","0"
"af18e0b2-7563671660088265992.mp4","0","0","1","0","0","0","0"
"af86e0cb-7588014429564931335.mp4","0","0","0","1","0","1","0"
"afaf949f-7588214280466599175.mp4","0","0","1","0","0","0","0"
"b0d13c9f-7522873845557021959.mp4","0","0","1","0","0","0","0"
"b145d94c-7369526330427264288.mp4","0","0","1","1","0","0","0"
"b1c978d8-7599310364433517832.mp4","0","0","1","1","0","0","0"
"b253409f-7582829578838674695.mp4","0","0","1","0","0","0","0"
"b25a1670-7416704654513278216.mp4","0","0","1","0","0","0","0"
"b27f0499-7599293073167764754.mp4","0","0","1","0","0","0","0"
"b336a765-7588050284023123221.mp4","0","0","1","0","0","0","0"
"b37f8571-7507903843582086418.mp4","0","0","1","0","0","0","0"
"b594236f-7564731053332647176.mp4","0","0","1","0","0","0","0"
"b59c0c50-7551284352538266888.mp4","0","0","1","0","0","0","0"
"b72ce647-7571317463686597908.mp4","0","0","1","0","0","0","0"
"b83000fc-7520288533295271186.mp4","0","0","1","0","0","0","0"
"b878c6aa-7274905559395077378.mp4","0","0","1","0","0","0","0"
"ba05e30d-7615264289443581191.mp4","0","0","1","0","0","0","0"
"bae01fad-7492451001316674824.mp4","0","0","1","0","0","0","0"
"bbe329c3-7600750058996256021.mp4","0","0","1","0","0","0","0"
"bc1ff1c2-7561663150521617671.mp4","0","0","1","0","0","0","0"
"bccf5eea-7545122012025425170.mp4","0","0","1","0","0","0","0"
"bcd30636-7603621099384917256.mp4","0","0","1","0","0","0","0"
"bd900b5a-7311945684754681090.mp4","0","0","1","0","0","0","0"
"bda9027a-7611823915823877396.mp4","0","0","1","0","0","0","0"
"be257fc0-7140244882676895002.mp4","0","0","1","0","0","0","0"
"be7b4b90-7582194862921895186.mp4","0","0","1","0","0","0","0"
"becf245a-7522716328533249287.mp4","0","0","1","0","0","0","0"
"c11987f9-7562791125715586324.mp4","0","0","1","0","0","0","0"
"c15db972-7495777302437956872.mp4","0","0","1","0","0","0","0"
"c1b11bc4-7562016524324703506.mp4","0","0","1","0","0","0","0"
"c49facbb-7492995201451969799.mp4","0","0","1","0","0","0","0"
"c4f389ae-7109816830620945691.mp4","0","0","1","0","0","0","0"
"c69a7e2f-7531062012391001352.mp4","0","0","1","0","0","0","0"
"c766a193-7351801908371131664.mp4","0","0","1","0","0","0","0"
"c76d3998-7578708472192077076.mp4","0","0","1","0","0","0","0"
"c7afe0c2-7571442742748794128.mp4","0","0","1","0","0","0","0"
"c85e6898-7392599831761407250.mp4","0","0","1","0","0","0","0"
"c8f817fc-7320599496214334738.mp4","0","0","1","0","0","0","0"
"c9a156ed-7610994744251993360.mp4","0","0","1","0","0","0","0"
"c9ae4889-7408539732700859655.mp4","0","0","1","0","0","0","0"
"ca95fc23-7569884653746736392.mp4","0","0","1","0","0","0","0"
"cbc8a65e-7487180640257838342.mp4","0","0","1","0","0","0","0"
"cbd9b67e-7461866956434459922.mp4","0","0","1","0","0","0","0"
"cbfbcd1f-7316592877855919368.mp4","0","0","1","0","0","0","0"
"ccc71630-7593706261946944786.mp4","0","0","0","0","0","0","0"
"cd7607f4-7548131323848838407.mp4","0","0","1","0","0","0","0"
"cd906c81-7489415364636380421.mp4","0","0","1","0","0","0","0"
"cd9d38b2-7495067928568581392.mp4","0","0","1","0","0","0","0"
"ce2156df-7556143730198105351.mp4","0","0","1","0","0","0","0"
"ced10827-7419959098638208263.mp4","0","0","1","0","0","0","0"
"cf7b31fa-7609568133254270226.mp4","0","0","1","0","0","0","0"
"cf814c7d-7530864109592644882.mp4","0","0","1","0","0","0","0"
"cfc47dd5-7602241388461198613.mp4","0","0","1","0","0","0","0"
"d06ed5f9-7529015013386767634.mp4","0","0","1","0","0","0","0"
"d15bb7dc-7616584259033206034.mp4","0","0","1","0","0","0","0"
"d1ae16c0-7520594742359379218.mp4","0","0","1","0","0","0","0"
"d37108d6-7490226828951440695.mp4","0","0","1","0","0","0","0"
"d4ebd63c-7310069566577659138.mp4","0","0","1","0","0","0","0"
"d5267bc5-7406291723548232961.mp4","0","0","1","0","0","0","0"
"d5d5e5f6-7587348104022641940.mp4","0","0","1","0","0","0","0"
"d6a073fe-7359944165104323841.mp4","0","0","1","0","0","0","0"
"d6bac1ab-7492672203360685320.mp4","0","0","1","0","0","0","0"
"d70def66-7502834416125857031.mp4","0","0","1","0","0","0","0"
"d74cabd2-7264086546008100098.mp4","0","0","1","0","0","0","0"
"d7b67e85-7293916679921323266.mp4","0","0","1","0","0","0","0"
"d8acd18b-7395544796762361105.mp4","0","0","1","0","0","0","0"
"d8e9aaa8-7595215753905835282.mp4","0","0","1","0","0","0","0"
"d93bbfe7-7615616638867623188.mp4","0","0","1","0","0","0","0"
"d9b75abb-7264916735868914952.mp4","0","0","1","0","0","0","0"
"db5ff339-7280550313579318561.mp4","0","0","1","0","0","0","0"
"dc6ddc6c-7585037952049351956.mp4","0","0","1","0","0","0","0"
"dc6f8d71-7505086363604110609.mp4","0","0","1","0","0","0","0"
"dcb5329c-7559115920828910856.mp4","0","0","1","0","0","0","0"
"dd2a4ae8-7553626301735652629.mp4","0","0","1","0","0","0","0"
"df7802a7-7111924563994332443.mp4","0","0","1","0","0","0","0"
"dfcba18f-7516140041702345990.mp4","0","0","1","0","0","0","0"
"e1ea7f86-7566973916195949832.mp4","0","0","1","0","0","0","0"
"e2285f90-7590924482492026132.mp4","0","0","1","0","0","0","0"
"e33053b1-7615927476509887775.mp4","0","0","1","0","0","0","0"
"e34f1c53-7578535230630382855.mp4","0","0","1","0","0","0","0"
"e3c094ee-7603360471701572885.mp4","0","0","1","0","0","0","0"
"e505663b-7114151779889106203.mp4","0","0","1","0","0","0","0"
"e5107ca7-7505850513645128967.mp4","0","0","1","0","0","0","0"
"e6363449-7571096955690945812.mp4","0","0","1","0","0","0","0"
"e6739bbf-7547253384923925768.mp4","0","0","1","0","0","0","0"
"e7605d81-7607710804816825608.mp4","0","0","1","0","0","0","0"
"e82a21d0-7441928841687338247.mp4","0","0","1","0","0","0","0"
"e8abc24a-7214840592734489883.mp4","0","0","1","0","0","0","0"
"e907f4b4-7607268284769045780.mp4","0","0","1","0","0","0","0"
"e92d182b-7320218379871177986.mp4","0","0","1","0","0","0","0"
"e96c09c8-7566222537496005908.mp4","0","0","1","0","0","0","0"
"eba5b00b-7559250887944785159.mp4","0","0","1","0","0","0","0"
"ebd243b3-7592470363506822407.mp4","0","0","1","0","0","0","0"
"ee05903e-7436728492886199553.mp4","0","0","1","0","0","0","0"
"ef2b9eef-7577766791619955986.mp4","0","0","1","0","0","0","0"
"eff32bbf-7207079205262183686.mp4","0","0","1","0","0","0","0"
"f06b7ef1-7550919429559831829.mp4","0","0","1","0","0","0","0"
"f203c251-7556635612430830856.mp4","0","0","1","0","0","0","0"
"f2177893-7615613729232768273.mp4","0","0","1","0","0","0","0"
"f36c6313-7588777100857986322.mp4","0","0","1","0","0","0","0"
"f46a28b9-7429572405682539784.mp4","0","0","1","0","0","0","0"
"f4a32619-7524171678444834055.mp4","0","0","1","0","0","0","0"
"f4e6be3c-7584834639471086856.mp4","0","0","1","0","0","0","0"
"f5922969-7571337346948386055.mp4","0","0","1","0","0","0","0"
"f59932b9-7611127412935494930.mp4","0","0","1","0","0","0","0"
"f64e5b2b-7528994691459632404.mp4","0","0","1","0","0","0","0"
"f9ecfad3-7581359062583954696.mp4","0","0","1","0","0","0","0"
"fa9668db-7500964051715886343.mp4","0","0","1","0","0","0","0"
"fba353b5-7543184464076131585.mp4","0","0","0","1","0","0","0"
"fc01dc89-7455345386216099079.mp4","0","0","1","0","0","0","0"
"fc1a5fb7-7611001224019627285.mp4","0","0","1","0","0","0","0"
"fc2223f8-7580171410501405960.mp4","0","0","1","0","0","0","0"
"fc542ded-7490515462212635922.mp4","0","0","1","0","0","0","0"
"fca047b0-7001503354484477186.mp4","0","0","1","0","0","0","0"
"fca08e06-7601400455113116935.mp4","0","0","1","0","0","0","0"
"fdc6177b-7597015930811518215.mp4","0","0","1","0","0","0","0"
"fe8a1397-7300431797303741703.mp4","0","0","1","0","0","0","0"
"fef739af-7559252789755399442.mp4","0","0","1","0","0","0","0"
